2025-01-01 21:43:04 [main] DEBUG org.hibernate.SQL - 
    drop table if exists parts cascade 
2025-01-01 21:43:04 [main] DEBUG org.hibernate.SQL - 
    drop table if exists sectors cascade 
2025-01-01 21:43:04 [main] DEBUG org.hibernate.SQL - 
    create table parts (
        actives boolean not null,
        quantities float(53) not null,
        version integer,
        cods bigint not null,
        id bigint generated by default as identity,
        sector bigint,
        names varchar(255) not null,
        images blob not null,
        primary key (id)
    )
2025-01-01 21:43:04 [main] DEBUG org.hibernate.SQL - 
    create table sectors (
        actives boolean not null,
        version integer,
        id bigint generated by default as identity,
        columns varchar(255) not null,
        row_data varchar(255) not null,
        sector varchar(255) not null,
        shelves varchar(255) not null,
        primary key (id)
    )
2025-01-01 21:43:04 [main] DEBUG org.hibernate.SQL - 
    alter table if exists parts 
       add constraint FK44bpbjjhvt2bd6spralcvfki7 
       foreign key (sector) 
       references sectors
2025-01-01 21:43:09 [main] DEBUG org.hibernate.SQL - 
    select
        s1_0.id 
    from
        sectors s1_0 
    where
        s1_0.sector=? 
        and s1_0.shelves=? 
        and s1_0.columns=? 
        and s1_0.row_data=? 
    fetch
        first ? rows only
2025-01-01 21:43:09 [main] DEBUG org.hibernate.SQL - 
    insert 
    into
        sectors
        (actives, columns, row_data, sector, shelves, version, id) 
    values
        (?, ?, ?, ?, ?, ?, default)
2025-01-01 21:43:09 [SpringApplicationShutdownHook] DEBUG org.hibernate.SQL - 
    drop table if exists parts cascade 
2025-01-01 21:43:09 [SpringApplicationShutdownHook] DEBUG org.hibernate.SQL - 
    drop table if exists sectors cascade 
2025-01-01 21:45:03 [http-nio-8080-exec-2] DEBUG org.hibernate.SQL - select s1_0.id,s1_0.actives,s1_0.columns,s1_0.row_data,s1_0.sector,s1_0.shelves,s1_0.version from sectors s1_0 where s1_0.actives order by s1_0.id limit ?
2025-01-01 21:45:03 [http-nio-8080-exec-2] DEBUG org.hibernate.SQL - select p1_0.sector,p1_0.id,p1_0.actives,p1_0.quantities,p1_0.cods,p1_0.images,p1_0.names,p1_0.version from parts p1_0 where p1_0.sector=?
2025-01-01 21:45:03 [http-nio-8080-exec-2] DEBUG org.hibernate.SQL - select p1_0.sector,p1_0.id,p1_0.actives,p1_0.quantities,p1_0.cods,p1_0.images,p1_0.names,p1_0.version from parts p1_0 where p1_0.sector=?
2025-01-01 21:45:03 [http-nio-8080-exec-2] DEBUG org.hibernate.SQL - select p1_0.sector,p1_0.id,p1_0.actives,p1_0.quantities,p1_0.cods,p1_0.images,p1_0.names,p1_0.version from parts p1_0 where p1_0.sector=?
2025-01-01 21:45:03 [http-nio-8080-exec-2] DEBUG org.hibernate.SQL - select p1_0.sector,p1_0.id,p1_0.actives,p1_0.quantities,p1_0.cods,p1_0.images,p1_0.names,p1_0.version from parts p1_0 where p1_0.sector=?
2025-01-01 21:45:44 [http-nio-8080-exec-5] DEBUG org.hibernate.SQL - select s1_0.id,s1_0.actives,s1_0.columns,s1_0.row_data,s1_0.sector,s1_0.shelves,s1_0.version from sectors s1_0 where s1_0.id=?
2025-01-01 21:45:44 [http-nio-8080-exec-5] DEBUG org.hibernate.SQL - select p1_0.id from parts p1_0 where p1_0.cods=? and p1_0.names=? and p1_0.sector=? limit ?
2025-01-01 21:45:45 [http-nio-8080-exec-5] DEBUG org.hibernate.SQL - insert into parts (actives,quantities,cods,images,names,sector,version) values (?,?,?,?,?,?,?)
2025-01-01 21:45:50 [http-nio-8080-exec-6] DEBUG org.hibernate.SQL - select p1_0.id,p1_0.actives,p1_0.quantities,p1_0.cods,p1_0.images,p1_0.names,p1_0.sector,p1_0.version from parts p1_0 where p1_0.actives order by p1_0.id limit ?
2025-01-01 21:45:50 [http-nio-8080-exec-6] DEBUG org.hibernate.SQL - select s1_0.id,s1_0.actives,s1_0.columns,s1_0.row_data,s1_0.sector,s1_0.shelves,s1_0.version from sectors s1_0 where s1_0.id=?
2025-01-01 21:45:54 [http-nio-8080-exec-10] DEBUG org.hibernate.SQL - select p1_0.id,p1_0.actives,p1_0.quantities,p1_0.cods,p1_0.images,p1_0.names,p1_0.sector,p1_0.version from parts p1_0 where p1_0.id=? and p1_0.actives
2025-01-01 21:45:54 [http-nio-8080-exec-10] DEBUG org.hibernate.SQL - select s1_0.id,s1_0.actives,s1_0.columns,s1_0.row_data,s1_0.sector,s1_0.shelves,s1_0.version from sectors s1_0 where s1_0.id=?
2025-01-01 21:47:21 [http-nio-8080-exec-9] DEBUG org.hibernate.SQL - select p1_0.id,p1_0.actives,p1_0.quantities,p1_0.cods,p1_0.images,p1_0.names,s1_0.id,s1_0.actives,s1_0.columns,s1_0.row_data,s1_0.sector,s1_0.shelves,s1_0.version,p1_0.version from parts p1_0 left join sectors s1_0 on s1_0.id=p1_0.sector where p1_0.id=?
2025-01-01 21:47:21 [http-nio-8080-exec-9] DEBUG org.hibernate.SQL - select s1_0.id,s1_0.actives,s1_0.columns,s1_0.row_data,s1_0.sector,s1_0.shelves,s1_0.version from sectors s1_0 where s1_0.id=? and s1_0.actives
2025-01-01 21:47:21 [http-nio-8080-exec-9] DEBUG org.hibernate.SQL - update parts set actives=?,quantities=?,cods=?,images=?,names=?,sector=?,version=? where id=? and version=?
2025-01-01 21:47:21 [http-nio-8080-exec-1] DEBUG org.hibernate.SQL - select p1_0.id,p1_0.actives,p1_0.quantities,p1_0.cods,p1_0.images,p1_0.names,p1_0.sector,p1_0.version from parts p1_0 where p1_0.id=? and p1_0.actives
2025-01-01 21:47:21 [http-nio-8080-exec-1] DEBUG org.hibernate.SQL - select s1_0.id,s1_0.actives,s1_0.columns,s1_0.row_data,s1_0.sector,s1_0.shelves,s1_0.version from sectors s1_0 where s1_0.id=?
2025-01-01 21:47:25 [http-nio-8080-exec-5] DEBUG org.hibernate.SQL - select p1_0.id,p1_0.actives,p1_0.quantities,p1_0.cods,p1_0.images,p1_0.names,p1_0.sector,p1_0.version from parts p1_0 where p1_0.actives order by p1_0.id limit ?
2025-01-01 21:47:25 [http-nio-8080-exec-5] DEBUG org.hibernate.SQL - select s1_0.id,s1_0.actives,s1_0.columns,s1_0.row_data,s1_0.sector,s1_0.shelves,s1_0.version from sectors s1_0 where s1_0.id=?
2025-01-01 21:52:22 [http-nio-8080-exec-4] DEBUG org.hibernate.SQL - select p1_0.id,p1_0.actives,p1_0.quantities,p1_0.cods,p1_0.images,p1_0.names,s1_0.id,s1_0.actives,s1_0.columns,s1_0.row_data,s1_0.sector,s1_0.shelves,s1_0.version,p1_0.version from parts p1_0 left join sectors s1_0 on s1_0.id=p1_0.sector where p1_0.id=?
2025-01-01 21:52:22 [http-nio-8080-exec-4] DEBUG org.hibernate.SQL - select s1_0.id,s1_0.actives,s1_0.columns,s1_0.row_data,s1_0.sector,s1_0.shelves,s1_0.version from sectors s1_0 where s1_0.id is null and s1_0.actives
2025-01-01 21:52:22 [http-nio-8080-exec-3] DEBUG org.hibernate.SQL - select p1_0.id,p1_0.actives,p1_0.quantities,p1_0.cods,p1_0.images,p1_0.names,p1_0.sector,p1_0.version from parts p1_0 where p1_0.id=? and p1_0.actives
2025-01-01 21:52:22 [http-nio-8080-exec-3] DEBUG org.hibernate.SQL - select s1_0.id,s1_0.actives,s1_0.columns,s1_0.row_data,s1_0.sector,s1_0.shelves,s1_0.version from sectors s1_0 where s1_0.id=?
2025-01-02 01:39:49 [main] DEBUG org.hibernate.SQL - 
    drop table if exists parts cascade 
2025-01-02 01:39:49 [main] DEBUG org.hibernate.SQL - 
    drop table if exists sectors cascade 
2025-01-02 01:39:49 [main] DEBUG org.hibernate.SQL - 
    create table parts (
        actives boolean not null,
        quantities float(53) not null,
        version integer,
        cods bigint not null,
        id bigint generated by default as identity,
        sector bigint,
        names varchar(255) not null,
        images blob not null,
        primary key (id)
    )
2025-01-02 01:39:49 [main] DEBUG org.hibernate.SQL - 
    create table sectors (
        actives boolean not null,
        version integer,
        id bigint generated by default as identity,
        columns varchar(255) not null,
        row_data varchar(255) not null,
        sector varchar(255) not null,
        shelves varchar(255) not null,
        primary key (id)
    )
2025-01-02 01:39:49 [main] DEBUG org.hibernate.SQL - 
    alter table if exists parts 
       add constraint FK44bpbjjhvt2bd6spralcvfki7 
       foreign key (sector) 
       references sectors
2025-01-02 01:40:01 [main] DEBUG org.hibernate.SQL - 
    select
        s1_0.id,
        s1_0.actives,
        s1_0.columns,
        s1_0.row_data,
        s1_0.sector,
        s1_0.shelves,
        s1_0.version 
    from
        sectors s1_0 
    where
        s1_0.actives 
    order by
        s1_0.id 
    fetch
        first ? rows only
2025-01-02 01:40:02 [SpringApplicationShutdownHook] DEBUG org.hibernate.SQL - 
    drop table if exists parts cascade 
2025-01-02 01:40:02 [SpringApplicationShutdownHook] DEBUG org.hibernate.SQL - 
    drop table if exists sectors cascade 
2025-01-02 01:50:38 [main] DEBUG org.hibernate.SQL - 
    drop table if exists parts cascade 
2025-01-02 01:50:38 [main] DEBUG org.hibernate.SQL - 
    drop table if exists sectors cascade 
2025-01-02 01:50:38 [main] DEBUG org.hibernate.SQL - 
    create table parts (
        actives boolean not null,
        quantities float(53) not null,
        version integer,
        cods bigint not null,
        id bigint generated by default as identity,
        sector bigint,
        names varchar(255) not null,
        images blob not null,
        primary key (id)
    )
2025-01-02 01:50:38 [main] DEBUG org.hibernate.SQL - 
    create table sectors (
        actives boolean not null,
        version integer,
        id bigint generated by default as identity,
        columns varchar(255) not null,
        row_data varchar(255) not null,
        sector varchar(255) not null,
        shelves varchar(255) not null,
        primary key (id)
    )
2025-01-02 01:50:38 [main] DEBUG org.hibernate.SQL - 
    alter table if exists parts 
       add constraint FK44bpbjjhvt2bd6spralcvfki7 
       foreign key (sector) 
       references sectors
2025-01-02 01:50:43 [main] DEBUG org.hibernate.SQL - 
    select
        s1_0.id 
    from
        sectors s1_0 
    where
        s1_0.sector=? 
        and s1_0.shelves=? 
        and s1_0.columns=? 
        and s1_0.row_data=? 
    fetch
        first ? rows only
2025-01-02 01:50:43 [main] DEBUG org.hibernate.SQL - 
    insert 
    into
        sectors
        (actives, columns, row_data, sector, shelves, version, id) 
    values
        (?, ?, ?, ?, ?, ?, default)
2025-01-02 01:50:43 [SpringApplicationShutdownHook] DEBUG org.hibernate.SQL - 
    drop table if exists parts cascade 
2025-01-02 01:50:43 [SpringApplicationShutdownHook] DEBUG org.hibernate.SQL - 
    drop table if exists sectors cascade 
2025-01-02 01:54:01 [main] DEBUG org.hibernate.SQL - 
    drop table if exists parts cascade 
2025-01-02 01:54:01 [main] DEBUG org.hibernate.SQL - 
    drop table if exists sectors cascade 
2025-01-02 01:54:01 [main] DEBUG org.hibernate.SQL - 
    create table parts (
        actives boolean not null,
        quantities float(53) not null,
        version integer,
        cods bigint not null,
        id bigint generated by default as identity,
        sector bigint,
        names varchar(255) not null,
        images blob not null,
        primary key (id)
    )
2025-01-02 01:54:01 [main] DEBUG org.hibernate.SQL - 
    create table sectors (
        actives boolean not null,
        version integer,
        id bigint generated by default as identity,
        columns varchar(255) not null,
        row_data varchar(255) not null,
        sector varchar(255) not null,
        shelves varchar(255) not null,
        primary key (id)
    )
2025-01-02 01:54:01 [main] DEBUG org.hibernate.SQL - 
    alter table if exists parts 
       add constraint FK44bpbjjhvt2bd6spralcvfki7 
       foreign key (sector) 
       references sectors
2025-01-02 01:54:06 [main] DEBUG org.hibernate.SQL - 
    select
        s1_0.id 
    from
        sectors s1_0 
    where
        s1_0.sector=? 
        and s1_0.shelves=? 
        and s1_0.columns=? 
        and s1_0.row_data=? 
    fetch
        first ? rows only
2025-01-02 01:54:06 [main] DEBUG org.hibernate.SQL - 
    insert 
    into
        sectors
        (actives, columns, row_data, sector, shelves, version, id) 
    values
        (?, ?, ?, ?, ?, ?, default)
2025-01-02 01:54:07 [SpringApplicationShutdownHook] DEBUG org.hibernate.SQL - 
    drop table if exists parts cascade 
2025-01-02 01:54:07 [SpringApplicationShutdownHook] DEBUG org.hibernate.SQL - 
    drop table if exists sectors cascade 
2025-01-02 01:55:58 [main] DEBUG org.hibernate.SQL - 
    drop table if exists parts cascade 
2025-01-02 01:55:58 [main] DEBUG org.hibernate.SQL - 
    drop table if exists sectors cascade 
2025-01-02 01:55:58 [main] DEBUG org.hibernate.SQL - 
    create table parts (
        actives boolean not null,
        quantities float(53) not null,
        version integer,
        cods bigint not null,
        id bigint generated by default as identity,
        sector bigint,
        names varchar(255) not null,
        images blob not null,
        primary key (id)
    )
2025-01-02 01:55:58 [main] DEBUG org.hibernate.SQL - 
    create table sectors (
        actives boolean not null,
        version integer,
        id bigint generated by default as identity,
        columns varchar(255) not null,
        row_data varchar(255) not null,
        sector varchar(255) not null,
        shelves varchar(255) not null,
        primary key (id)
    )
2025-01-02 01:55:58 [main] DEBUG org.hibernate.SQL - 
    alter table if exists parts 
       add constraint FK44bpbjjhvt2bd6spralcvfki7 
       foreign key (sector) 
       references sectors
2025-01-02 01:56:03 [main] DEBUG org.hibernate.SQL - 
    select
        s1_0.id 
    from
        sectors s1_0 
    where
        s1_0.sector=? 
        and s1_0.shelves=? 
        and s1_0.columns=? 
        and s1_0.row_data=? 
    fetch
        first ? rows only
2025-01-02 01:56:03 [main] DEBUG org.hibernate.SQL - 
    insert 
    into
        sectors
        (actives, columns, row_data, sector, shelves, version, id) 
    values
        (?, ?, ?, ?, ?, ?, default)
2025-01-02 01:56:04 [SpringApplicationShutdownHook] DEBUG org.hibernate.SQL - 
    drop table if exists parts cascade 
2025-01-02 01:56:04 [SpringApplicationShutdownHook] DEBUG org.hibernate.SQL - 
    drop table if exists sectors cascade 
2025-01-02 01:59:45 [main] DEBUG org.hibernate.SQL - 
    drop table if exists parts cascade 
2025-01-02 01:59:45 [main] DEBUG org.hibernate.SQL - 
    drop table if exists sectors cascade 
2025-01-02 01:59:45 [main] DEBUG org.hibernate.SQL - 
    create table parts (
        actives boolean not null,
        quantities float(53) not null,
        version integer,
        cods bigint not null,
        id bigint generated by default as identity,
        sector bigint,
        names varchar(255) not null,
        images blob not null,
        primary key (id)
    )
2025-01-02 01:59:45 [main] DEBUG org.hibernate.SQL - 
    create table sectors (
        actives boolean not null,
        version integer,
        id bigint generated by default as identity,
        columns varchar(255) not null,
        row_data varchar(255) not null,
        sector varchar(255) not null,
        shelves varchar(255) not null,
        primary key (id)
    )
2025-01-02 01:59:45 [main] DEBUG org.hibernate.SQL - 
    alter table if exists parts 
       add constraint FK44bpbjjhvt2bd6spralcvfki7 
       foreign key (sector) 
       references sectors
2025-01-02 01:59:51 [main] DEBUG org.hibernate.SQL - 
    select
        s1_0.id 
    from
        sectors s1_0 
    where
        s1_0.sector=? 
        and s1_0.shelves=? 
        and s1_0.columns=? 
        and s1_0.row_data=? 
    fetch
        first ? rows only
2025-01-02 01:59:51 [main] DEBUG org.hibernate.SQL - 
    insert 
    into
        sectors
        (actives, columns, row_data, sector, shelves, version, id) 
    values
        (?, ?, ?, ?, ?, ?, default)
2025-01-02 01:59:51 [SpringApplicationShutdownHook] DEBUG org.hibernate.SQL - 
    drop table if exists parts cascade 
2025-01-02 01:59:51 [SpringApplicationShutdownHook] DEBUG org.hibernate.SQL - 
    drop table if exists sectors cascade 
2025-01-02 02:01:29 [main] DEBUG org.hibernate.SQL - 
    drop table if exists parts cascade 
2025-01-02 02:01:29 [main] DEBUG org.hibernate.SQL - 
    drop table if exists sectors cascade 
2025-01-02 02:01:29 [main] DEBUG org.hibernate.SQL - 
    create table parts (
        actives boolean not null,
        quantities float(53) not null,
        version integer,
        cods bigint not null,
        id bigint generated by default as identity,
        sector bigint,
        names varchar(255) not null,
        images blob not null,
        primary key (id)
    )
2025-01-02 02:01:29 [main] DEBUG org.hibernate.SQL - 
    create table sectors (
        actives boolean not null,
        version integer,
        id bigint generated by default as identity,
        columns varchar(255) not null,
        row_data varchar(255) not null,
        sector varchar(255) not null,
        shelves varchar(255) not null,
        primary key (id)
    )
2025-01-02 02:01:29 [main] DEBUG org.hibernate.SQL - 
    alter table if exists parts 
       add constraint FK44bpbjjhvt2bd6spralcvfki7 
       foreign key (sector) 
       references sectors
2025-01-02 02:01:34 [main] DEBUG org.hibernate.SQL - 
    select
        s1_0.id,
        s1_0.actives,
        s1_0.columns,
        s1_0.row_data,
        s1_0.sector,
        s1_0.shelves,
        s1_0.version 
    from
        sectors s1_0 
    where
        s1_0.actives 
    order by
        s1_0.id 
    fetch
        first ? rows only
2025-01-02 02:01:34 [SpringApplicationShutdownHook] DEBUG org.hibernate.SQL - 
    drop table if exists parts cascade 
2025-01-02 02:01:34 [SpringApplicationShutdownHook] DEBUG org.hibernate.SQL - 
    drop table if exists sectors cascade 
2025-01-02 02:04:27 [main] DEBUG org.hibernate.SQL - 
    drop table if exists parts cascade 
2025-01-02 02:04:27 [main] DEBUG org.hibernate.SQL - 
    drop table if exists sectors cascade 
2025-01-02 02:04:27 [main] DEBUG org.hibernate.SQL - 
    create table parts (
        actives boolean not null,
        quantities float(53) not null,
        version integer,
        cods bigint not null,
        id bigint generated by default as identity,
        sector bigint,
        names varchar(255) not null,
        images blob not null,
        primary key (id)
    )
2025-01-02 02:04:27 [main] DEBUG org.hibernate.SQL - 
    create table sectors (
        actives boolean not null,
        version integer,
        id bigint generated by default as identity,
        columns varchar(255) not null,
        row_data varchar(255) not null,
        sector varchar(255) not null,
        shelves varchar(255) not null,
        primary key (id)
    )
2025-01-02 02:04:27 [main] DEBUG org.hibernate.SQL - 
    alter table if exists parts 
       add constraint FK44bpbjjhvt2bd6spralcvfki7 
       foreign key (sector) 
       references sectors
2025-01-02 02:04:31 [main] DEBUG org.hibernate.SQL - 
    select
        s1_0.id,
        s1_0.actives,
        s1_0.columns,
        s1_0.row_data,
        s1_0.sector,
        s1_0.shelves,
        s1_0.version 
    from
        sectors s1_0 
    where
        s1_0.actives 
    order by
        s1_0.id 
    fetch
        first ? rows only
2025-01-02 02:04:32 [SpringApplicationShutdownHook] DEBUG org.hibernate.SQL - 
    drop table if exists parts cascade 
2025-01-02 02:04:32 [SpringApplicationShutdownHook] DEBUG org.hibernate.SQL - 
    drop table if exists sectors cascade 
2025-01-02 02:08:52 [main] DEBUG org.hibernate.SQL - 
    drop table if exists parts cascade 
2025-01-02 02:08:52 [main] DEBUG org.hibernate.SQL - 
    drop table if exists sectors cascade 
2025-01-02 02:08:52 [main] DEBUG org.hibernate.SQL - 
    create table parts (
        actives boolean not null,
        quantities float(53) not null,
        version integer,
        cods bigint not null,
        id bigint generated by default as identity,
        sector bigint,
        names varchar(255) not null,
        images blob not null,
        primary key (id)
    )
2025-01-02 02:08:52 [main] DEBUG org.hibernate.SQL - 
    create table sectors (
        actives boolean not null,
        version integer,
        id bigint generated by default as identity,
        columns varchar(255) not null,
        row_data varchar(255) not null,
        sector varchar(255) not null,
        shelves varchar(255) not null,
        primary key (id)
    )
2025-01-02 02:08:52 [main] DEBUG org.hibernate.SQL - 
    alter table if exists parts 
       add constraint FK44bpbjjhvt2bd6spralcvfki7 
       foreign key (sector) 
       references sectors
2025-01-02 02:08:57 [main] DEBUG org.hibernate.SQL - 
    select
        s1_0.id,
        s1_0.actives,
        s1_0.columns,
        s1_0.row_data,
        s1_0.sector,
        s1_0.shelves,
        s1_0.version 
    from
        sectors s1_0 
    where
        s1_0.actives 
    order by
        s1_0.id 
    fetch
        first ? rows only
2025-01-02 02:08:57 [SpringApplicationShutdownHook] DEBUG org.hibernate.SQL - 
    drop table if exists parts cascade 
2025-01-02 02:08:57 [SpringApplicationShutdownHook] DEBUG org.hibernate.SQL - 
    drop table if exists sectors cascade 
2025-01-02 02:09:33 [main] DEBUG org.hibernate.SQL - 
    drop table if exists parts cascade 
2025-01-02 02:09:33 [main] DEBUG org.hibernate.SQL - 
    drop table if exists sectors cascade 
2025-01-02 02:09:33 [main] DEBUG org.hibernate.SQL - 
    create table parts (
        actives boolean not null,
        quantities float(53) not null,
        version integer,
        cods bigint not null,
        id bigint generated by default as identity,
        sector bigint,
        names varchar(255) not null,
        images blob not null,
        primary key (id)
    )
2025-01-02 02:09:33 [main] DEBUG org.hibernate.SQL - 
    create table sectors (
        actives boolean not null,
        version integer,
        id bigint generated by default as identity,
        columns varchar(255) not null,
        row_data varchar(255) not null,
        sector varchar(255) not null,
        shelves varchar(255) not null,
        primary key (id)
    )
2025-01-02 02:09:33 [main] DEBUG org.hibernate.SQL - 
    alter table if exists parts 
       add constraint FK44bpbjjhvt2bd6spralcvfki7 
       foreign key (sector) 
       references sectors
2025-01-02 02:09:37 [main] DEBUG org.hibernate.SQL - 
    select
        s1_0.id,
        s1_0.actives,
        s1_0.columns,
        s1_0.row_data,
        s1_0.sector,
        s1_0.shelves,
        s1_0.version 
    from
        sectors s1_0 
    where
        s1_0.actives 
    order by
        s1_0.id 
    fetch
        first ? rows only
2025-01-02 02:09:38 [main] DEBUG org.hibernate.SQL - 
    select
        s1_0.id 
    from
        sectors s1_0 
    where
        s1_0.sector=? 
        and s1_0.shelves=? 
        and s1_0.columns=? 
        and s1_0.row_data=? 
    fetch
        first ? rows only
2025-01-02 02:09:38 [main] DEBUG org.hibernate.SQL - 
    insert 
    into
        sectors
        (actives, columns, row_data, sector, shelves, version, id) 
    values
        (?, ?, ?, ?, ?, ?, default)
2025-01-02 02:09:38 [SpringApplicationShutdownHook] DEBUG org.hibernate.SQL - 
    drop table if exists parts cascade 
2025-01-02 02:09:38 [SpringApplicationShutdownHook] DEBUG org.hibernate.SQL - 
    drop table if exists sectors cascade 
2025-01-02 02:11:37 [main] DEBUG org.hibernate.SQL - 
    drop table if exists parts cascade 
2025-01-02 02:11:37 [main] DEBUG org.hibernate.SQL - 
    drop table if exists sectors cascade 
2025-01-02 02:11:37 [main] DEBUG org.hibernate.SQL - 
    create table parts (
        actives boolean not null,
        quantities float(53) not null,
        version integer,
        cods bigint not null,
        id bigint generated by default as identity,
        sector bigint,
        names varchar(255) not null,
        images blob not null,
        primary key (id)
    )
2025-01-02 02:11:37 [main] DEBUG org.hibernate.SQL - 
    create table sectors (
        actives boolean not null,
        version integer,
        id bigint generated by default as identity,
        columns varchar(255) not null,
        row_data varchar(255) not null,
        sector varchar(255) not null,
        shelves varchar(255) not null,
        primary key (id)
    )
2025-01-02 02:11:37 [main] DEBUG org.hibernate.SQL - 
    alter table if exists parts 
       add constraint FK44bpbjjhvt2bd6spralcvfki7 
       foreign key (sector) 
       references sectors
2025-01-02 02:11:41 [main] DEBUG org.hibernate.SQL - 
    select
        s1_0.id,
        s1_0.actives,
        s1_0.columns,
        s1_0.row_data,
        s1_0.sector,
        s1_0.shelves,
        s1_0.version 
    from
        sectors s1_0 
    where
        s1_0.actives 
    order by
        s1_0.id 
    fetch
        first ? rows only
2025-01-02 02:11:41 [SpringApplicationShutdownHook] DEBUG org.hibernate.SQL - 
    drop table if exists parts cascade 
2025-01-02 02:11:41 [SpringApplicationShutdownHook] DEBUG org.hibernate.SQL - 
    drop table if exists sectors cascade 
2025-01-02 16:13:05 [main] DEBUG org.hibernate.SQL - 
    drop table if exists parts cascade 
2025-01-02 16:13:05 [main] DEBUG org.hibernate.SQL - 
    drop table if exists sectors cascade 
2025-01-02 16:13:05 [main] DEBUG org.hibernate.SQL - 
    create table parts (
        actives boolean not null,
        quantities float(53) not null,
        version integer,
        cods bigint not null,
        id bigint generated by default as identity,
        sector bigint,
        names varchar(255) not null,
        images blob not null,
        primary key (id)
    )
2025-01-02 16:13:05 [main] DEBUG org.hibernate.SQL - 
    create table sectors (
        actives boolean not null,
        version integer,
        id bigint generated by default as identity,
        columns varchar(255) not null,
        row_data varchar(255) not null,
        sector varchar(255) not null,
        shelves varchar(255) not null,
        primary key (id)
    )
2025-01-02 16:13:05 [main] DEBUG org.hibernate.SQL - 
    alter table if exists parts 
       add constraint FK44bpbjjhvt2bd6spralcvfki7 
       foreign key (sector) 
       references sectors
2025-01-02 16:13:10 [main] DEBUG org.hibernate.SQL - 
    select
        s1_0.id,
        s1_0.actives,
        s1_0.columns,
        s1_0.row_data,
        s1_0.sector,
        s1_0.shelves,
        s1_0.version 
    from
        sectors s1_0 
    where
        s1_0.id=? 
        and s1_0.actives
2025-01-02 16:13:11 [SpringApplicationShutdownHook] DEBUG org.hibernate.SQL - 
    drop table if exists parts cascade 
2025-01-02 16:13:11 [SpringApplicationShutdownHook] DEBUG org.hibernate.SQL - 
    drop table if exists sectors cascade 
2025-01-02 16:15:33 [main] DEBUG org.hibernate.SQL - 
    drop table if exists parts cascade 
2025-01-02 16:15:33 [main] DEBUG org.hibernate.SQL - 
    drop table if exists sectors cascade 
2025-01-02 16:15:33 [main] DEBUG org.hibernate.SQL - 
    create table parts (
        actives boolean not null,
        quantities float(53) not null,
        version integer,
        cods bigint not null,
        id bigint generated by default as identity,
        sector bigint,
        names varchar(255) not null,
        images blob not null,
        primary key (id)
    )
2025-01-02 16:15:33 [main] DEBUG org.hibernate.SQL - 
    create table sectors (
        actives boolean not null,
        version integer,
        id bigint generated by default as identity,
        columns varchar(255) not null,
        row_data varchar(255) not null,
        sector varchar(255) not null,
        shelves varchar(255) not null,
        primary key (id)
    )
2025-01-02 16:15:33 [main] DEBUG org.hibernate.SQL - 
    alter table if exists parts 
       add constraint FK44bpbjjhvt2bd6spralcvfki7 
       foreign key (sector) 
       references sectors
2025-01-02 16:15:37 [main] DEBUG org.hibernate.SQL - 
    select
        s1_0.id,
        s1_0.actives,
        s1_0.columns,
        s1_0.row_data,
        s1_0.sector,
        s1_0.shelves,
        s1_0.version 
    from
        sectors s1_0 
    where
        s1_0.id=? 
        and s1_0.actives
2025-01-02 16:15:38 [SpringApplicationShutdownHook] DEBUG org.hibernate.SQL - 
    drop table if exists parts cascade 
2025-01-02 16:15:38 [SpringApplicationShutdownHook] DEBUG org.hibernate.SQL - 
    drop table if exists sectors cascade 
2025-01-02 16:17:49 [main] DEBUG org.hibernate.SQL - 
    drop table if exists parts cascade 
2025-01-02 16:17:49 [main] DEBUG org.hibernate.SQL - 
    drop table if exists sectors cascade 
2025-01-02 16:17:49 [main] DEBUG org.hibernate.SQL - 
    create table parts (
        actives boolean not null,
        quantities float(53) not null,
        version integer,
        cods bigint not null,
        id bigint generated by default as identity,
        sector bigint,
        names varchar(255) not null,
        images blob not null,
        primary key (id)
    )
2025-01-02 16:17:49 [main] DEBUG org.hibernate.SQL - 
    create table sectors (
        actives boolean not null,
        version integer,
        id bigint generated by default as identity,
        columns varchar(255) not null,
        row_data varchar(255) not null,
        sector varchar(255) not null,
        shelves varchar(255) not null,
        primary key (id)
    )
2025-01-02 16:17:49 [main] DEBUG org.hibernate.SQL - 
    alter table if exists parts 
       add constraint FK44bpbjjhvt2bd6spralcvfki7 
       foreign key (sector) 
       references sectors
2025-01-02 16:17:54 [main] DEBUG org.hibernate.SQL - 
    select
        s1_0.id,
        s1_0.actives,
        s1_0.columns,
        s1_0.row_data,
        s1_0.sector,
        s1_0.shelves,
        s1_0.version 
    from
        sectors s1_0 
    where
        s1_0.id=? 
        and s1_0.actives
2025-01-02 16:17:54 [SpringApplicationShutdownHook] DEBUG org.hibernate.SQL - 
    drop table if exists parts cascade 
2025-01-02 16:17:54 [SpringApplicationShutdownHook] DEBUG org.hibernate.SQL - 
    drop table if exists sectors cascade 
2025-01-02 16:22:17 [main] DEBUG org.hibernate.SQL - 
    drop table if exists parts cascade 
2025-01-02 16:22:17 [main] DEBUG org.hibernate.SQL - 
    drop table if exists sectors cascade 
2025-01-02 16:22:17 [main] DEBUG org.hibernate.SQL - 
    create table parts (
        actives boolean not null,
        quantities float(53) not null,
        version integer,
        cods bigint not null,
        id bigint generated by default as identity,
        sector bigint,
        names varchar(255) not null,
        images blob not null,
        primary key (id)
    )
2025-01-02 16:22:17 [main] DEBUG org.hibernate.SQL - 
    create table sectors (
        actives boolean not null,
        version integer,
        id bigint generated by default as identity,
        columns varchar(255) not null,
        row_data varchar(255) not null,
        sector varchar(255) not null,
        shelves varchar(255) not null,
        primary key (id)
    )
2025-01-02 16:22:17 [main] DEBUG org.hibernate.SQL - 
    alter table if exists parts 
       add constraint FK44bpbjjhvt2bd6spralcvfki7 
       foreign key (sector) 
       references sectors
2025-01-02 16:22:22 [main] DEBUG org.hibernate.SQL - 
    select
        s1_0.id,
        s1_0.actives,
        s1_0.columns,
        s1_0.row_data,
        s1_0.sector,
        s1_0.shelves,
        s1_0.version 
    from
        sectors s1_0 
    where
        s1_0.actives 
    order by
        s1_0.id 
    fetch
        first ? rows only
2025-01-02 16:22:23 [main] DEBUG org.hibernate.SQL - 
    select
        s1_0.id 
    from
        sectors s1_0 
    where
        s1_0.sector=? 
        and s1_0.shelves=? 
        and s1_0.columns=? 
        and s1_0.row_data=? 
    fetch
        first ? rows only
2025-01-02 16:22:23 [main] DEBUG org.hibernate.SQL - 
    insert 
    into
        sectors
        (actives, columns, row_data, sector, shelves, version, id) 
    values
        (?, ?, ?, ?, ?, ?, default)
2025-01-02 16:22:23 [main] DEBUG org.hibernate.SQL - 
    select
        s1_0.id,
        s1_0.actives,
        s1_0.columns,
        s1_0.row_data,
        s1_0.sector,
        s1_0.shelves,
        s1_0.version 
    from
        sectors s1_0 
    where
        s1_0.id=? 
        and s1_0.actives
2025-01-02 16:22:23 [main] DEBUG org.hibernate.SQL - 
    select
        p1_0.sector,
        p1_0.id,
        p1_0.actives,
        p1_0.quantities,
        p1_0.cods,
        p1_0.images,
        p1_0.names,
        p1_0.version 
    from
        parts p1_0 
    where
        p1_0.sector=?
2025-01-02 16:22:23 [SpringApplicationShutdownHook] DEBUG org.hibernate.SQL - 
    drop table if exists parts cascade 
2025-01-02 16:22:23 [SpringApplicationShutdownHook] DEBUG org.hibernate.SQL - 
    drop table if exists sectors cascade 
2025-01-02 16:23:08 [main] DEBUG org.hibernate.SQL - 
    drop table if exists parts cascade 
2025-01-02 16:23:08 [main] DEBUG org.hibernate.SQL - 
    drop table if exists sectors cascade 
2025-01-02 16:23:08 [main] DEBUG org.hibernate.SQL - 
    create table parts (
        actives boolean not null,
        quantities float(53) not null,
        version integer,
        cods bigint not null,
        id bigint generated by default as identity,
        sector bigint,
        names varchar(255) not null,
        images blob not null,
        primary key (id)
    )
2025-01-02 16:23:08 [main] DEBUG org.hibernate.SQL - 
    create table sectors (
        actives boolean not null,
        version integer,
        id bigint generated by default as identity,
        columns varchar(255) not null,
        row_data varchar(255) not null,
        sector varchar(255) not null,
        shelves varchar(255) not null,
        primary key (id)
    )
2025-01-02 16:23:08 [main] DEBUG org.hibernate.SQL - 
    alter table if exists parts 
       add constraint FK44bpbjjhvt2bd6spralcvfki7 
       foreign key (sector) 
       references sectors
2025-01-02 16:23:11 [main] DEBUG org.hibernate.SQL - 
    insert 
    into
        sectors
        (actives, columns, row_data, sector, shelves, version, id) 
    values
        (?, ?, ?, ?, ?, ?, default)
2025-01-02 16:23:12 [main] DEBUG org.hibernate.SQL - 
    select
        s1_0.id,
        s1_0.actives,
        s1_0.columns,
        s1_0.row_data,
        s1_0.sector,
        s1_0.shelves,
        s1_0.version 
    from
        sectors s1_0 
    where
        s1_0.id=? 
        and s1_0.actives
2025-01-02 16:23:12 [main] DEBUG org.hibernate.SQL - 
    select
        p1_0.sector,
        p1_0.id,
        p1_0.actives,
        p1_0.quantities,
        p1_0.cods,
        p1_0.images,
        p1_0.names,
        p1_0.version 
    from
        parts p1_0 
    where
        p1_0.sector=?
2025-01-02 16:23:12 [SpringApplicationShutdownHook] DEBUG org.hibernate.SQL - 
    drop table if exists parts cascade 
2025-01-02 16:23:12 [SpringApplicationShutdownHook] DEBUG org.hibernate.SQL - 
    drop table if exists sectors cascade 
2025-01-02 16:24:14 [main] DEBUG org.hibernate.SQL - 
    drop table if exists parts cascade 
2025-01-02 16:24:14 [main] DEBUG org.hibernate.SQL - 
    drop table if exists sectors cascade 
2025-01-02 16:24:14 [main] DEBUG org.hibernate.SQL - 
    create table parts (
        actives boolean not null,
        quantities float(53) not null,
        version integer,
        cods bigint not null,
        id bigint generated by default as identity,
        sector bigint,
        names varchar(255) not null,
        images blob not null,
        primary key (id)
    )
2025-01-02 16:24:14 [main] DEBUG org.hibernate.SQL - 
    create table sectors (
        actives boolean not null,
        version integer,
        id bigint generated by default as identity,
        columns varchar(255) not null,
        row_data varchar(255) not null,
        sector varchar(255) not null,
        shelves varchar(255) not null,
        primary key (id)
    )
2025-01-02 16:24:14 [main] DEBUG org.hibernate.SQL - 
    alter table if exists parts 
       add constraint FK44bpbjjhvt2bd6spralcvfki7 
       foreign key (sector) 
       references sectors
2025-01-02 16:24:18 [main] DEBUG org.hibernate.SQL - 
    insert 
    into
        sectors
        (actives, columns, row_data, sector, shelves, version, id) 
    values
        (?, ?, ?, ?, ?, ?, default)
2025-01-02 16:24:18 [main] DEBUG org.hibernate.SQL - 
    select
        s1_0.id,
        s1_0.actives,
        s1_0.columns,
        s1_0.row_data,
        s1_0.sector,
        s1_0.shelves,
        s1_0.version 
    from
        sectors s1_0 
    where
        s1_0.id=? 
        and s1_0.actives
2025-01-02 16:24:18 [main] DEBUG org.hibernate.SQL - 
    select
        p1_0.sector,
        p1_0.id,
        p1_0.actives,
        p1_0.quantities,
        p1_0.cods,
        p1_0.images,
        p1_0.names,
        p1_0.version 
    from
        parts p1_0 
    where
        p1_0.sector=?
2025-01-02 16:24:19 [SpringApplicationShutdownHook] DEBUG org.hibernate.SQL - 
    drop table if exists parts cascade 
2025-01-02 16:24:19 [SpringApplicationShutdownHook] DEBUG org.hibernate.SQL - 
    drop table if exists sectors cascade 
2025-01-02 16:29:53 [main] DEBUG org.hibernate.SQL - 
    drop table if exists parts cascade 
2025-01-02 16:29:53 [main] DEBUG org.hibernate.SQL - 
    drop table if exists sectors cascade 
2025-01-02 16:29:53 [main] DEBUG org.hibernate.SQL - 
    create table parts (
        actives boolean not null,
        quantities float(53) not null,
        version integer,
        cods bigint not null,
        id bigint generated by default as identity,
        sector bigint,
        names varchar(255) not null,
        images blob not null,
        primary key (id)
    )
2025-01-02 16:29:53 [main] DEBUG org.hibernate.SQL - 
    create table sectors (
        actives boolean not null,
        version integer,
        id bigint generated by default as identity,
        columns varchar(255) not null,
        row_data varchar(255) not null,
        sector varchar(255) not null,
        shelves varchar(255) not null,
        primary key (id)
    )
2025-01-02 16:29:53 [main] DEBUG org.hibernate.SQL - 
    alter table if exists parts 
       add constraint FK44bpbjjhvt2bd6spralcvfki7 
       foreign key (sector) 
       references sectors
2025-01-02 16:29:59 [main] DEBUG org.hibernate.SQL - 
    insert 
    into
        sectors
        (actives, columns, row_data, sector, shelves, version, id) 
    values
        (?, ?, ?, ?, ?, ?, default)
2025-01-02 16:30:00 [main] DEBUG org.hibernate.SQL - 
    select
        s1_0.id,
        s1_0.actives,
        s1_0.columns,
        s1_0.row_data,
        s1_0.sector,
        s1_0.shelves,
        s1_0.version 
    from
        sectors s1_0 
    where
        s1_0.id=? 
        and s1_0.actives
2025-01-02 16:30:00 [main] DEBUG org.hibernate.SQL - 
    select
        p1_0.sector,
        p1_0.id,
        p1_0.actives,
        p1_0.quantities,
        p1_0.cods,
        p1_0.images,
        p1_0.names,
        p1_0.version 
    from
        parts p1_0 
    where
        p1_0.sector=?
2025-01-02 16:30:00 [SpringApplicationShutdownHook] DEBUG org.hibernate.SQL - 
    drop table if exists parts cascade 
2025-01-02 16:30:00 [SpringApplicationShutdownHook] DEBUG org.hibernate.SQL - 
    drop table if exists sectors cascade 
2025-01-02 16:31:41 [main] DEBUG org.hibernate.SQL - 
    drop table if exists parts cascade 
2025-01-02 16:31:41 [main] DEBUG org.hibernate.SQL - 
    drop table if exists sectors cascade 
2025-01-02 16:31:41 [main] DEBUG org.hibernate.SQL - 
    create table parts (
        actives boolean not null,
        quantities float(53) not null,
        version integer,
        cods bigint not null,
        id bigint generated by default as identity,
        sector bigint,
        names varchar(255) not null,
        images blob not null,
        primary key (id)
    )
2025-01-02 16:31:41 [main] DEBUG org.hibernate.SQL - 
    create table sectors (
        actives boolean not null,
        version integer,
        id bigint generated by default as identity,
        columns varchar(255) not null,
        row_data varchar(255) not null,
        sector varchar(255) not null,
        shelves varchar(255) not null,
        primary key (id)
    )
2025-01-02 16:31:41 [main] DEBUG org.hibernate.SQL - 
    alter table if exists parts 
       add constraint FK44bpbjjhvt2bd6spralcvfki7 
       foreign key (sector) 
       references sectors
2025-01-02 16:31:45 [main] DEBUG org.hibernate.SQL - 
    insert 
    into
        sectors
        (actives, columns, row_data, sector, shelves, version, id) 
    values
        (?, ?, ?, ?, ?, ?, default)
2025-01-02 16:31:45 [main] DEBUG org.hibernate.SQL - 
    select
        s1_0.id,
        s1_0.actives,
        s1_0.columns,
        s1_0.row_data,
        s1_0.sector,
        s1_0.shelves,
        s1_0.version 
    from
        sectors s1_0 
    where
        s1_0.id=? 
        and s1_0.actives
2025-01-02 16:31:45 [main] DEBUG org.hibernate.SQL - 
    select
        p1_0.sector,
        p1_0.id,
        p1_0.actives,
        p1_0.quantities,
        p1_0.cods,
        p1_0.images,
        p1_0.names,
        p1_0.version 
    from
        parts p1_0 
    where
        p1_0.sector=?
2025-01-02 16:31:45 [SpringApplicationShutdownHook] DEBUG org.hibernate.SQL - 
    drop table if exists parts cascade 
2025-01-02 16:31:45 [SpringApplicationShutdownHook] DEBUG org.hibernate.SQL - 
    drop table if exists sectors cascade 
2025-01-02 16:32:40 [main] DEBUG org.hibernate.SQL - 
    drop table if exists parts cascade 
2025-01-02 16:32:40 [main] DEBUG org.hibernate.SQL - 
    drop table if exists sectors cascade 
2025-01-02 16:32:40 [main] DEBUG org.hibernate.SQL - 
    create table parts (
        actives boolean not null,
        quantities float(53) not null,
        version integer,
        cods bigint not null,
        id bigint generated by default as identity,
        sector bigint,
        names varchar(255) not null,
        images blob not null,
        primary key (id)
    )
2025-01-02 16:32:40 [main] DEBUG org.hibernate.SQL - 
    create table sectors (
        actives boolean not null,
        version integer,
        id bigint generated by default as identity,
        columns varchar(255) not null,
        row_data varchar(255) not null,
        sector varchar(255) not null,
        shelves varchar(255) not null,
        primary key (id)
    )
2025-01-02 16:32:40 [main] DEBUG org.hibernate.SQL - 
    alter table if exists parts 
       add constraint FK44bpbjjhvt2bd6spralcvfki7 
       foreign key (sector) 
       references sectors
2025-01-02 16:32:45 [main] DEBUG org.hibernate.SQL - 
    insert 
    into
        sectors
        (actives, columns, row_data, sector, shelves, version, id) 
    values
        (?, ?, ?, ?, ?, ?, default)
2025-01-02 16:32:46 [main] DEBUG org.hibernate.SQL - 
    select
        s1_0.id,
        s1_0.actives,
        s1_0.columns,
        s1_0.row_data,
        s1_0.sector,
        s1_0.shelves,
        s1_0.version 
    from
        sectors s1_0 
    where
        s1_0.id=? 
        and s1_0.actives
2025-01-02 16:32:46 [main] DEBUG org.hibernate.SQL - 
    select
        p1_0.sector,
        p1_0.id,
        p1_0.actives,
        p1_0.quantities,
        p1_0.cods,
        p1_0.images,
        p1_0.names,
        p1_0.version 
    from
        parts p1_0 
    where
        p1_0.sector=?
2025-01-02 16:32:46 [main] DEBUG org.hibernate.SQL - 
    update
        sectors 
    set
        actives=?,
        columns=?,
        row_data=?,
        sector=?,
        shelves=?,
        version=? 
    where
        id=? 
        and version=?
2025-01-02 16:32:46 [SpringApplicationShutdownHook] DEBUG org.hibernate.SQL - 
    drop table if exists parts cascade 
2025-01-02 16:32:46 [SpringApplicationShutdownHook] DEBUG org.hibernate.SQL - 
    drop table if exists sectors cascade 
2025-01-02 16:33:47 [main] DEBUG org.hibernate.SQL - 
    drop table if exists parts cascade 
2025-01-02 16:33:47 [main] DEBUG org.hibernate.SQL - 
    drop table if exists sectors cascade 
2025-01-02 16:33:47 [main] DEBUG org.hibernate.SQL - 
    create table parts (
        actives boolean not null,
        quantities float(53) not null,
        version integer,
        cods bigint not null,
        id bigint generated by default as identity,
        sector bigint,
        names varchar(255) not null,
        images blob not null,
        primary key (id)
    )
2025-01-02 16:33:47 [main] DEBUG org.hibernate.SQL - 
    create table sectors (
        actives boolean not null,
        version integer,
        id bigint generated by default as identity,
        columns varchar(255) not null,
        row_data varchar(255) not null,
        sector varchar(255) not null,
        shelves varchar(255) not null,
        primary key (id)
    )
2025-01-02 16:33:47 [main] DEBUG org.hibernate.SQL - 
    alter table if exists parts 
       add constraint FK44bpbjjhvt2bd6spralcvfki7 
       foreign key (sector) 
       references sectors
2025-01-02 16:33:54 [main] DEBUG org.hibernate.SQL - 
    insert 
    into
        sectors
        (actives, columns, row_data, sector, shelves, version, id) 
    values
        (?, ?, ?, ?, ?, ?, default)
2025-01-02 16:33:55 [main] DEBUG org.hibernate.SQL - 
    select
        s1_0.id,
        s1_0.actives,
        s1_0.columns,
        s1_0.row_data,
        s1_0.sector,
        s1_0.shelves,
        s1_0.version 
    from
        sectors s1_0 
    where
        s1_0.id=? 
        and s1_0.actives
2025-01-02 16:33:55 [main] DEBUG org.hibernate.SQL - 
    select
        p1_0.sector,
        p1_0.id,
        p1_0.actives,
        p1_0.quantities,
        p1_0.cods,
        p1_0.images,
        p1_0.names,
        p1_0.version 
    from
        parts p1_0 
    where
        p1_0.sector=?
2025-01-02 16:33:55 [main] DEBUG org.hibernate.SQL - 
    update
        sectors 
    set
        actives=?,
        columns=?,
        row_data=?,
        sector=?,
        shelves=?,
        version=? 
    where
        id=? 
        and version=?
2025-01-02 16:33:55 [SpringApplicationShutdownHook] DEBUG org.hibernate.SQL - 
    drop table if exists parts cascade 
2025-01-02 16:33:55 [SpringApplicationShutdownHook] DEBUG org.hibernate.SQL - 
    drop table if exists sectors cascade 
2025-01-02 16:34:42 [main] DEBUG org.hibernate.SQL - 
    drop table if exists parts cascade 
2025-01-02 16:34:42 [main] DEBUG org.hibernate.SQL - 
    drop table if exists sectors cascade 
2025-01-02 16:34:42 [main] DEBUG org.hibernate.SQL - 
    create table parts (
        actives boolean not null,
        quantities float(53) not null,
        version integer,
        cods bigint not null,
        id bigint generated by default as identity,
        sector bigint,
        names varchar(255) not null,
        images blob not null,
        primary key (id)
    )
2025-01-02 16:34:42 [main] DEBUG org.hibernate.SQL - 
    create table sectors (
        actives boolean not null,
        version integer,
        id bigint generated by default as identity,
        columns varchar(255) not null,
        row_data varchar(255) not null,
        sector varchar(255) not null,
        shelves varchar(255) not null,
        primary key (id)
    )
2025-01-02 16:34:42 [main] DEBUG org.hibernate.SQL - 
    alter table if exists parts 
       add constraint FK44bpbjjhvt2bd6spralcvfki7 
       foreign key (sector) 
       references sectors
2025-01-02 16:34:46 [main] DEBUG org.hibernate.SQL - 
    insert 
    into
        sectors
        (actives, columns, row_data, sector, shelves, version, id) 
    values
        (?, ?, ?, ?, ?, ?, default)
2025-01-02 16:34:47 [main] DEBUG org.hibernate.SQL - 
    select
        s1_0.id,
        s1_0.actives,
        s1_0.columns,
        s1_0.row_data,
        s1_0.sector,
        s1_0.shelves,
        s1_0.version 
    from
        sectors s1_0 
    where
        s1_0.id=? 
        and s1_0.actives
2025-01-02 16:34:47 [main] DEBUG org.hibernate.SQL - 
    select
        p1_0.sector,
        p1_0.id,
        p1_0.actives,
        p1_0.quantities,
        p1_0.cods,
        p1_0.images,
        p1_0.names,
        p1_0.version 
    from
        parts p1_0 
    where
        p1_0.sector=?
2025-01-02 16:34:47 [main] DEBUG org.hibernate.SQL - 
    update
        sectors 
    set
        actives=?,
        columns=?,
        row_data=?,
        sector=?,
        shelves=?,
        version=? 
    where
        id=? 
        and version=?
2025-01-02 16:34:47 [SpringApplicationShutdownHook] DEBUG org.hibernate.SQL - 
    drop table if exists parts cascade 
2025-01-02 16:34:47 [SpringApplicationShutdownHook] DEBUG org.hibernate.SQL - 
    drop table if exists sectors cascade 
2025-01-02 16:59:53 [main] DEBUG org.hibernate.SQL - 
    drop table if exists parts cascade 
2025-01-02 16:59:54 [main] DEBUG org.hibernate.SQL - 
    drop table if exists sectors cascade 
2025-01-02 16:59:54 [main] DEBUG org.hibernate.SQL - 
    create table parts (
        actives boolean not null,
        quantities float(53) not null,
        version integer,
        cods bigint not null,
        id bigint generated by default as identity,
        sector bigint,
        names varchar(255) not null,
        images blob not null,
        primary key (id)
    )
2025-01-02 16:59:54 [main] DEBUG org.hibernate.SQL - 
    create table sectors (
        actives boolean not null,
        version integer,
        id bigint generated by default as identity,
        columns varchar(255) not null,
        row_data varchar(255) not null,
        sector varchar(255) not null,
        shelves varchar(255) not null,
        primary key (id)
    )
2025-01-02 16:59:54 [main] DEBUG org.hibernate.SQL - 
    alter table if exists parts 
       add constraint FK44bpbjjhvt2bd6spralcvfki7 
       foreign key (sector) 
       references sectors
2025-01-02 16:59:59 [main] DEBUG org.hibernate.SQL - 
    insert 
    into
        sectors
        (actives, columns, row_data, sector, shelves, version, id) 
    values
        (?, ?, ?, ?, ?, ?, default)
2025-01-02 16:59:59 [main] DEBUG org.hibernate.SQL - 
    select
        s1_0.id,
        s1_0.actives,
        s1_0.columns,
        s1_0.row_data,
        s1_0.sector,
        s1_0.shelves,
        s1_0.version 
    from
        sectors s1_0 
    where
        s1_0.id=? 
        and s1_0.actives
2025-01-02 16:59:59 [main] DEBUG org.hibernate.SQL - 
    select
        p1_0.sector,
        p1_0.id,
        p1_0.actives,
        p1_0.quantities,
        p1_0.cods,
        p1_0.images,
        p1_0.names,
        p1_0.version 
    from
        parts p1_0 
    where
        p1_0.sector=?
2025-01-02 16:59:59 [main] DEBUG org.hibernate.SQL - 
    update
        sectors 
    set
        actives=?,
        columns=?,
        row_data=?,
        sector=?,
        shelves=?,
        version=? 
    where
        id=? 
        and version=?
2025-01-02 16:59:59 [SpringApplicationShutdownHook] DEBUG org.hibernate.SQL - 
    drop table if exists parts cascade 
2025-01-02 16:59:59 [SpringApplicationShutdownHook] DEBUG org.hibernate.SQL - 
    drop table if exists sectors cascade 
2025-01-02 17:12:32 [main] DEBUG org.hibernate.SQL - 
    drop table if exists parts cascade 
2025-01-02 17:12:32 [main] DEBUG org.hibernate.SQL - 
    drop table if exists sectors cascade 
2025-01-02 17:12:32 [main] DEBUG org.hibernate.SQL - 
    create table parts (
        actives boolean not null,
        quantities float(53) not null,
        version integer,
        cods bigint not null,
        id bigint generated by default as identity,
        sector bigint,
        names varchar(255) not null,
        images blob not null,
        primary key (id)
    )
2025-01-02 17:12:32 [main] DEBUG org.hibernate.SQL - 
    create table sectors (
        actives boolean not null,
        version integer,
        id bigint generated by default as identity,
        columns varchar(255) not null,
        row_data varchar(255) not null,
        sector varchar(255) not null,
        shelves varchar(255) not null,
        primary key (id)
    )
2025-01-02 17:12:32 [main] DEBUG org.hibernate.SQL - 
    alter table if exists parts 
       add constraint FK44bpbjjhvt2bd6spralcvfki7 
       foreign key (sector) 
       references sectors
2025-01-02 17:12:37 [main] DEBUG org.hibernate.SQL - 
    insert 
    into
        sectors
        (actives, columns, row_data, sector, shelves, version, id) 
    values
        (?, ?, ?, ?, ?, ?, default)
2025-01-02 17:12:37 [main] DEBUG org.hibernate.SQL - 
    select
        s1_0.id,
        s1_0.actives,
        s1_0.columns,
        s1_0.row_data,
        s1_0.sector,
        s1_0.shelves,
        s1_0.version 
    from
        sectors s1_0 
    where
        s1_0.id=? 
        and s1_0.actives
2025-01-02 17:12:37 [main] DEBUG org.hibernate.SQL - 
    update
        sectors 
    set
        actives=?,
        columns=?,
        row_data=?,
        sector=?,
        shelves=?,
        version=? 
    where
        id=? 
        and version=?
2025-01-02 17:12:37 [SpringApplicationShutdownHook] DEBUG org.hibernate.SQL - 
    drop table if exists parts cascade 
2025-01-02 17:12:37 [SpringApplicationShutdownHook] DEBUG org.hibernate.SQL - 
    drop table if exists sectors cascade 
2025-01-02 17:15:10 [main] DEBUG org.hibernate.SQL - 
    drop table if exists parts cascade 
2025-01-02 17:15:10 [main] DEBUG org.hibernate.SQL - 
    drop table if exists sectors cascade 
2025-01-02 17:15:10 [main] DEBUG org.hibernate.SQL - 
    create table parts (
        actives boolean not null,
        quantities float(53) not null,
        version integer,
        cods bigint not null,
        id bigint generated by default as identity,
        sector bigint,
        names varchar(255) not null,
        images blob not null,
        primary key (id)
    )
2025-01-02 17:15:10 [main] DEBUG org.hibernate.SQL - 
    create table sectors (
        actives boolean not null,
        version integer,
        id bigint generated by default as identity,
        columns varchar(255) not null,
        row_data varchar(255) not null,
        sector varchar(255) not null,
        shelves varchar(255) not null,
        primary key (id)
    )
2025-01-02 17:15:10 [main] DEBUG org.hibernate.SQL - 
    alter table if exists parts 
       add constraint FK44bpbjjhvt2bd6spralcvfki7 
       foreign key (sector) 
       references sectors
2025-01-02 17:15:15 [main] DEBUG org.hibernate.SQL - 
    insert 
    into
        sectors
        (actives, columns, row_data, sector, shelves, version, id) 
    values
        (?, ?, ?, ?, ?, ?, default)
2025-01-02 17:15:15 [main] DEBUG org.hibernate.SQL - 
    select
        s1_0.id,
        s1_0.actives,
        s1_0.columns,
        s1_0.row_data,
        s1_0.sector,
        s1_0.shelves,
        s1_0.version 
    from
        sectors s1_0 
    where
        s1_0.id=? 
        and s1_0.actives
2025-01-02 17:15:15 [main] DEBUG org.hibernate.SQL - 
    update
        sectors 
    set
        actives=?,
        columns=?,
        row_data=?,
        sector=?,
        shelves=?,
        version=? 
    where
        id=? 
        and version=?
2025-01-02 17:15:15 [SpringApplicationShutdownHook] DEBUG org.hibernate.SQL - 
    drop table if exists parts cascade 
2025-01-02 17:15:15 [SpringApplicationShutdownHook] DEBUG org.hibernate.SQL - 
    drop table if exists sectors cascade 
2025-01-02 19:15:05 [main] DEBUG org.hibernate.SQL - 
    drop table if exists parts cascade 
2025-01-02 19:15:05 [main] DEBUG org.hibernate.SQL - 
    drop table if exists sectors cascade 
2025-01-02 19:15:05 [main] DEBUG org.hibernate.SQL - 
    create table parts (
        actives boolean not null,
        quantities float(53) not null,
        version integer,
        cods bigint not null,
        id bigint generated by default as identity,
        sector bigint,
        names varchar(255) not null,
        images blob not null,
        primary key (id)
    )
2025-01-02 19:15:05 [main] DEBUG org.hibernate.SQL - 
    create table sectors (
        actives boolean not null,
        version integer,
        id bigint generated by default as identity,
        columns varchar(255) not null,
        row_data varchar(255) not null,
        sector varchar(255) not null,
        shelves varchar(255) not null,
        primary key (id)
    )
2025-01-02 19:15:05 [main] DEBUG org.hibernate.SQL - 
    alter table if exists parts 
       add constraint FK44bpbjjhvt2bd6spralcvfki7 
       foreign key (sector) 
       references sectors
2025-01-02 19:15:09 [main] DEBUG org.hibernate.SQL - 
    select
        s1_0.id,
        s1_0.actives,
        s1_0.columns,
        s1_0.row_data,
        s1_0.sector,
        s1_0.shelves,
        s1_0.version 
    from
        sectors s1_0 
    where
        s1_0.actives 
    order by
        s1_0.id 
    fetch
        first ? rows only
2025-01-02 19:15:09 [main] DEBUG org.hibernate.SQL - 
    insert 
    into
        sectors
        (actives, columns, row_data, sector, shelves, version, id) 
    values
        (?, ?, ?, ?, ?, ?, default)
2025-01-02 19:15:09 [main] DEBUG org.hibernate.SQL - 
    select
        s1_0.id,
        s1_0.actives,
        s1_0.columns,
        s1_0.row_data,
        s1_0.sector,
        s1_0.shelves,
        s1_0.version 
    from
        sectors s1_0 
    where
        s1_0.id=? 
        and s1_0.actives
2025-01-02 19:15:09 [main] DEBUG org.hibernate.SQL - 
    update
        sectors 
    set
        actives=?,
        columns=?,
        row_data=?,
        sector=?,
        shelves=?,
        version=? 
    where
        id=? 
        and version=?
2025-01-02 19:15:09 [main] DEBUG org.hibernate.SQL - 
    insert 
    into
        sectors
        (actives, columns, row_data, sector, shelves, version, id) 
    values
        (?, ?, ?, ?, ?, ?, default)
2025-01-02 19:15:09 [main] DEBUG org.hibernate.SQL - 
    select
        s1_0.id,
        s1_0.actives,
        s1_0.columns,
        s1_0.row_data,
        s1_0.sector,
        s1_0.shelves,
        s1_0.version 
    from
        sectors s1_0 
    where
        s1_0.id=? 
        and s1_0.actives
2025-01-02 19:15:10 [main] DEBUG org.hibernate.SQL - 
    select
        s1_0.id 
    from
        sectors s1_0 
    where
        s1_0.sector=? 
        and s1_0.shelves=? 
        and s1_0.columns=? 
        and s1_0.row_data=? 
    fetch
        first ? rows only
2025-01-02 19:15:10 [main] DEBUG org.hibernate.SQL - 
    insert 
    into
        sectors
        (actives, columns, row_data, sector, shelves, version, id) 
    values
        (?, ?, ?, ?, ?, ?, default)
2025-01-02 19:15:10 [main] DEBUG org.hibernate.SQL - 
    insert 
    into
        sectors
        (actives, columns, row_data, sector, shelves, version, id) 
    values
        (?, ?, ?, ?, ?, ?, default)
2025-01-02 19:15:10 [main] DEBUG org.hibernate.SQL - 
    select
        s1_0.id,
        s1_0.actives,
        s1_0.columns,
        s1_0.row_data,
        s1_0.sector,
        s1_0.shelves,
        s1_0.version 
    from
        sectors s1_0 
    where
        s1_0.id=? 
        and s1_0.actives
2025-01-02 19:15:10 [SpringApplicationShutdownHook] DEBUG org.hibernate.SQL - 
    drop table if exists parts cascade 
2025-01-02 19:15:10 [SpringApplicationShutdownHook] DEBUG org.hibernate.SQL - 
    drop table if exists sectors cascade 
2025-01-02 19:17:50 [main] DEBUG org.hibernate.SQL - 
    drop table if exists parts cascade 
2025-01-02 19:17:50 [main] DEBUG org.hibernate.SQL - 
    drop table if exists sectors cascade 
2025-01-02 19:17:50 [main] DEBUG org.hibernate.SQL - 
    create table parts (
        actives boolean not null,
        quantities float(53) not null,
        version integer,
        cods bigint not null,
        id bigint generated by default as identity,
        sector bigint,
        names varchar(255) not null,
        images blob not null,
        primary key (id)
    )
2025-01-02 19:17:50 [main] DEBUG org.hibernate.SQL - 
    create table sectors (
        actives boolean not null,
        version integer,
        id bigint generated by default as identity,
        columns varchar(255) not null,
        row_data varchar(255) not null,
        sector varchar(255) not null,
        shelves varchar(255) not null,
        primary key (id)
    )
2025-01-02 19:17:50 [main] DEBUG org.hibernate.SQL - 
    alter table if exists parts 
       add constraint FK44bpbjjhvt2bd6spralcvfki7 
       foreign key (sector) 
       references sectors
2025-01-02 19:17:55 [main] DEBUG org.hibernate.SQL - 
    select
        s1_0.id 
    from
        sectors s1_0 
    where
        s1_0.sector=? 
        and s1_0.shelves=? 
        and s1_0.columns=? 
        and s1_0.row_data=? 
    fetch
        first ? rows only
2025-01-02 19:17:55 [main] DEBUG org.hibernate.SQL - 
    insert 
    into
        sectors
        (actives, columns, row_data, sector, shelves, version, id) 
    values
        (?, ?, ?, ?, ?, ?, default)
2025-01-02 19:17:55 [SpringApplicationShutdownHook] DEBUG org.hibernate.SQL - 
    drop table if exists parts cascade 
2025-01-02 19:17:55 [SpringApplicationShutdownHook] DEBUG org.hibernate.SQL - 
    drop table if exists sectors cascade 
2025-01-02 19:18:17 [main] DEBUG org.hibernate.SQL - 
    drop table if exists parts cascade 
2025-01-02 19:18:17 [main] DEBUG org.hibernate.SQL - 
    drop table if exists sectors cascade 
2025-01-02 19:18:17 [main] DEBUG org.hibernate.SQL - 
    create table parts (
        actives boolean not null,
        quantities float(53) not null,
        version integer,
        cods bigint not null,
        id bigint generated by default as identity,
        sector bigint,
        names varchar(255) not null,
        images blob not null,
        primary key (id)
    )
2025-01-02 19:18:17 [main] DEBUG org.hibernate.SQL - 
    create table sectors (
        actives boolean not null,
        version integer,
        id bigint generated by default as identity,
        columns varchar(255) not null,
        row_data varchar(255) not null,
        sector varchar(255) not null,
        shelves varchar(255) not null,
        primary key (id)
    )
2025-01-02 19:18:17 [main] DEBUG org.hibernate.SQL - 
    alter table if exists parts 
       add constraint FK44bpbjjhvt2bd6spralcvfki7 
       foreign key (sector) 
       references sectors
2025-01-02 19:18:21 [main] DEBUG org.hibernate.SQL - 
    insert 
    into
        sectors
        (actives, columns, row_data, sector, shelves, version, id) 
    values
        (?, ?, ?, ?, ?, ?, default)
2025-01-02 19:18:21 [main] DEBUG org.hibernate.SQL - 
    select
        s1_0.id,
        s1_0.actives,
        s1_0.columns,
        s1_0.row_data,
        s1_0.sector,
        s1_0.shelves,
        s1_0.version 
    from
        sectors s1_0 
    where
        s1_0.id=? 
        and s1_0.actives
2025-01-02 19:18:21 [main] DEBUG org.hibernate.SQL - 
    select
        p1_0.sector,
        p1_0.id,
        p1_0.actives,
        p1_0.quantities,
        p1_0.cods,
        p1_0.images,
        p1_0.names,
        p1_0.version 
    from
        parts p1_0 
    where
        p1_0.sector=?
2025-01-02 19:18:22 [SpringApplicationShutdownHook] DEBUG org.hibernate.SQL - 
    drop table if exists parts cascade 
2025-01-02 19:18:22 [SpringApplicationShutdownHook] DEBUG org.hibernate.SQL - 
    drop table if exists sectors cascade 
2025-01-02 19:18:45 [main] DEBUG org.hibernate.SQL - 
    drop table if exists parts cascade 
2025-01-02 19:18:45 [main] DEBUG org.hibernate.SQL - 
    drop table if exists sectors cascade 
2025-01-02 19:18:45 [main] DEBUG org.hibernate.SQL - 
    create table parts (
        actives boolean not null,
        quantities float(53) not null,
        version integer,
        cods bigint not null,
        id bigint generated by default as identity,
        sector bigint,
        names varchar(255) not null,
        images blob not null,
        primary key (id)
    )
2025-01-02 19:18:45 [main] DEBUG org.hibernate.SQL - 
    create table sectors (
        actives boolean not null,
        version integer,
        id bigint generated by default as identity,
        columns varchar(255) not null,
        row_data varchar(255) not null,
        sector varchar(255) not null,
        shelves varchar(255) not null,
        primary key (id)
    )
2025-01-02 19:18:45 [main] DEBUG org.hibernate.SQL - 
    alter table if exists parts 
       add constraint FK44bpbjjhvt2bd6spralcvfki7 
       foreign key (sector) 
       references sectors
2025-01-02 19:18:49 [main] DEBUG org.hibernate.SQL - 
    insert 
    into
        sectors
        (actives, columns, row_data, sector, shelves, version, id) 
    values
        (?, ?, ?, ?, ?, ?, default)
2025-01-02 19:18:49 [main] DEBUG org.hibernate.SQL - 
    select
        s1_0.id,
        s1_0.actives,
        s1_0.columns,
        s1_0.row_data,
        s1_0.sector,
        s1_0.shelves,
        s1_0.version 
    from
        sectors s1_0 
    where
        s1_0.id=? 
        and s1_0.actives
2025-01-02 19:18:49 [main] DEBUG org.hibernate.SQL - 
    select
        p1_0.sector,
        p1_0.id,
        p1_0.actives,
        p1_0.quantities,
        p1_0.cods,
        p1_0.images,
        p1_0.names,
        p1_0.version 
    from
        parts p1_0 
    where
        p1_0.sector=?
2025-01-02 19:18:49 [main] DEBUG org.hibernate.SQL - 
    update
        sectors 
    set
        actives=?,
        columns=?,
        row_data=?,
        sector=?,
        shelves=?,
        version=? 
    where
        id=? 
        and version=?
2025-01-02 19:18:49 [SpringApplicationShutdownHook] DEBUG org.hibernate.SQL - 
    drop table if exists parts cascade 
2025-01-02 19:18:49 [SpringApplicationShutdownHook] DEBUG org.hibernate.SQL - 
    drop table if exists sectors cascade 
2025-01-02 19:19:07 [main] DEBUG org.hibernate.SQL - 
    drop table if exists parts cascade 
2025-01-02 19:19:07 [main] DEBUG org.hibernate.SQL - 
    drop table if exists sectors cascade 
2025-01-02 19:19:07 [main] DEBUG org.hibernate.SQL - 
    create table parts (
        actives boolean not null,
        quantities float(53) not null,
        version integer,
        cods bigint not null,
        id bigint generated by default as identity,
        sector bigint,
        names varchar(255) not null,
        images blob not null,
        primary key (id)
    )
2025-01-02 19:19:07 [main] DEBUG org.hibernate.SQL - 
    create table sectors (
        actives boolean not null,
        version integer,
        id bigint generated by default as identity,
        columns varchar(255) not null,
        row_data varchar(255) not null,
        sector varchar(255) not null,
        shelves varchar(255) not null,
        primary key (id)
    )
2025-01-02 19:19:07 [main] DEBUG org.hibernate.SQL - 
    alter table if exists parts 
       add constraint FK44bpbjjhvt2bd6spralcvfki7 
       foreign key (sector) 
       references sectors
2025-01-02 19:19:11 [main] DEBUG org.hibernate.SQL - 
    select
        s1_0.id,
        s1_0.actives,
        s1_0.columns,
        s1_0.row_data,
        s1_0.sector,
        s1_0.shelves,
        s1_0.version 
    from
        sectors s1_0 
    where
        s1_0.actives 
    order by
        s1_0.id 
    fetch
        first ? rows only
2025-01-02 19:19:12 [main] DEBUG org.hibernate.SQL - 
    insert 
    into
        sectors
        (actives, columns, row_data, sector, shelves, version, id) 
    values
        (?, ?, ?, ?, ?, ?, default)
2025-01-02 19:19:12 [main] DEBUG org.hibernate.SQL - 
    select
        s1_0.id,
        s1_0.actives,
        s1_0.columns,
        s1_0.row_data,
        s1_0.sector,
        s1_0.shelves,
        s1_0.version 
    from
        sectors s1_0 
    where
        s1_0.id=? 
        and s1_0.actives
2025-01-02 19:19:12 [main] DEBUG org.hibernate.SQL - 
    update
        sectors 
    set
        actives=?,
        columns=?,
        row_data=?,
        sector=?,
        shelves=?,
        version=? 
    where
        id=? 
        and version=?
2025-01-02 19:19:12 [main] DEBUG org.hibernate.SQL - 
    insert 
    into
        sectors
        (actives, columns, row_data, sector, shelves, version, id) 
    values
        (?, ?, ?, ?, ?, ?, default)
2025-01-02 19:19:12 [main] DEBUG org.hibernate.SQL - 
    select
        s1_0.id,
        s1_0.actives,
        s1_0.columns,
        s1_0.row_data,
        s1_0.sector,
        s1_0.shelves,
        s1_0.version 
    from
        sectors s1_0 
    where
        s1_0.id=? 
        and s1_0.actives
2025-01-02 19:19:12 [main] DEBUG org.hibernate.SQL - 
    select
        s1_0.id 
    from
        sectors s1_0 
    where
        s1_0.sector=? 
        and s1_0.shelves=? 
        and s1_0.columns=? 
        and s1_0.row_data=? 
    fetch
        first ? rows only
2025-01-02 19:19:12 [main] DEBUG org.hibernate.SQL - 
    insert 
    into
        sectors
        (actives, columns, row_data, sector, shelves, version, id) 
    values
        (?, ?, ?, ?, ?, ?, default)
2025-01-02 19:19:12 [main] DEBUG org.hibernate.SQL - 
    insert 
    into
        sectors
        (actives, columns, row_data, sector, shelves, version, id) 
    values
        (?, ?, ?, ?, ?, ?, default)
2025-01-02 19:19:12 [main] DEBUG org.hibernate.SQL - 
    select
        s1_0.id,
        s1_0.actives,
        s1_0.columns,
        s1_0.row_data,
        s1_0.sector,
        s1_0.shelves,
        s1_0.version 
    from
        sectors s1_0 
    where
        s1_0.id=? 
        and s1_0.actives
2025-01-02 19:19:12 [SpringApplicationShutdownHook] DEBUG org.hibernate.SQL - 
    drop table if exists parts cascade 
2025-01-02 19:19:12 [SpringApplicationShutdownHook] DEBUG org.hibernate.SQL - 
    drop table if exists sectors cascade 
2025-01-02 19:21:03 [main] DEBUG org.hibernate.SQL - 
    create table parts (
        id bigint generated by default as identity,
        actives boolean not null,
        quantities float(53) not null,
        cods bigint not null,
        images blob not null,
        names varchar(255) not null,
        version integer,
        sector bigint,
        primary key (id)
    )
2025-01-02 19:21:03 [main] DEBUG org.hibernate.SQL - 
    create table sectors (
        id bigint generated by default as identity,
        actives boolean not null,
        columns varchar(255) not null,
        row_data varchar(255) not null,
        sector varchar(255) not null,
        shelves varchar(255) not null,
        version integer,
        primary key (id)
    )
2025-01-02 19:21:03 [main] DEBUG org.hibernate.SQL - 
    alter table if exists parts 
       add constraint FK44bpbjjhvt2bd6spralcvfki7 
       foreign key (sector) 
       references sectors
2025-01-02 19:21:07 [main] DEBUG org.hibernate.SQL - 
    select
        s1_0.id,
        s1_0.actives,
        s1_0.columns,
        s1_0.row_data,
        s1_0.sector,
        s1_0.shelves,
        s1_0.version 
    from
        sectors s1_0 
    where
        s1_0.actives 
    order by
        s1_0.id 
    fetch
        first ? rows only
2025-01-02 19:21:07 [main] DEBUG org.hibernate.SQL - 
    insert 
    into
        sectors
        (actives, columns, row_data, sector, shelves, version, id) 
    values
        (?, ?, ?, ?, ?, ?, default)
2025-01-02 19:21:07 [main] DEBUG org.hibernate.SQL - 
    select
        s1_0.id,
        s1_0.actives,
        s1_0.columns,
        s1_0.row_data,
        s1_0.sector,
        s1_0.shelves,
        s1_0.version 
    from
        sectors s1_0 
    where
        s1_0.id=? 
        and s1_0.actives
2025-01-02 19:21:07 [main] DEBUG org.hibernate.SQL - 
    update
        sectors 
    set
        actives=?,
        columns=?,
        row_data=?,
        sector=?,
        shelves=?,
        version=? 
    where
        id=? 
        and version=?
2025-01-02 19:21:07 [main] DEBUG org.hibernate.SQL - 
    insert 
    into
        sectors
        (actives, columns, row_data, sector, shelves, version, id) 
    values
        (?, ?, ?, ?, ?, ?, default)
2025-01-02 19:21:07 [main] DEBUG org.hibernate.SQL - 
    select
        s1_0.id,
        s1_0.actives,
        s1_0.columns,
        s1_0.row_data,
        s1_0.sector,
        s1_0.shelves,
        s1_0.version 
    from
        sectors s1_0 
    where
        s1_0.id=? 
        and s1_0.actives
2025-01-02 19:21:08 [main] DEBUG org.hibernate.SQL - 
    select
        s1_0.id 
    from
        sectors s1_0 
    where
        s1_0.sector=? 
        and s1_0.shelves=? 
        and s1_0.columns=? 
        and s1_0.row_data=? 
    fetch
        first ? rows only
2025-01-02 19:21:08 [main] DEBUG org.hibernate.SQL - 
    insert 
    into
        sectors
        (actives, columns, row_data, sector, shelves, version, id) 
    values
        (?, ?, ?, ?, ?, ?, default)
2025-01-02 19:21:08 [main] DEBUG org.hibernate.SQL - 
    insert 
    into
        sectors
        (actives, columns, row_data, sector, shelves, version, id) 
    values
        (?, ?, ?, ?, ?, ?, default)
2025-01-02 19:21:08 [main] DEBUG org.hibernate.SQL - 
    select
        s1_0.id,
        s1_0.actives,
        s1_0.columns,
        s1_0.row_data,
        s1_0.sector,
        s1_0.shelves,
        s1_0.version 
    from
        sectors s1_0 
    where
        s1_0.id=? 
        and s1_0.actives
2025-01-02 19:23:52 [main] DEBUG org.hibernate.SQL - 
    create table parts (
        id bigint generated by default as identity,
        actives boolean not null,
        quantities float(53) not null,
        cods bigint not null,
        images blob not null,
        names varchar(255) not null,
        version integer,
        sector bigint,
        primary key (id)
    )
2025-01-02 19:23:52 [main] DEBUG org.hibernate.SQL - 
    create table sectors (
        id bigint generated by default as identity,
        actives boolean not null,
        columns varchar(255) not null,
        row_data varchar(255) not null,
        sector varchar(255) not null,
        shelves varchar(255) not null,
        version integer,
        primary key (id)
    )
2025-01-02 19:23:52 [main] DEBUG org.hibernate.SQL - 
    alter table if exists parts 
       add constraint FK44bpbjjhvt2bd6spralcvfki7 
       foreign key (sector) 
       references sectors
2025-01-02 19:23:56 [main] DEBUG org.hibernate.SQL - 
    select
        s1_0.id,
        s1_0.actives,
        s1_0.columns,
        s1_0.row_data,
        s1_0.sector,
        s1_0.shelves,
        s1_0.version 
    from
        sectors s1_0 
    where
        s1_0.actives 
    order by
        s1_0.id 
    fetch
        first ? rows only
2025-01-02 19:23:57 [main] DEBUG org.hibernate.SQL - 
    insert 
    into
        sectors
        (actives, columns, row_data, sector, shelves, version, id) 
    values
        (?, ?, ?, ?, ?, ?, default)
2025-01-02 19:23:57 [main] DEBUG org.hibernate.SQL - 
    select
        s1_0.id,
        s1_0.actives,
        s1_0.columns,
        s1_0.row_data,
        s1_0.sector,
        s1_0.shelves,
        s1_0.version 
    from
        sectors s1_0 
    where
        s1_0.id=? 
        and s1_0.actives
2025-01-02 19:23:57 [main] DEBUG org.hibernate.SQL - 
    update
        sectors 
    set
        actives=?,
        columns=?,
        row_data=?,
        sector=?,
        shelves=?,
        version=? 
    where
        id=? 
        and version=?
2025-01-02 19:23:57 [main] DEBUG org.hibernate.SQL - 
    insert 
    into
        sectors
        (actives, columns, row_data, sector, shelves, version, id) 
    values
        (?, ?, ?, ?, ?, ?, default)
2025-01-02 19:23:57 [main] DEBUG org.hibernate.SQL - 
    select
        s1_0.id,
        s1_0.actives,
        s1_0.columns,
        s1_0.row_data,
        s1_0.sector,
        s1_0.shelves,
        s1_0.version 
    from
        sectors s1_0 
    where
        s1_0.id=? 
        and s1_0.actives
2025-01-02 19:23:57 [main] DEBUG org.hibernate.SQL - 
    select
        s1_0.id 
    from
        sectors s1_0 
    where
        s1_0.sector=? 
        and s1_0.shelves=? 
        and s1_0.columns=? 
        and s1_0.row_data=? 
    fetch
        first ? rows only
2025-01-02 19:23:57 [main] DEBUG org.hibernate.SQL - 
    insert 
    into
        sectors
        (actives, columns, row_data, sector, shelves, version, id) 
    values
        (?, ?, ?, ?, ?, ?, default)
2025-01-02 19:23:57 [main] DEBUG org.hibernate.SQL - 
    insert 
    into
        sectors
        (actives, columns, row_data, sector, shelves, version, id) 
    values
        (?, ?, ?, ?, ?, ?, default)
2025-01-02 19:23:57 [main] DEBUG org.hibernate.SQL - 
    select
        s1_0.id,
        s1_0.actives,
        s1_0.columns,
        s1_0.row_data,
        s1_0.sector,
        s1_0.shelves,
        s1_0.version 
    from
        sectors s1_0 
    where
        s1_0.id=? 
        and s1_0.actives
2025-01-02 19:24:31 [main] DEBUG org.hibernate.SQL - 
    create table parts (
        id bigint generated by default as identity,
        actives boolean not null,
        quantities float(53) not null,
        cods bigint not null,
        images blob not null,
        names varchar(255) not null,
        version integer,
        sector bigint,
        primary key (id)
    )
2025-01-02 19:24:31 [main] DEBUG org.hibernate.SQL - 
    create table sectors (
        id bigint generated by default as identity,
        actives boolean not null,
        columns varchar(255) not null,
        row_data varchar(255) not null,
        sector varchar(255) not null,
        shelves varchar(255) not null,
        version integer,
        primary key (id)
    )
2025-01-02 19:24:31 [main] DEBUG org.hibernate.SQL - 
    alter table if exists parts 
       add constraint FK44bpbjjhvt2bd6spralcvfki7 
       foreign key (sector) 
       references sectors
2025-01-02 19:24:55 [main] DEBUG org.hibernate.SQL - 
    create table parts (
        id bigint generated by default as identity,
        actives boolean not null,
        quantities float(53) not null,
        cods bigint not null,
        images blob not null,
        names varchar(255) not null,
        version integer,
        sector bigint,
        primary key (id)
    )
2025-01-02 19:24:55 [main] DEBUG org.hibernate.SQL - 
    create table sectors (
        id bigint generated by default as identity,
        actives boolean not null,
        columns varchar(255) not null,
        row_data varchar(255) not null,
        sector varchar(255) not null,
        shelves varchar(255) not null,
        version integer,
        primary key (id)
    )
2025-01-02 19:24:55 [main] DEBUG org.hibernate.SQL - 
    alter table if exists parts 
       add constraint FK44bpbjjhvt2bd6spralcvfki7 
       foreign key (sector) 
       references sectors
2025-01-02 19:25:05 [main] DEBUG org.hibernate.SQL - 
    select
        s1_0.id 
    from
        sectors s1_0 
    where
        s1_0.sector=? 
        and s1_0.shelves=? 
        and s1_0.columns=? 
        and s1_0.row_data=? 
    fetch
        first ? rows only
2025-01-02 19:25:05 [main] DEBUG org.hibernate.SQL - 
    insert 
    into
        sectors
        (actives, columns, row_data, sector, shelves, version, id) 
    values
        (?, ?, ?, ?, ?, ?, default)
2025-01-02 19:25:12 [main] DEBUG org.hibernate.SQL - 
    create table parts (
        id bigint generated by default as identity,
        actives boolean not null,
        quantities float(53) not null,
        cods bigint not null,
        images blob not null,
        names varchar(255) not null,
        version integer,
        sector bigint,
        primary key (id)
    )
2025-01-02 19:25:12 [main] DEBUG org.hibernate.SQL - 
    create table sectors (
        id bigint generated by default as identity,
        actives boolean not null,
        columns varchar(255) not null,
        row_data varchar(255) not null,
        sector varchar(255) not null,
        shelves varchar(255) not null,
        version integer,
        primary key (id)
    )
2025-01-02 19:25:12 [main] DEBUG org.hibernate.SQL - 
    alter table if exists parts 
       add constraint FK44bpbjjhvt2bd6spralcvfki7 
       foreign key (sector) 
       references sectors
2025-01-02 19:25:17 [main] DEBUG org.hibernate.SQL - 
    insert 
    into
        sectors
        (actives, columns, row_data, sector, shelves, version, id) 
    values
        (?, ?, ?, ?, ?, ?, default)
2025-01-02 19:25:18 [main] DEBUG org.hibernate.SQL - 
    select
        s1_0.id,
        s1_0.actives,
        s1_0.columns,
        s1_0.row_data,
        s1_0.sector,
        s1_0.shelves,
        s1_0.version 
    from
        sectors s1_0 
    where
        s1_0.id=? 
        and s1_0.actives
2025-01-02 19:25:18 [main] DEBUG org.hibernate.SQL - 
    select
        p1_0.sector,
        p1_0.id,
        p1_0.actives,
        p1_0.quantities,
        p1_0.cods,
        p1_0.images,
        p1_0.names,
        p1_0.version 
    from
        parts p1_0 
    where
        p1_0.sector=?
2025-01-02 19:25:31 [main] DEBUG org.hibernate.SQL - 
    create table parts (
        id bigint generated by default as identity,
        actives boolean not null,
        quantities float(53) not null,
        cods bigint not null,
        images blob not null,
        names varchar(255) not null,
        version integer,
        sector bigint,
        primary key (id)
    )
2025-01-02 19:25:31 [main] DEBUG org.hibernate.SQL - 
    create table sectors (
        id bigint generated by default as identity,
        actives boolean not null,
        columns varchar(255) not null,
        row_data varchar(255) not null,
        sector varchar(255) not null,
        shelves varchar(255) not null,
        version integer,
        primary key (id)
    )
2025-01-02 19:25:31 [main] DEBUG org.hibernate.SQL - 
    alter table if exists parts 
       add constraint FK44bpbjjhvt2bd6spralcvfki7 
       foreign key (sector) 
       references sectors
2025-01-02 19:25:35 [main] DEBUG org.hibernate.SQL - 
    insert 
    into
        sectors
        (actives, columns, row_data, sector, shelves, version, id) 
    values
        (?, ?, ?, ?, ?, ?, default)
2025-01-02 19:25:35 [main] DEBUG org.hibernate.SQL - 
    select
        s1_0.id,
        s1_0.actives,
        s1_0.columns,
        s1_0.row_data,
        s1_0.sector,
        s1_0.shelves,
        s1_0.version 
    from
        sectors s1_0 
    where
        s1_0.id=? 
        and s1_0.actives
2025-01-02 19:25:35 [main] DEBUG org.hibernate.SQL - 
    select
        p1_0.sector,
        p1_0.id,
        p1_0.actives,
        p1_0.quantities,
        p1_0.cods,
        p1_0.images,
        p1_0.names,
        p1_0.version 
    from
        parts p1_0 
    where
        p1_0.sector=?
2025-01-02 19:25:35 [main] DEBUG org.hibernate.SQL - 
    update
        sectors 
    set
        actives=?,
        columns=?,
        row_data=?,
        sector=?,
        shelves=?,
        version=? 
    where
        id=? 
        and version=?
2025-01-02 19:28:45 [main] DEBUG org.hibernate.SQL - 
    create table parts (
        id bigint generated by default as identity,
        actives boolean not null,
        quantities float(53) not null,
        cods bigint not null,
        images blob not null,
        names varchar(255) not null,
        version integer,
        sector bigint,
        primary key (id)
    )
2025-01-02 19:28:45 [main] DEBUG org.hibernate.SQL - 
    create table sectors (
        id bigint generated by default as identity,
        actives boolean not null,
        columns varchar(255) not null,
        row_data varchar(255) not null,
        sector varchar(255) not null,
        shelves varchar(255) not null,
        version integer,
        primary key (id)
    )
2025-01-02 19:28:45 [main] DEBUG org.hibernate.SQL - 
    alter table if exists parts 
       add constraint FK44bpbjjhvt2bd6spralcvfki7 
       foreign key (sector) 
       references sectors
2025-01-02 19:29:00 [main] DEBUG org.hibernate.SQL - 
    select
        s1_0.id,
        s1_0.actives,
        s1_0.columns,
        s1_0.row_data,
        s1_0.sector,
        s1_0.shelves,
        s1_0.version,
        p1_0.sector,
        p1_0.id,
        p1_0.actives,
        p1_0.quantities,
        p1_0.cods,
        p1_0.images,
        p1_0.names,
        p1_0.version 
    from
        sectors s1_0 
    left join
        parts p1_0 
            on s1_0.id=p1_0.sector 
    where
        s1_0.id=?
2025-01-02 19:29:00 [main] DEBUG org.hibernate.SQL - 
    select
        s1_0.id,
        s1_0.actives,
        s1_0.columns,
        s1_0.row_data,
        s1_0.sector,
        s1_0.shelves,
        s1_0.version 
    from
        sectors s1_0 
    where
        s1_0.id=?
2025-01-02 19:29:07 [main] DEBUG org.hibernate.SQL - 
    create table parts (
        id bigint generated by default as identity,
        actives boolean not null,
        quantities float(53) not null,
        cods bigint not null,
        images blob not null,
        names varchar(255) not null,
        version integer,
        sector bigint,
        primary key (id)
    )
2025-01-02 19:29:07 [main] DEBUG org.hibernate.SQL - 
    create table sectors (
        id bigint generated by default as identity,
        actives boolean not null,
        columns varchar(255) not null,
        row_data varchar(255) not null,
        sector varchar(255) not null,
        shelves varchar(255) not null,
        version integer,
        primary key (id)
    )
2025-01-02 19:29:07 [main] DEBUG org.hibernate.SQL - 
    alter table if exists parts 
       add constraint FK44bpbjjhvt2bd6spralcvfki7 
       foreign key (sector) 
       references sectors
2025-01-02 19:29:14 [main] DEBUG org.hibernate.SQL - 
    select
        s1_0.id,
        s1_0.actives,
        s1_0.columns,
        s1_0.row_data,
        s1_0.sector,
        s1_0.shelves,
        s1_0.version,
        p1_0.sector,
        p1_0.id,
        p1_0.actives,
        p1_0.quantities,
        p1_0.cods,
        p1_0.images,
        p1_0.names,
        p1_0.version 
    from
        sectors s1_0 
    left join
        parts p1_0 
            on s1_0.id=p1_0.sector 
    where
        s1_0.id=?
2025-01-02 19:29:14 [main] DEBUG org.hibernate.SQL - 
    select
        s1_0.id,
        s1_0.actives,
        s1_0.columns,
        s1_0.row_data,
        s1_0.sector,
        s1_0.shelves,
        s1_0.version 
    from
        sectors s1_0 
    where
        s1_0.id=?
2025-01-02 19:29:37 [main] DEBUG org.hibernate.SQL - 
    create table parts (
        id bigint generated by default as identity,
        actives boolean not null,
        quantities float(53) not null,
        cods bigint not null,
        images blob not null,
        names varchar(255) not null,
        version integer,
        sector bigint,
        primary key (id)
    )
2025-01-02 19:29:37 [main] DEBUG org.hibernate.SQL - 
    create table sectors (
        id bigint generated by default as identity,
        actives boolean not null,
        columns varchar(255) not null,
        row_data varchar(255) not null,
        sector varchar(255) not null,
        shelves varchar(255) not null,
        version integer,
        primary key (id)
    )
2025-01-02 19:29:37 [main] DEBUG org.hibernate.SQL - 
    alter table if exists parts 
       add constraint FK44bpbjjhvt2bd6spralcvfki7 
       foreign key (sector) 
       references sectors
2025-01-02 19:29:43 [main] DEBUG org.hibernate.SQL - 
    select
        s1_0.id,
        s1_0.actives,
        s1_0.columns,
        s1_0.row_data,
        s1_0.sector,
        s1_0.shelves,
        s1_0.version,
        p1_0.sector,
        p1_0.id,
        p1_0.actives,
        p1_0.quantities,
        p1_0.cods,
        p1_0.images,
        p1_0.names,
        p1_0.version 
    from
        sectors s1_0 
    left join
        parts p1_0 
            on s1_0.id=p1_0.sector 
    where
        s1_0.id=?
2025-01-02 19:29:43 [main] DEBUG org.hibernate.SQL - 
    select
        s1_0.id,
        s1_0.actives,
        s1_0.columns,
        s1_0.row_data,
        s1_0.sector,
        s1_0.shelves,
        s1_0.version 
    from
        sectors s1_0 
    where
        s1_0.id=?
2025-01-02 19:30:01 [main] DEBUG org.hibernate.SQL - 
    create table parts (
        id bigint generated by default as identity,
        actives boolean not null,
        quantities float(53) not null,
        cods bigint not null,
        images blob not null,
        names varchar(255) not null,
        version integer,
        sector bigint,
        primary key (id)
    )
2025-01-02 19:30:01 [main] DEBUG org.hibernate.SQL - 
    create table sectors (
        id bigint generated by default as identity,
        actives boolean not null,
        columns varchar(255) not null,
        row_data varchar(255) not null,
        sector varchar(255) not null,
        shelves varchar(255) not null,
        version integer,
        primary key (id)
    )
2025-01-02 19:30:01 [main] DEBUG org.hibernate.SQL - 
    alter table if exists parts 
       add constraint FK44bpbjjhvt2bd6spralcvfki7 
       foreign key (sector) 
       references sectors
2025-01-02 19:30:05 [main] DEBUG org.hibernate.SQL - 
    select
        s1_0.id,
        s1_0.actives,
        s1_0.columns,
        s1_0.row_data,
        s1_0.sector,
        s1_0.shelves,
        s1_0.version,
        p1_0.sector,
        p1_0.id,
        p1_0.actives,
        p1_0.quantities,
        p1_0.cods,
        p1_0.images,
        p1_0.names,
        p1_0.version 
    from
        sectors s1_0 
    left join
        parts p1_0 
            on s1_0.id=p1_0.sector 
    where
        s1_0.id=?
2025-01-02 19:30:06 [main] DEBUG org.hibernate.SQL - 
    select
        s1_0.id,
        s1_0.actives,
        s1_0.columns,
        s1_0.row_data,
        s1_0.sector,
        s1_0.shelves,
        s1_0.version 
    from
        sectors s1_0 
    where
        s1_0.id=?
2025-01-02 19:31:37 [main] DEBUG org.hibernate.SQL - 
    create table parts (
        id bigint generated by default as identity,
        actives boolean not null,
        quantities float(53) not null,
        cods bigint not null,
        images blob not null,
        names varchar(255) not null,
        version integer,
        sector bigint,
        primary key (id)
    )
2025-01-02 19:31:37 [main] DEBUG org.hibernate.SQL - 
    create table sectors (
        id bigint generated by default as identity,
        actives boolean not null,
        columns varchar(255) not null,
        row_data varchar(255) not null,
        sector varchar(255) not null,
        shelves varchar(255) not null,
        version integer,
        primary key (id)
    )
2025-01-02 19:31:37 [main] DEBUG org.hibernate.SQL - 
    alter table if exists parts 
       add constraint FK44bpbjjhvt2bd6spralcvfki7 
       foreign key (sector) 
       references sectors
2025-01-02 19:31:54 [main] DEBUG org.hibernate.SQL - 
    create table parts (
        id bigint generated by default as identity,
        actives boolean not null,
        quantities float(53) not null,
        cods bigint not null,
        images blob not null,
        names varchar(255) not null,
        version integer,
        sector bigint,
        primary key (id)
    )
2025-01-02 19:31:54 [main] DEBUG org.hibernate.SQL - 
    create table sectors (
        id bigint generated by default as identity,
        actives boolean not null,
        columns varchar(255) not null,
        row_data varchar(255) not null,
        sector varchar(255) not null,
        shelves varchar(255) not null,
        version integer,
        primary key (id)
    )
2025-01-02 19:31:54 [main] DEBUG org.hibernate.SQL - 
    alter table if exists parts 
       add constraint FK44bpbjjhvt2bd6spralcvfki7 
       foreign key (sector) 
       references sectors
2025-01-02 19:32:01 [main] DEBUG org.hibernate.SQL - 
    select
        s1_0.id,
        s1_0.actives,
        s1_0.columns,
        s1_0.row_data,
        s1_0.sector,
        s1_0.shelves,
        s1_0.version 
    from
        sectors s1_0 
    where
        s1_0.actives 
    order by
        s1_0.id 
    fetch
        first ? rows only
2025-01-02 19:32:13 [main] DEBUG org.hibernate.SQL - 
    create table parts (
        id bigint generated by default as identity,
        actives boolean not null,
        quantities float(53) not null,
        cods bigint not null,
        images blob not null,
        names varchar(255) not null,
        version integer,
        sector bigint,
        primary key (id)
    )
2025-01-02 19:32:13 [main] DEBUG org.hibernate.SQL - 
    create table sectors (
        id bigint generated by default as identity,
        actives boolean not null,
        columns varchar(255) not null,
        row_data varchar(255) not null,
        sector varchar(255) not null,
        shelves varchar(255) not null,
        version integer,
        primary key (id)
    )
2025-01-02 19:32:13 [main] DEBUG org.hibernate.SQL - 
    alter table if exists parts 
       add constraint FK44bpbjjhvt2bd6spralcvfki7 
       foreign key (sector) 
       references sectors
2025-01-02 19:32:21 [main] DEBUG org.hibernate.SQL - 
    insert 
    into
        sectors
        (actives, columns, row_data, sector, shelves, version, id) 
    values
        (?, ?, ?, ?, ?, ?, default)
2025-01-02 19:32:22 [main] DEBUG org.hibernate.SQL - 
    select
        s1_0.id,
        s1_0.actives,
        s1_0.columns,
        s1_0.row_data,
        s1_0.sector,
        s1_0.shelves,
        s1_0.version 
    from
        sectors s1_0 
    where
        s1_0.id=? 
        and s1_0.actives
2025-01-02 19:32:22 [main] DEBUG org.hibernate.SQL - 
    select
        p1_0.sector,
        p1_0.id,
        p1_0.actives,
        p1_0.quantities,
        p1_0.cods,
        p1_0.images,
        p1_0.names,
        p1_0.version 
    from
        parts p1_0 
    where
        p1_0.sector=?
2025-01-02 19:32:23 [main] DEBUG org.hibernate.SQL - 
    update
        sectors 
    set
        actives=?,
        columns=?,
        row_data=?,
        sector=?,
        shelves=?,
        version=? 
    where
        id=? 
        and version=?
2025-01-02 19:32:34 [main] DEBUG org.hibernate.SQL - 
    create table parts (
        id bigint generated by default as identity,
        actives boolean not null,
        quantities float(53) not null,
        cods bigint not null,
        images blob not null,
        names varchar(255) not null,
        version integer,
        sector bigint,
        primary key (id)
    )
2025-01-02 19:32:34 [main] DEBUG org.hibernate.SQL - 
    create table sectors (
        id bigint generated by default as identity,
        actives boolean not null,
        columns varchar(255) not null,
        row_data varchar(255) not null,
        sector varchar(255) not null,
        shelves varchar(255) not null,
        version integer,
        primary key (id)
    )
2025-01-02 19:32:34 [main] DEBUG org.hibernate.SQL - 
    alter table if exists parts 
       add constraint FK44bpbjjhvt2bd6spralcvfki7 
       foreign key (sector) 
       references sectors
2025-01-02 19:32:40 [main] DEBUG org.hibernate.SQL - 
    insert 
    into
        sectors
        (actives, columns, row_data, sector, shelves, version, id) 
    values
        (?, ?, ?, ?, ?, ?, default)
2025-01-02 19:32:41 [main] DEBUG org.hibernate.SQL - 
    select
        s1_0.id,
        s1_0.actives,
        s1_0.columns,
        s1_0.row_data,
        s1_0.sector,
        s1_0.shelves,
        s1_0.version 
    from
        sectors s1_0 
    where
        s1_0.id=? 
        and s1_0.actives
2025-01-02 19:32:41 [main] DEBUG org.hibernate.SQL - 
    update
        sectors 
    set
        actives=?,
        columns=?,
        row_data=?,
        sector=?,
        shelves=?,
        version=? 
    where
        id=? 
        and version=?
2025-01-02 19:32:52 [main] DEBUG org.hibernate.SQL - 
    create table parts (
        id bigint generated by default as identity,
        actives boolean not null,
        quantities float(53) not null,
        cods bigint not null,
        images blob not null,
        names varchar(255) not null,
        version integer,
        sector bigint,
        primary key (id)
    )
2025-01-02 19:32:52 [main] DEBUG org.hibernate.SQL - 
    create table sectors (
        id bigint generated by default as identity,
        actives boolean not null,
        columns varchar(255) not null,
        row_data varchar(255) not null,
        sector varchar(255) not null,
        shelves varchar(255) not null,
        version integer,
        primary key (id)
    )
2025-01-02 19:32:52 [main] DEBUG org.hibernate.SQL - 
    alter table if exists parts 
       add constraint FK44bpbjjhvt2bd6spralcvfki7 
       foreign key (sector) 
       references sectors
2025-01-02 19:33:00 [main] DEBUG org.hibernate.SQL - 
    select
        s1_0.id 
    from
        sectors s1_0 
    where
        s1_0.sector=? 
        and s1_0.shelves=? 
        and s1_0.columns=? 
        and s1_0.row_data=? 
    fetch
        first ? rows only
2025-01-02 19:33:00 [main] DEBUG org.hibernate.SQL - 
    insert 
    into
        sectors
        (actives, columns, row_data, sector, shelves, version, id) 
    values
        (?, ?, ?, ?, ?, ?, default)
2025-01-02 19:33:10 [main] DEBUG org.hibernate.SQL - 
    create table parts (
        id bigint generated by default as identity,
        actives boolean not null,
        quantities float(53) not null,
        cods bigint not null,
        images blob not null,
        names varchar(255) not null,
        version integer,
        sector bigint,
        primary key (id)
    )
2025-01-02 19:33:10 [main] DEBUG org.hibernate.SQL - 
    create table sectors (
        id bigint generated by default as identity,
        actives boolean not null,
        columns varchar(255) not null,
        row_data varchar(255) not null,
        sector varchar(255) not null,
        shelves varchar(255) not null,
        version integer,
        primary key (id)
    )
2025-01-02 19:33:10 [main] DEBUG org.hibernate.SQL - 
    alter table if exists parts 
       add constraint FK44bpbjjhvt2bd6spralcvfki7 
       foreign key (sector) 
       references sectors
2025-01-02 19:33:16 [main] DEBUG org.hibernate.SQL - 
    insert 
    into
        sectors
        (actives, columns, row_data, sector, shelves, version, id) 
    values
        (?, ?, ?, ?, ?, ?, default)
2025-01-02 19:33:16 [main] DEBUG org.hibernate.SQL - 
    select
        s1_0.id,
        s1_0.actives,
        s1_0.columns,
        s1_0.row_data,
        s1_0.sector,
        s1_0.shelves,
        s1_0.version 
    from
        sectors s1_0 
    where
        s1_0.id=? 
        and s1_0.actives
2025-01-02 19:33:16 [main] DEBUG org.hibernate.SQL - 
    select
        p1_0.sector,
        p1_0.id,
        p1_0.actives,
        p1_0.quantities,
        p1_0.cods,
        p1_0.images,
        p1_0.names,
        p1_0.version 
    from
        parts p1_0 
    where
        p1_0.sector=?
2025-01-02 19:34:39 [main] DEBUG org.hibernate.SQL - 
    create table parts (
        id bigint generated by default as identity,
        actives boolean not null,
        quantities float(53) not null,
        cods bigint not null,
        images blob not null,
        names varchar(255) not null,
        version integer,
        sector bigint,
        primary key (id)
    )
2025-01-02 19:34:39 [main] DEBUG org.hibernate.SQL - 
    create table sectors (
        id bigint generated by default as identity,
        actives boolean not null,
        columns varchar(255) not null,
        row_data varchar(255) not null,
        sector varchar(255) not null,
        shelves varchar(255) not null,
        version integer,
        primary key (id)
    )
2025-01-02 19:34:39 [main] DEBUG org.hibernate.SQL - 
    alter table if exists parts 
       add constraint FK44bpbjjhvt2bd6spralcvfki7 
       foreign key (sector) 
       references sectors
2025-01-02 19:34:43 [main] DEBUG org.hibernate.SQL - 
    select
        s1_0.id,
        s1_0.actives,
        s1_0.columns,
        s1_0.row_data,
        s1_0.sector,
        s1_0.shelves,
        s1_0.version 
    from
        sectors s1_0 
    where
        s1_0.actives 
    order by
        s1_0.id 
    fetch
        first ? rows only
2025-01-02 19:34:43 [main] DEBUG org.hibernate.SQL - 
    insert 
    into
        sectors
        (actives, columns, row_data, sector, shelves, version, id) 
    values
        (?, ?, ?, ?, ?, ?, default)
2025-01-02 19:34:43 [main] DEBUG org.hibernate.SQL - 
    select
        s1_0.id,
        s1_0.actives,
        s1_0.columns,
        s1_0.row_data,
        s1_0.sector,
        s1_0.shelves,
        s1_0.version 
    from
        sectors s1_0 
    where
        s1_0.id=? 
        and s1_0.actives
2025-01-02 19:34:43 [main] DEBUG org.hibernate.SQL - 
    update
        sectors 
    set
        actives=?,
        columns=?,
        row_data=?,
        sector=?,
        shelves=?,
        version=? 
    where
        id=? 
        and version=?
2025-01-02 19:34:43 [main] DEBUG org.hibernate.SQL - 
    select
        s1_0.id,
        s1_0.actives,
        s1_0.columns,
        s1_0.row_data,
        s1_0.sector,
        s1_0.shelves,
        s1_0.version,
        p1_0.sector,
        p1_0.id,
        p1_0.actives,
        p1_0.quantities,
        p1_0.cods,
        p1_0.images,
        p1_0.names,
        p1_0.version 
    from
        sectors s1_0 
    left join
        parts p1_0 
            on s1_0.id=p1_0.sector 
    where
        s1_0.id=?
2025-01-02 19:34:43 [main] DEBUG org.hibernate.SQL - 
    insert 
    into
        sectors
        (actives, columns, row_data, sector, shelves, version, id) 
    values
        (?, ?, ?, ?, ?, ?, default)
2025-01-02 19:34:43 [main] DEBUG org.hibernate.SQL - 
    select
        s1_0.id,
        s1_0.actives,
        s1_0.columns,
        s1_0.row_data,
        s1_0.sector,
        s1_0.shelves,
        s1_0.version 
    from
        sectors s1_0 
    where
        s1_0.id=? 
        and s1_0.actives
2025-01-02 19:34:44 [main] DEBUG org.hibernate.SQL - 
    select
        s1_0.id 
    from
        sectors s1_0 
    where
        s1_0.sector=? 
        and s1_0.shelves=? 
        and s1_0.columns=? 
        and s1_0.row_data=? 
    fetch
        first ? rows only
2025-01-02 19:34:44 [main] DEBUG org.hibernate.SQL - 
    insert 
    into
        sectors
        (actives, columns, row_data, sector, shelves, version, id) 
    values
        (?, ?, ?, ?, ?, ?, default)
2025-01-02 19:34:44 [main] DEBUG org.hibernate.SQL - 
    insert 
    into
        sectors
        (actives, columns, row_data, sector, shelves, version, id) 
    values
        (?, ?, ?, ?, ?, ?, default)
2025-01-02 19:34:44 [main] DEBUG org.hibernate.SQL - 
    select
        s1_0.id,
        s1_0.actives,
        s1_0.columns,
        s1_0.row_data,
        s1_0.sector,
        s1_0.shelves,
        s1_0.version 
    from
        sectors s1_0 
    where
        s1_0.id=? 
        and s1_0.actives
2025-01-02 19:36:30 [main] DEBUG org.hibernate.SQL - 
    create table parts (
        id bigint generated by default as identity,
        actives boolean not null,
        quantities float(53) not null,
        cods bigint not null,
        images blob not null,
        names varchar(255) not null,
        version integer,
        sector bigint,
        primary key (id)
    )
2025-01-02 19:36:30 [main] DEBUG org.hibernate.SQL - 
    create table sectors (
        id bigint generated by default as identity,
        actives boolean not null,
        columns varchar(255) not null,
        row_data varchar(255) not null,
        sector varchar(255) not null,
        shelves varchar(255) not null,
        version integer,
        primary key (id)
    )
2025-01-02 19:36:30 [main] DEBUG org.hibernate.SQL - 
    alter table if exists parts 
       add constraint FK44bpbjjhvt2bd6spralcvfki7 
       foreign key (sector) 
       references sectors
2025-01-02 19:36:37 [main] DEBUG org.hibernate.SQL - 
    select
        s1_0.id,
        s1_0.actives,
        s1_0.columns,
        s1_0.row_data,
        s1_0.sector,
        s1_0.shelves,
        s1_0.version 
    from
        sectors s1_0 
    where
        s1_0.actives 
    order by
        s1_0.id 
    fetch
        first ? rows only
2025-01-02 19:36:38 [main] DEBUG org.hibernate.SQL - 
    insert 
    into
        sectors
        (actives, columns, row_data, sector, shelves, version, id) 
    values
        (?, ?, ?, ?, ?, ?, default)
2025-01-02 19:36:38 [main] DEBUG org.hibernate.SQL - 
    select
        s1_0.id,
        s1_0.actives,
        s1_0.columns,
        s1_0.row_data,
        s1_0.sector,
        s1_0.shelves,
        s1_0.version 
    from
        sectors s1_0 
    where
        s1_0.id=? 
        and s1_0.actives
2025-01-02 19:36:38 [main] DEBUG org.hibernate.SQL - 
    update
        sectors 
    set
        actives=?,
        columns=?,
        row_data=?,
        sector=?,
        shelves=?,
        version=? 
    where
        id=? 
        and version=?
2025-01-02 19:36:38 [main] DEBUG org.hibernate.SQL - 
    insert 
    into
        sectors
        (actives, columns, row_data, sector, shelves, version, id) 
    values
        (?, ?, ?, ?, ?, ?, default)
2025-01-02 19:36:38 [main] DEBUG org.hibernate.SQL - 
    select
        s1_0.id,
        s1_0.actives,
        s1_0.columns,
        s1_0.row_data,
        s1_0.sector,
        s1_0.shelves,
        s1_0.version 
    from
        sectors s1_0 
    where
        s1_0.id=? 
        and s1_0.actives
2025-01-02 19:36:39 [main] DEBUG org.hibernate.SQL - 
    select
        s1_0.id 
    from
        sectors s1_0 
    where
        s1_0.sector=? 
        and s1_0.shelves=? 
        and s1_0.columns=? 
        and s1_0.row_data=? 
    fetch
        first ? rows only
2025-01-02 19:36:39 [main] DEBUG org.hibernate.SQL - 
    insert 
    into
        sectors
        (actives, columns, row_data, sector, shelves, version, id) 
    values
        (?, ?, ?, ?, ?, ?, default)
2025-01-02 19:36:39 [main] DEBUG org.hibernate.SQL - 
    insert 
    into
        sectors
        (actives, columns, row_data, sector, shelves, version, id) 
    values
        (?, ?, ?, ?, ?, ?, default)
2025-01-02 19:36:39 [main] DEBUG org.hibernate.SQL - 
    select
        s1_0.id,
        s1_0.actives,
        s1_0.columns,
        s1_0.row_data,
        s1_0.sector,
        s1_0.shelves,
        s1_0.version 
    from
        sectors s1_0 
    where
        s1_0.id=? 
        and s1_0.actives
2025-01-02 19:39:28 [main] DEBUG org.hibernate.SQL - 
    create table parts (
        id bigint generated by default as identity,
        actives boolean not null,
        quantities float(53) not null,
        cods bigint not null,
        images blob not null,
        names varchar(255) not null,
        version integer,
        sector bigint,
        primary key (id)
    )
2025-01-02 19:39:28 [main] DEBUG org.hibernate.SQL - 
    create table sectors (
        id bigint generated by default as identity,
        actives boolean not null,
        columns varchar(255) not null,
        row_data varchar(255) not null,
        sector varchar(255) not null,
        shelves varchar(255) not null,
        version integer,
        primary key (id)
    )
2025-01-02 19:39:28 [main] DEBUG org.hibernate.SQL - 
    alter table if exists parts 
       add constraint FK44bpbjjhvt2bd6spralcvfki7 
       foreign key (sector) 
       references sectors
2025-01-02 19:39:33 [main] DEBUG org.hibernate.SQL - 
    insert 
    into
        sectors
        (actives, columns, row_data, sector, shelves, version, id) 
    values
        (?, ?, ?, ?, ?, ?, default)
2025-01-02 19:39:34 [main] DEBUG org.hibernate.SQL - 
    select
        s1_0.id,
        s1_0.actives,
        s1_0.columns,
        s1_0.row_data,
        s1_0.sector,
        s1_0.shelves,
        s1_0.version 
    from
        sectors s1_0 
    where
        s1_0.id=? 
        and s1_0.actives
2025-01-02 19:39:34 [main] DEBUG org.hibernate.SQL - 
    update
        sectors 
    set
        actives=?,
        columns=?,
        row_data=?,
        sector=?,
        shelves=?,
        version=? 
    where
        id=? 
        and version=?
2025-01-02 19:40:53 [main] DEBUG org.hibernate.SQL - 
    create table parts (
        id bigint generated by default as identity,
        actives boolean not null,
        quantities float(53) not null,
        cods bigint not null,
        images blob not null,
        names varchar(255) not null,
        version integer,
        sector bigint,
        primary key (id)
    )
2025-01-02 19:40:53 [main] DEBUG org.hibernate.SQL - 
    create table sectors (
        id bigint generated by default as identity,
        actives boolean not null,
        columns varchar(255) not null,
        row_data varchar(255) not null,
        sector varchar(255) not null,
        shelves varchar(255) not null,
        version integer,
        primary key (id)
    )
2025-01-02 19:40:53 [main] DEBUG org.hibernate.SQL - 
    alter table if exists parts 
       add constraint FK44bpbjjhvt2bd6spralcvfki7 
       foreign key (sector) 
       references sectors
2025-01-02 19:40:59 [main] DEBUG org.hibernate.SQL - 
    insert 
    into
        sectors
        (actives, columns, row_data, sector, shelves, version, id) 
    values
        (?, ?, ?, ?, ?, ?, default)
2025-01-02 19:41:00 [main] DEBUG org.hibernate.SQL - 
    select
        s1_0.id,
        s1_0.actives,
        s1_0.columns,
        s1_0.row_data,
        s1_0.sector,
        s1_0.shelves,
        s1_0.version 
    from
        sectors s1_0 
    where
        s1_0.id=? 
        and s1_0.actives
2025-01-02 19:41:00 [main] DEBUG org.hibernate.SQL - 
    select
        p1_0.sector,
        p1_0.id,
        p1_0.actives,
        p1_0.quantities,
        p1_0.cods,
        p1_0.images,
        p1_0.names,
        p1_0.version 
    from
        parts p1_0 
    where
        p1_0.sector=?
2025-01-02 19:42:00 [main] DEBUG org.hibernate.SQL - 
    create table parts (
        id bigint generated by default as identity,
        actives boolean not null,
        quantities float(53) not null,
        cods bigint not null,
        images blob not null,
        names varchar(255) not null,
        version integer,
        sector bigint,
        primary key (id)
    )
2025-01-02 19:42:00 [main] DEBUG org.hibernate.SQL - 
    create table sectors (
        id bigint generated by default as identity,
        actives boolean not null,
        columns varchar(255) not null,
        row_data varchar(255) not null,
        sector varchar(255) not null,
        shelves varchar(255) not null,
        version integer,
        primary key (id)
    )
2025-01-02 19:42:00 [main] DEBUG org.hibernate.SQL - 
    alter table if exists parts 
       add constraint FK44bpbjjhvt2bd6spralcvfki7 
       foreign key (sector) 
       references sectors
2025-01-02 19:42:04 [main] DEBUG org.hibernate.SQL - 
    insert 
    into
        sectors
        (actives, columns, row_data, sector, shelves, version, id) 
    values
        (?, ?, ?, ?, ?, ?, default)
2025-01-02 19:42:05 [main] DEBUG org.hibernate.SQL - 
    select
        s1_0.id,
        s1_0.actives,
        s1_0.columns,
        s1_0.row_data,
        s1_0.sector,
        s1_0.shelves,
        s1_0.version 
    from
        sectors s1_0 
    where
        s1_0.id=? 
        and s1_0.actives
2025-01-02 19:42:05 [main] DEBUG org.hibernate.SQL - 
    select
        p1_0.sector,
        p1_0.id,
        p1_0.actives,
        p1_0.quantities,
        p1_0.cods,
        p1_0.images,
        p1_0.names,
        p1_0.version 
    from
        parts p1_0 
    where
        p1_0.sector=?
2025-01-02 19:43:19 [main] DEBUG org.hibernate.SQL - 
    create table parts (
        id bigint generated by default as identity,
        actives boolean not null,
        quantities float(53) not null,
        cods bigint not null,
        images blob not null,
        names varchar(255) not null,
        version integer,
        sector bigint,
        primary key (id)
    )
2025-01-02 19:43:19 [main] DEBUG org.hibernate.SQL - 
    create table sectors (
        id bigint generated by default as identity,
        actives boolean not null,
        columns varchar(255) not null,
        row_data varchar(255) not null,
        sector varchar(255) not null,
        shelves varchar(255) not null,
        version integer,
        primary key (id)
    )
2025-01-02 19:43:19 [main] DEBUG org.hibernate.SQL - 
    alter table if exists parts 
       add constraint FK44bpbjjhvt2bd6spralcvfki7 
       foreign key (sector) 
       references sectors
2025-01-02 19:43:23 [main] DEBUG org.hibernate.SQL - 
    select
        s1_0.id 
    from
        sectors s1_0 
    where
        s1_0.sector=? 
        and s1_0.shelves=? 
        and s1_0.columns=? 
        and s1_0.row_data=? 
    fetch
        first ? rows only
2025-01-02 19:43:23 [main] DEBUG org.hibernate.SQL - 
    insert 
    into
        sectors
        (actives, columns, row_data, sector, shelves, version, id) 
    values
        (?, ?, ?, ?, ?, ?, default)
2025-01-02 19:43:39 [main] DEBUG org.hibernate.SQL - 
    create table parts (
        id bigint generated by default as identity,
        actives boolean not null,
        quantities float(53) not null,
        cods bigint not null,
        images blob not null,
        names varchar(255) not null,
        version integer,
        sector bigint,
        primary key (id)
    )
2025-01-02 19:43:39 [main] DEBUG org.hibernate.SQL - 
    create table sectors (
        id bigint generated by default as identity,
        actives boolean not null,
        columns varchar(255) not null,
        row_data varchar(255) not null,
        sector varchar(255) not null,
        shelves varchar(255) not null,
        version integer,
        primary key (id)
    )
2025-01-02 19:43:39 [main] DEBUG org.hibernate.SQL - 
    alter table if exists parts 
       add constraint FK44bpbjjhvt2bd6spralcvfki7 
       foreign key (sector) 
       references sectors
2025-01-02 19:43:43 [main] DEBUG org.hibernate.SQL - 
    select
        s1_0.id,
        s1_0.actives,
        s1_0.columns,
        s1_0.row_data,
        s1_0.sector,
        s1_0.shelves,
        s1_0.version 
    from
        sectors s1_0 
    where
        s1_0.actives 
    order by
        s1_0.id 
    fetch
        first ? rows only
2025-01-02 19:43:44 [main] DEBUG org.hibernate.SQL - 
    insert 
    into
        sectors
        (actives, columns, row_data, sector, shelves, version, id) 
    values
        (?, ?, ?, ?, ?, ?, default)
2025-01-02 19:43:44 [main] DEBUG org.hibernate.SQL - 
    select
        s1_0.id,
        s1_0.actives,
        s1_0.columns,
        s1_0.row_data,
        s1_0.sector,
        s1_0.shelves,
        s1_0.version 
    from
        sectors s1_0 
    where
        s1_0.id=? 
        and s1_0.actives
2025-01-02 19:43:44 [main] DEBUG org.hibernate.SQL - 
    update
        sectors 
    set
        actives=?,
        columns=?,
        row_data=?,
        sector=?,
        shelves=?,
        version=? 
    where
        id=? 
        and version=?
2025-01-02 19:43:44 [main] DEBUG org.hibernate.SQL - 
    insert 
    into
        sectors
        (actives, columns, row_data, sector, shelves, version, id) 
    values
        (?, ?, ?, ?, ?, ?, default)
2025-01-02 19:43:44 [main] DEBUG org.hibernate.SQL - 
    select
        s1_0.id,
        s1_0.actives,
        s1_0.columns,
        s1_0.row_data,
        s1_0.sector,
        s1_0.shelves,
        s1_0.version 
    from
        sectors s1_0 
    where
        s1_0.id=? 
        and s1_0.actives
2025-01-02 19:43:44 [main] DEBUG org.hibernate.SQL - 
    select
        p1_0.sector,
        p1_0.id,
        p1_0.actives,
        p1_0.quantities,
        p1_0.cods,
        p1_0.images,
        p1_0.names,
        p1_0.version 
    from
        parts p1_0 
    where
        p1_0.sector=?
2025-01-02 19:43:44 [main] DEBUG org.hibernate.SQL - 
    select
        s1_0.id 
    from
        sectors s1_0 
    where
        s1_0.sector=? 
        and s1_0.shelves=? 
        and s1_0.columns=? 
        and s1_0.row_data=? 
    fetch
        first ? rows only
2025-01-02 19:43:44 [main] DEBUG org.hibernate.SQL - 
    insert 
    into
        sectors
        (actives, columns, row_data, sector, shelves, version, id) 
    values
        (?, ?, ?, ?, ?, ?, default)
2025-01-02 19:43:44 [main] DEBUG org.hibernate.SQL - 
    insert 
    into
        sectors
        (actives, columns, row_data, sector, shelves, version, id) 
    values
        (?, ?, ?, ?, ?, ?, default)
2025-01-02 19:43:44 [main] DEBUG org.hibernate.SQL - 
    select
        s1_0.id,
        s1_0.actives,
        s1_0.columns,
        s1_0.row_data,
        s1_0.sector,
        s1_0.shelves,
        s1_0.version 
    from
        sectors s1_0 
    where
        s1_0.id=? 
        and s1_0.actives
2025-01-02 19:43:44 [main] DEBUG org.hibernate.SQL - 
    select
        p1_0.sector,
        p1_0.id,
        p1_0.actives,
        p1_0.quantities,
        p1_0.cods,
        p1_0.images,
        p1_0.names,
        p1_0.version 
    from
        parts p1_0 
    where
        p1_0.sector=?
2025-01-02 19:44:57 [main] DEBUG org.hibernate.SQL - 
    create table parts (
        id bigint generated by default as identity,
        actives boolean not null,
        quantities float(53) not null,
        cods bigint not null,
        images blob not null,
        names varchar(255) not null,
        version integer,
        sector bigint,
        primary key (id)
    )
2025-01-02 19:44:57 [main] DEBUG org.hibernate.SQL - 
    create table sectors (
        id bigint generated by default as identity,
        actives boolean not null,
        columns varchar(255) not null,
        row_data varchar(255) not null,
        sector varchar(255) not null,
        shelves varchar(255) not null,
        version integer,
        primary key (id)
    )
2025-01-02 19:44:57 [main] DEBUG org.hibernate.SQL - 
    alter table if exists parts 
       add constraint FK44bpbjjhvt2bd6spralcvfki7 
       foreign key (sector) 
       references sectors
2025-01-02 19:45:01 [main] DEBUG org.hibernate.SQL - 
    select
        s1_0.id,
        s1_0.actives,
        s1_0.columns,
        s1_0.row_data,
        s1_0.sector,
        s1_0.shelves,
        s1_0.version 
    from
        sectors s1_0 
    where
        s1_0.actives 
    order by
        s1_0.id 
    fetch
        first ? rows only
2025-01-02 19:45:01 [main] DEBUG org.hibernate.SQL - 
    insert 
    into
        sectors
        (actives, columns, row_data, sector, shelves, version, id) 
    values
        (?, ?, ?, ?, ?, ?, default)
2025-01-02 19:45:01 [main] DEBUG org.hibernate.SQL - 
    select
        s1_0.id,
        s1_0.actives,
        s1_0.columns,
        s1_0.row_data,
        s1_0.sector,
        s1_0.shelves,
        s1_0.version 
    from
        sectors s1_0 
    where
        s1_0.id=? 
        and s1_0.actives
2025-01-02 19:45:01 [main] DEBUG org.hibernate.SQL - 
    update
        sectors 
    set
        actives=?,
        columns=?,
        row_data=?,
        sector=?,
        shelves=?,
        version=? 
    where
        id=? 
        and version=?
2025-01-02 19:45:01 [main] DEBUG org.hibernate.SQL - 
    insert 
    into
        sectors
        (actives, columns, row_data, sector, shelves, version, id) 
    values
        (?, ?, ?, ?, ?, ?, default)
2025-01-02 19:45:02 [main] DEBUG org.hibernate.SQL - 
    select
        s1_0.id,
        s1_0.actives,
        s1_0.columns,
        s1_0.row_data,
        s1_0.sector,
        s1_0.shelves,
        s1_0.version 
    from
        sectors s1_0 
    where
        s1_0.id=? 
        and s1_0.actives
2025-01-02 19:45:02 [main] DEBUG org.hibernate.SQL - 
    select
        p1_0.sector,
        p1_0.id,
        p1_0.actives,
        p1_0.quantities,
        p1_0.cods,
        p1_0.images,
        p1_0.names,
        p1_0.version 
    from
        parts p1_0 
    where
        p1_0.sector=?
2025-01-02 19:45:02 [main] DEBUG org.hibernate.SQL - 
    select
        s1_0.id 
    from
        sectors s1_0 
    where
        s1_0.sector=? 
        and s1_0.shelves=? 
        and s1_0.columns=? 
        and s1_0.row_data=? 
    fetch
        first ? rows only
2025-01-02 19:45:02 [main] DEBUG org.hibernate.SQL - 
    insert 
    into
        sectors
        (actives, columns, row_data, sector, shelves, version, id) 
    values
        (?, ?, ?, ?, ?, ?, default)
2025-01-02 19:45:02 [main] DEBUG org.hibernate.SQL - 
    insert 
    into
        sectors
        (actives, columns, row_data, sector, shelves, version, id) 
    values
        (?, ?, ?, ?, ?, ?, default)
2025-01-02 19:45:02 [main] DEBUG org.hibernate.SQL - 
    select
        s1_0.id,
        s1_0.actives,
        s1_0.columns,
        s1_0.row_data,
        s1_0.sector,
        s1_0.shelves,
        s1_0.version 
    from
        sectors s1_0 
    where
        s1_0.id=? 
        and s1_0.actives
2025-01-02 19:45:02 [main] DEBUG org.hibernate.SQL - 
    select
        p1_0.sector,
        p1_0.id,
        p1_0.actives,
        p1_0.quantities,
        p1_0.cods,
        p1_0.images,
        p1_0.names,
        p1_0.version 
    from
        parts p1_0 
    where
        p1_0.sector=?
2025-01-02 19:45:55 [main] DEBUG org.hibernate.SQL - 
    create table parts (
        id bigint generated by default as identity,
        actives boolean not null,
        quantities float(53) not null,
        cods bigint not null,
        images blob not null,
        names varchar(255) not null,
        version integer,
        sector bigint,
        primary key (id)
    )
2025-01-02 19:45:55 [main] DEBUG org.hibernate.SQL - 
    create table sectors (
        id bigint generated by default as identity,
        actives boolean not null,
        columns varchar(255) not null,
        row_data varchar(255) not null,
        sector varchar(255) not null,
        shelves varchar(255) not null,
        version integer,
        primary key (id)
    )
2025-01-02 19:45:55 [main] DEBUG org.hibernate.SQL - 
    alter table if exists parts 
       add constraint FK44bpbjjhvt2bd6spralcvfki7 
       foreign key (sector) 
       references sectors
2025-01-02 19:45:59 [main] DEBUG org.hibernate.SQL - 
    select
        s1_0.id,
        s1_0.actives,
        s1_0.columns,
        s1_0.row_data,
        s1_0.sector,
        s1_0.shelves,
        s1_0.version 
    from
        sectors s1_0 
    where
        s1_0.actives 
    order by
        s1_0.id 
    fetch
        first ? rows only
2025-01-02 19:45:59 [main] DEBUG org.hibernate.SQL - 
    insert 
    into
        sectors
        (actives, columns, row_data, sector, shelves, version, id) 
    values
        (?, ?, ?, ?, ?, ?, default)
2025-01-02 19:45:59 [main] DEBUG org.hibernate.SQL - 
    select
        s1_0.id,
        s1_0.actives,
        s1_0.columns,
        s1_0.row_data,
        s1_0.sector,
        s1_0.shelves,
        s1_0.version 
    from
        sectors s1_0 
    where
        s1_0.id=? 
        and s1_0.actives
2025-01-02 19:46:00 [main] DEBUG org.hibernate.SQL - 
    update
        sectors 
    set
        actives=?,
        columns=?,
        row_data=?,
        sector=?,
        shelves=?,
        version=? 
    where
        id=? 
        and version=?
2025-01-02 19:46:00 [main] DEBUG org.hibernate.SQL - 
    insert 
    into
        sectors
        (actives, columns, row_data, sector, shelves, version, id) 
    values
        (?, ?, ?, ?, ?, ?, default)
2025-01-02 19:46:00 [main] DEBUG org.hibernate.SQL - 
    select
        s1_0.id,
        s1_0.actives,
        s1_0.columns,
        s1_0.row_data,
        s1_0.sector,
        s1_0.shelves,
        s1_0.version 
    from
        sectors s1_0 
    where
        s1_0.id=? 
        and s1_0.actives
2025-01-02 19:46:00 [main] DEBUG org.hibernate.SQL - 
    select
        p1_0.sector,
        p1_0.id,
        p1_0.actives,
        p1_0.quantities,
        p1_0.cods,
        p1_0.images,
        p1_0.names,
        p1_0.version 
    from
        parts p1_0 
    where
        p1_0.sector=?
2025-01-02 19:46:00 [main] DEBUG org.hibernate.SQL - 
    select
        s1_0.id 
    from
        sectors s1_0 
    where
        s1_0.sector=? 
        and s1_0.shelves=? 
        and s1_0.columns=? 
        and s1_0.row_data=? 
    fetch
        first ? rows only
2025-01-02 19:46:00 [main] DEBUG org.hibernate.SQL - 
    insert 
    into
        sectors
        (actives, columns, row_data, sector, shelves, version, id) 
    values
        (?, ?, ?, ?, ?, ?, default)
2025-01-02 19:46:00 [main] DEBUG org.hibernate.SQL - 
    insert 
    into
        sectors
        (actives, columns, row_data, sector, shelves, version, id) 
    values
        (?, ?, ?, ?, ?, ?, default)
2025-01-02 19:46:00 [main] DEBUG org.hibernate.SQL - 
    select
        s1_0.id,
        s1_0.actives,
        s1_0.columns,
        s1_0.row_data,
        s1_0.sector,
        s1_0.shelves,
        s1_0.version 
    from
        sectors s1_0 
    where
        s1_0.id=? 
        and s1_0.actives
2025-01-02 19:46:00 [main] DEBUG org.hibernate.SQL - 
    select
        p1_0.sector,
        p1_0.id,
        p1_0.actives,
        p1_0.quantities,
        p1_0.cods,
        p1_0.images,
        p1_0.names,
        p1_0.version 
    from
        parts p1_0 
    where
        p1_0.sector=?
2025-01-02 19:49:46 [main] DEBUG org.hibernate.SQL - 
    create table parts (
        id bigint generated by default as identity,
        actives boolean not null,
        quantities float(53) not null,
        cods bigint not null,
        images blob not null,
        names varchar(255) not null,
        version integer,
        sector bigint,
        primary key (id)
    )
2025-01-02 19:49:46 [main] DEBUG org.hibernate.SQL - 
    create table sectors (
        id bigint generated by default as identity,
        actives boolean not null,
        columns varchar(255) not null,
        row_data varchar(255) not null,
        sector varchar(255) not null,
        shelves varchar(255) not null,
        version integer,
        primary key (id)
    )
2025-01-02 19:49:46 [main] DEBUG org.hibernate.SQL - 
    alter table if exists parts 
       add constraint FK44bpbjjhvt2bd6spralcvfki7 
       foreign key (sector) 
       references sectors
2025-01-02 19:49:51 [main] DEBUG org.hibernate.SQL - 
    select
        s1_0.id,
        s1_0.actives,
        s1_0.columns,
        s1_0.row_data,
        s1_0.sector,
        s1_0.shelves,
        s1_0.version 
    from
        sectors s1_0 
    where
        s1_0.actives 
    order by
        s1_0.id 
    fetch
        first ? rows only
2025-01-02 19:49:51 [main] DEBUG org.hibernate.SQL - 
    insert 
    into
        sectors
        (actives, columns, row_data, sector, shelves, version, id) 
    values
        (?, ?, ?, ?, ?, ?, default)
2025-01-02 19:49:51 [main] DEBUG org.hibernate.SQL - 
    select
        s1_0.id,
        s1_0.actives,
        s1_0.columns,
        s1_0.row_data,
        s1_0.sector,
        s1_0.shelves,
        s1_0.version 
    from
        sectors s1_0 
    where
        s1_0.id=? 
        and s1_0.actives
2025-01-02 19:49:51 [main] DEBUG org.hibernate.SQL - 
    update
        sectors 
    set
        actives=?,
        columns=?,
        row_data=?,
        sector=?,
        shelves=?,
        version=? 
    where
        id=? 
        and version=?
2025-01-02 19:49:51 [main] DEBUG org.hibernate.SQL - 
    insert 
    into
        sectors
        (actives, columns, row_data, sector, shelves, version, id) 
    values
        (?, ?, ?, ?, ?, ?, default)
2025-01-02 19:49:52 [main] DEBUG org.hibernate.SQL - 
    select
        s1_0.id,
        s1_0.actives,
        s1_0.columns,
        s1_0.row_data,
        s1_0.sector,
        s1_0.shelves,
        s1_0.version 
    from
        sectors s1_0 
    where
        s1_0.id=? 
        and s1_0.actives
2025-01-02 19:49:52 [main] DEBUG org.hibernate.SQL - 
    select
        p1_0.sector,
        p1_0.id,
        p1_0.actives,
        p1_0.quantities,
        p1_0.cods,
        p1_0.images,
        p1_0.names,
        p1_0.version 
    from
        parts p1_0 
    where
        p1_0.sector=?
2025-01-02 19:49:52 [main] DEBUG org.hibernate.SQL - 
    select
        s1_0.id 
    from
        sectors s1_0 
    where
        s1_0.sector=? 
        and s1_0.shelves=? 
        and s1_0.columns=? 
        and s1_0.row_data=? 
    fetch
        first ? rows only
2025-01-02 19:49:52 [main] DEBUG org.hibernate.SQL - 
    insert 
    into
        sectors
        (actives, columns, row_data, sector, shelves, version, id) 
    values
        (?, ?, ?, ?, ?, ?, default)
2025-01-02 19:49:52 [main] DEBUG org.hibernate.SQL - 
    insert 
    into
        sectors
        (actives, columns, row_data, sector, shelves, version, id) 
    values
        (?, ?, ?, ?, ?, ?, default)
2025-01-02 19:49:52 [main] DEBUG org.hibernate.SQL - 
    select
        s1_0.id,
        s1_0.actives,
        s1_0.columns,
        s1_0.row_data,
        s1_0.sector,
        s1_0.shelves,
        s1_0.version 
    from
        sectors s1_0 
    where
        s1_0.id=? 
        and s1_0.actives
2025-01-02 19:49:52 [main] DEBUG org.hibernate.SQL - 
    select
        p1_0.sector,
        p1_0.id,
        p1_0.actives,
        p1_0.quantities,
        p1_0.cods,
        p1_0.images,
        p1_0.names,
        p1_0.version 
    from
        parts p1_0 
    where
        p1_0.sector=?
2025-01-02 19:54:07 [main] DEBUG org.hibernate.SQL - 
    create table parts (
        id bigint generated by default as identity,
        actives boolean not null,
        quantities float(53) not null,
        cods bigint not null,
        images blob not null,
        names varchar(255) not null,
        version integer,
        sector bigint,
        primary key (id)
    )
2025-01-02 19:54:07 [main] DEBUG org.hibernate.SQL - 
    create table sectors (
        id bigint generated by default as identity,
        actives boolean not null,
        columns varchar(255) not null,
        row_data varchar(255) not null,
        sector varchar(255) not null,
        shelves varchar(255) not null,
        version integer,
        primary key (id)
    )
2025-01-02 19:54:07 [main] DEBUG org.hibernate.SQL - 
    alter table if exists parts 
       add constraint FK44bpbjjhvt2bd6spralcvfki7 
       foreign key (sector) 
       references sectors
2025-01-02 19:54:11 [main] DEBUG org.hibernate.SQL - 
    select
        s1_0.id,
        s1_0.actives,
        s1_0.columns,
        s1_0.row_data,
        s1_0.sector,
        s1_0.shelves,
        s1_0.version 
    from
        sectors s1_0 
    where
        s1_0.actives 
    order by
        s1_0.id 
    fetch
        first ? rows only
2025-01-02 19:54:12 [main] DEBUG org.hibernate.SQL - 
    insert 
    into
        sectors
        (actives, columns, row_data, sector, shelves, version, id) 
    values
        (?, ?, ?, ?, ?, ?, default)
2025-01-02 19:54:12 [main] DEBUG org.hibernate.SQL - 
    select
        s1_0.id,
        s1_0.actives,
        s1_0.columns,
        s1_0.row_data,
        s1_0.sector,
        s1_0.shelves,
        s1_0.version 
    from
        sectors s1_0 
    where
        s1_0.id=? 
        and s1_0.actives
2025-01-02 19:54:12 [main] DEBUG org.hibernate.SQL - 
    update
        sectors 
    set
        actives=?,
        columns=?,
        row_data=?,
        sector=?,
        shelves=?,
        version=? 
    where
        id=? 
        and version=?
2025-01-02 19:54:12 [main] DEBUG org.hibernate.SQL - 
    insert 
    into
        sectors
        (actives, columns, row_data, sector, shelves, version, id) 
    values
        (?, ?, ?, ?, ?, ?, default)
2025-01-02 19:54:12 [main] DEBUG org.hibernate.SQL - 
    select
        s1_0.id,
        s1_0.actives,
        s1_0.columns,
        s1_0.row_data,
        s1_0.sector,
        s1_0.shelves,
        s1_0.version 
    from
        sectors s1_0 
    where
        s1_0.id=? 
        and s1_0.actives
2025-01-02 19:54:12 [main] DEBUG org.hibernate.SQL - 
    select
        p1_0.sector,
        p1_0.id,
        p1_0.actives,
        p1_0.quantities,
        p1_0.cods,
        p1_0.images,
        p1_0.names,
        p1_0.version 
    from
        parts p1_0 
    where
        p1_0.sector=?
2025-01-02 19:54:12 [main] DEBUG org.hibernate.SQL - 
    select
        s1_0.id 
    from
        sectors s1_0 
    where
        s1_0.sector=? 
        and s1_0.shelves=? 
        and s1_0.columns=? 
        and s1_0.row_data=? 
    fetch
        first ? rows only
2025-01-02 19:54:12 [main] DEBUG org.hibernate.SQL - 
    insert 
    into
        sectors
        (actives, columns, row_data, sector, shelves, version, id) 
    values
        (?, ?, ?, ?, ?, ?, default)
2025-01-02 19:54:12 [main] DEBUG org.hibernate.SQL - 
    insert 
    into
        sectors
        (actives, columns, row_data, sector, shelves, version, id) 
    values
        (?, ?, ?, ?, ?, ?, default)
2025-01-02 19:54:12 [main] DEBUG org.hibernate.SQL - 
    select
        s1_0.id,
        s1_0.actives,
        s1_0.columns,
        s1_0.row_data,
        s1_0.sector,
        s1_0.shelves,
        s1_0.version 
    from
        sectors s1_0 
    where
        s1_0.id=? 
        and s1_0.actives
2025-01-02 19:54:12 [main] DEBUG org.hibernate.SQL - 
    select
        p1_0.sector,
        p1_0.id,
        p1_0.actives,
        p1_0.quantities,
        p1_0.cods,
        p1_0.images,
        p1_0.names,
        p1_0.version 
    from
        parts p1_0 
    where
        p1_0.sector=?
2025-01-02 20:09:02 [main] DEBUG org.hibernate.SQL - 
    drop table if exists parts cascade 
2025-01-02 20:09:02 [main] DEBUG org.hibernate.SQL - 
    drop table if exists sectors cascade 
2025-01-02 20:09:02 [main] DEBUG org.hibernate.SQL - 
    create table parts (
        actives boolean not null,
        quantities float(53) not null,
        version integer,
        cods bigint not null,
        id bigint generated by default as identity,
        sector bigint,
        names varchar(255) not null,
        images blob not null,
        primary key (id)
    )
2025-01-02 20:09:02 [main] DEBUG org.hibernate.SQL - 
    create table sectors (
        actives boolean not null,
        version integer,
        id bigint generated by default as identity,
        columns varchar(255) not null,
        row_data varchar(255) not null,
        sector varchar(255) not null,
        shelves varchar(255) not null,
        primary key (id)
    )
2025-01-02 20:09:02 [main] DEBUG org.hibernate.SQL - 
    alter table if exists parts 
       add constraint FK44bpbjjhvt2bd6spralcvfki7 
       foreign key (sector) 
       references sectors
2025-01-02 20:09:06 [main] DEBUG org.hibernate.SQL - 
    select
        s1_0.id,
        s1_0.actives,
        s1_0.columns,
        s1_0.row_data,
        s1_0.sector,
        s1_0.shelves,
        s1_0.version 
    from
        sectors s1_0 
    where
        s1_0.actives 
    order by
        s1_0.id 
    fetch
        first ? rows only
2025-01-02 20:09:06 [main] DEBUG org.hibernate.SQL - 
    insert 
    into
        sectors
        (actives, columns, row_data, sector, shelves, version, id) 
    values
        (?, ?, ?, ?, ?, ?, default)
2025-01-02 20:09:06 [main] DEBUG org.hibernate.SQL - 
    select
        s1_0.id,
        s1_0.actives,
        s1_0.columns,
        s1_0.row_data,
        s1_0.sector,
        s1_0.shelves,
        s1_0.version 
    from
        sectors s1_0 
    where
        s1_0.id=? 
        and s1_0.actives
2025-01-02 20:09:06 [main] DEBUG org.hibernate.SQL - 
    update
        sectors 
    set
        actives=?,
        columns=?,
        row_data=?,
        sector=?,
        shelves=?,
        version=? 
    where
        id=? 
        and version=?
2025-01-02 20:09:06 [main] DEBUG org.hibernate.SQL - 
    insert 
    into
        sectors
        (actives, columns, row_data, sector, shelves, version, id) 
    values
        (?, ?, ?, ?, ?, ?, default)
2025-01-02 20:09:06 [main] DEBUG org.hibernate.SQL - 
    select
        s1_0.id,
        s1_0.actives,
        s1_0.columns,
        s1_0.row_data,
        s1_0.sector,
        s1_0.shelves,
        s1_0.version 
    from
        sectors s1_0 
    where
        s1_0.id=? 
        and s1_0.actives
2025-01-02 20:09:06 [main] DEBUG org.hibernate.SQL - 
    select
        p1_0.sector,
        p1_0.id,
        p1_0.actives,
        p1_0.quantities,
        p1_0.cods,
        p1_0.images,
        p1_0.names,
        p1_0.version 
    from
        parts p1_0 
    where
        p1_0.sector=?
2025-01-02 20:09:07 [main] DEBUG org.hibernate.SQL - 
    select
        s1_0.id 
    from
        sectors s1_0 
    where
        s1_0.sector=? 
        and s1_0.shelves=? 
        and s1_0.columns=? 
        and s1_0.row_data=? 
    fetch
        first ? rows only
2025-01-02 20:09:07 [main] DEBUG org.hibernate.SQL - 
    insert 
    into
        sectors
        (actives, columns, row_data, sector, shelves, version, id) 
    values
        (?, ?, ?, ?, ?, ?, default)
2025-01-02 20:09:07 [main] DEBUG org.hibernate.SQL - 
    insert 
    into
        sectors
        (actives, columns, row_data, sector, shelves, version, id) 
    values
        (?, ?, ?, ?, ?, ?, default)
2025-01-02 20:09:07 [main] DEBUG org.hibernate.SQL - 
    select
        s1_0.id,
        s1_0.actives,
        s1_0.columns,
        s1_0.row_data,
        s1_0.sector,
        s1_0.shelves,
        s1_0.version 
    from
        sectors s1_0 
    where
        s1_0.id=? 
        and s1_0.actives
2025-01-02 20:09:07 [main] DEBUG org.hibernate.SQL - 
    select
        p1_0.sector,
        p1_0.id,
        p1_0.actives,
        p1_0.quantities,
        p1_0.cods,
        p1_0.images,
        p1_0.names,
        p1_0.version 
    from
        parts p1_0 
    where
        p1_0.sector=?
2025-01-02 20:09:07 [SpringApplicationShutdownHook] DEBUG org.hibernate.SQL - 
    drop table if exists parts cascade 
2025-01-02 20:09:07 [SpringApplicationShutdownHook] DEBUG org.hibernate.SQL - 
    drop table if exists sectors cascade 
2025-01-02 20:11:00 [main] DEBUG org.hibernate.SQL - 
    drop table if exists parts cascade 
2025-01-02 20:11:00 [main] DEBUG org.hibernate.SQL - 
    drop table if exists sectors cascade 
2025-01-02 20:11:00 [main] DEBUG org.hibernate.SQL - 
    create table parts (
        actives boolean not null,
        quantities float(53) not null,
        version integer,
        cods bigint not null,
        id bigint generated by default as identity,
        sector bigint,
        names varchar(255) not null,
        images blob not null,
        primary key (id)
    )
2025-01-02 20:11:00 [main] DEBUG org.hibernate.SQL - 
    create table sectors (
        actives boolean not null,
        version integer,
        id bigint generated by default as identity,
        columns varchar(255) not null,
        row_data varchar(255) not null,
        sector varchar(255) not null,
        shelves varchar(255) not null,
        primary key (id)
    )
2025-01-02 20:11:00 [main] DEBUG org.hibernate.SQL - 
    alter table if exists parts 
       add constraint FK44bpbjjhvt2bd6spralcvfki7 
       foreign key (sector) 
       references sectors
2025-01-02 20:11:05 [main] DEBUG org.hibernate.SQL - 
    select
        s1_0.id,
        s1_0.actives,
        s1_0.columns,
        s1_0.row_data,
        s1_0.sector,
        s1_0.shelves,
        s1_0.version 
    from
        sectors s1_0 
    where
        s1_0.actives 
    order by
        s1_0.id 
    fetch
        first ? rows only
2025-01-02 20:11:06 [main] DEBUG org.hibernate.SQL - 
    insert 
    into
        sectors
        (actives, columns, row_data, sector, shelves, version, id) 
    values
        (?, ?, ?, ?, ?, ?, default)
2025-01-02 20:11:06 [main] DEBUG org.hibernate.SQL - 
    select
        s1_0.id,
        s1_0.actives,
        s1_0.columns,
        s1_0.row_data,
        s1_0.sector,
        s1_0.shelves,
        s1_0.version 
    from
        sectors s1_0 
    where
        s1_0.id=? 
        and s1_0.actives
2025-01-02 20:11:06 [main] DEBUG org.hibernate.SQL - 
    update
        sectors 
    set
        actives=?,
        columns=?,
        row_data=?,
        sector=?,
        shelves=?,
        version=? 
    where
        id=? 
        and version=?
2025-01-02 20:11:06 [main] DEBUG org.hibernate.SQL - 
    insert 
    into
        sectors
        (actives, columns, row_data, sector, shelves, version, id) 
    values
        (?, ?, ?, ?, ?, ?, default)
2025-01-02 20:11:06 [main] DEBUG org.hibernate.SQL - 
    select
        s1_0.id,
        s1_0.actives,
        s1_0.columns,
        s1_0.row_data,
        s1_0.sector,
        s1_0.shelves,
        s1_0.version 
    from
        sectors s1_0 
    where
        s1_0.id=? 
        and s1_0.actives
2025-01-02 20:11:06 [main] DEBUG org.hibernate.SQL - 
    select
        p1_0.sector,
        p1_0.id,
        p1_0.actives,
        p1_0.quantities,
        p1_0.cods,
        p1_0.images,
        p1_0.names,
        p1_0.version 
    from
        parts p1_0 
    where
        p1_0.sector=?
2025-01-02 20:11:06 [main] DEBUG org.hibernate.SQL - 
    select
        s1_0.id 
    from
        sectors s1_0 
    where
        s1_0.sector=? 
        and s1_0.shelves=? 
        and s1_0.columns=? 
        and s1_0.row_data=? 
    fetch
        first ? rows only
2025-01-02 20:11:06 [main] DEBUG org.hibernate.SQL - 
    insert 
    into
        sectors
        (actives, columns, row_data, sector, shelves, version, id) 
    values
        (?, ?, ?, ?, ?, ?, default)
2025-01-02 20:11:06 [main] DEBUG org.hibernate.SQL - 
    insert 
    into
        sectors
        (actives, columns, row_data, sector, shelves, version, id) 
    values
        (?, ?, ?, ?, ?, ?, default)
2025-01-02 20:11:06 [main] DEBUG org.hibernate.SQL - 
    select
        s1_0.id,
        s1_0.actives,
        s1_0.columns,
        s1_0.row_data,
        s1_0.sector,
        s1_0.shelves,
        s1_0.version 
    from
        sectors s1_0 
    where
        s1_0.id=? 
        and s1_0.actives
2025-01-02 20:11:06 [main] DEBUG org.hibernate.SQL - 
    select
        p1_0.sector,
        p1_0.id,
        p1_0.actives,
        p1_0.quantities,
        p1_0.cods,
        p1_0.images,
        p1_0.names,
        p1_0.version 
    from
        parts p1_0 
    where
        p1_0.sector=?
2025-01-02 20:11:06 [SpringApplicationShutdownHook] DEBUG org.hibernate.SQL - 
    drop table if exists parts cascade 
2025-01-02 20:11:06 [SpringApplicationShutdownHook] DEBUG org.hibernate.SQL - 
    drop table if exists sectors cascade 
2025-01-02 20:17:09 [main] DEBUG org.hibernate.SQL - 
    drop table if exists parts cascade 
2025-01-02 20:17:09 [main] DEBUG org.hibernate.SQL - 
    drop table if exists sectors cascade 
2025-01-02 20:17:09 [main] DEBUG org.hibernate.SQL - 
    create table parts (
        actives boolean not null,
        quantities float(53) not null,
        version integer,
        cods bigint not null,
        id bigint generated by default as identity,
        sector bigint,
        names varchar(255) not null,
        images blob not null,
        primary key (id)
    )
2025-01-02 20:17:10 [main] DEBUG org.hibernate.SQL - 
    create table sectors (
        actives boolean not null,
        version integer,
        id bigint generated by default as identity,
        columns varchar(255) not null,
        row_data varchar(255) not null,
        sector varchar(255) not null,
        shelves varchar(255) not null,
        primary key (id)
    )
2025-01-02 20:17:10 [main] DEBUG org.hibernate.SQL - 
    alter table if exists parts 
       add constraint FK44bpbjjhvt2bd6spralcvfki7 
       foreign key (sector) 
       references sectors
2025-01-02 20:17:14 [SpringApplicationShutdownHook] DEBUG org.hibernate.SQL - 
    drop table if exists parts cascade 
2025-01-02 20:17:14 [SpringApplicationShutdownHook] DEBUG org.hibernate.SQL - 
    drop table if exists sectors cascade 
2025-01-02 20:19:26 [main] DEBUG org.hibernate.SQL - 
    drop table if exists parts cascade 
2025-01-02 20:19:26 [main] DEBUG org.hibernate.SQL - 
    drop table if exists sectors cascade 
2025-01-02 20:19:26 [main] DEBUG org.hibernate.SQL - 
    create table parts (
        actives boolean not null,
        quantities float(53) not null,
        version integer,
        cods bigint not null,
        id bigint generated by default as identity,
        sector bigint,
        names varchar(255) not null,
        images blob not null,
        primary key (id)
    )
2025-01-02 20:19:26 [main] DEBUG org.hibernate.SQL - 
    create table sectors (
        actives boolean not null,
        version integer,
        id bigint generated by default as identity,
        columns varchar(255) not null,
        row_data varchar(255) not null,
        sector varchar(255) not null,
        shelves varchar(255) not null,
        primary key (id)
    )
2025-01-02 20:19:26 [main] DEBUG org.hibernate.SQL - 
    alter table if exists parts 
       add constraint FK44bpbjjhvt2bd6spralcvfki7 
       foreign key (sector) 
       references sectors
2025-01-02 20:19:30 [main] DEBUG org.hibernate.SQL - 
    insert 
    into
        sectors
        (actives, columns, row_data, sector, shelves, version, id) 
    values
        (?, ?, ?, ?, ?, ?, default)
2025-01-02 20:19:30 [SpringApplicationShutdownHook] DEBUG org.hibernate.SQL - 
    drop table if exists parts cascade 
2025-01-02 20:19:30 [SpringApplicationShutdownHook] DEBUG org.hibernate.SQL - 
    drop table if exists sectors cascade 
2025-01-02 20:21:40 [main] DEBUG org.hibernate.SQL - 
    drop table if exists parts cascade 
2025-01-02 20:21:40 [main] DEBUG org.hibernate.SQL - 
    drop table if exists sectors cascade 
2025-01-02 20:21:40 [main] DEBUG org.hibernate.SQL - 
    create table parts (
        actives boolean not null,
        quantities float(53) not null,
        version integer,
        cods bigint not null,
        id bigint generated by default as identity,
        sector bigint,
        names varchar(255) not null,
        images blob not null,
        primary key (id)
    )
2025-01-02 20:21:40 [main] DEBUG org.hibernate.SQL - 
    create table sectors (
        actives boolean not null,
        version integer,
        id bigint generated by default as identity,
        columns varchar(255) not null,
        row_data varchar(255) not null,
        sector varchar(255) not null,
        shelves varchar(255) not null,
        primary key (id)
    )
2025-01-02 20:21:40 [main] DEBUG org.hibernate.SQL - 
    alter table if exists parts 
       add constraint FK44bpbjjhvt2bd6spralcvfki7 
       foreign key (sector) 
       references sectors
2025-01-02 20:21:43 [main] DEBUG org.hibernate.SQL - 
    insert 
    into
        sectors
        (actives, columns, row_data, sector, shelves, version, id) 
    values
        (?, ?, ?, ?, ?, ?, default)
2025-01-02 20:21:44 [SpringApplicationShutdownHook] DEBUG org.hibernate.SQL - 
    drop table if exists parts cascade 
2025-01-02 20:21:44 [SpringApplicationShutdownHook] DEBUG org.hibernate.SQL - 
    drop table if exists sectors cascade 
2025-01-02 20:22:17 [main] DEBUG org.hibernate.SQL - 
    drop table if exists parts cascade 
2025-01-02 20:22:17 [main] DEBUG org.hibernate.SQL - 
    drop table if exists sectors cascade 
2025-01-02 20:22:17 [main] DEBUG org.hibernate.SQL - 
    create table parts (
        actives boolean not null,
        quantities float(53) not null,
        version integer,
        cods bigint not null,
        id bigint generated by default as identity,
        sector bigint,
        names varchar(255) not null,
        images blob not null,
        primary key (id)
    )
2025-01-02 20:22:17 [main] DEBUG org.hibernate.SQL - 
    create table sectors (
        actives boolean not null,
        version integer,
        id bigint generated by default as identity,
        columns varchar(255) not null,
        row_data varchar(255) not null,
        sector varchar(255) not null,
        shelves varchar(255) not null,
        primary key (id)
    )
2025-01-02 20:22:17 [main] DEBUG org.hibernate.SQL - 
    alter table if exists parts 
       add constraint FK44bpbjjhvt2bd6spralcvfki7 
       foreign key (sector) 
       references sectors
2025-01-02 20:22:21 [SpringApplicationShutdownHook] DEBUG org.hibernate.SQL - 
    drop table if exists parts cascade 
2025-01-02 20:22:21 [SpringApplicationShutdownHook] DEBUG org.hibernate.SQL - 
    drop table if exists sectors cascade 
2025-01-02 20:23:32 [main] DEBUG org.hibernate.SQL - 
    drop table if exists parts cascade 
2025-01-02 20:23:32 [main] DEBUG org.hibernate.SQL - 
    drop table if exists sectors cascade 
2025-01-02 20:23:32 [main] DEBUG org.hibernate.SQL - 
    create table parts (
        actives boolean not null,
        quantities float(53) not null,
        version integer,
        cods bigint not null,
        id bigint generated by default as identity,
        sector bigint,
        names varchar(255) not null,
        images blob not null,
        primary key (id)
    )
2025-01-02 20:23:32 [main] DEBUG org.hibernate.SQL - 
    create table sectors (
        actives boolean not null,
        version integer,
        id bigint generated by default as identity,
        columns varchar(255) not null,
        row_data varchar(255) not null,
        sector varchar(255) not null,
        shelves varchar(255) not null,
        primary key (id)
    )
2025-01-02 20:23:32 [main] DEBUG org.hibernate.SQL - 
    alter table if exists parts 
       add constraint FK44bpbjjhvt2bd6spralcvfki7 
       foreign key (sector) 
       references sectors
2025-01-02 20:23:38 [SpringApplicationShutdownHook] DEBUG org.hibernate.SQL - 
    drop table if exists parts cascade 
2025-01-02 20:23:38 [SpringApplicationShutdownHook] DEBUG org.hibernate.SQL - 
    drop table if exists sectors cascade 
2025-01-02 20:29:22 [main] DEBUG org.hibernate.SQL - 
    drop table if exists parts cascade 
2025-01-02 20:29:22 [main] DEBUG org.hibernate.SQL - 
    drop table if exists sectors cascade 
2025-01-02 20:29:22 [main] DEBUG org.hibernate.SQL - 
    create table parts (
        actives boolean not null,
        quantities float(53) not null,
        version integer,
        cods bigint not null,
        id bigint generated by default as identity,
        sector bigint,
        names varchar(255) not null,
        images blob not null,
        primary key (id)
    )
2025-01-02 20:29:22 [main] DEBUG org.hibernate.SQL - 
    create table sectors (
        actives boolean not null,
        version integer,
        id bigint generated by default as identity,
        columns varchar(255) not null,
        row_data varchar(255) not null,
        sector varchar(255) not null,
        shelves varchar(255) not null,
        primary key (id)
    )
2025-01-02 20:29:22 [main] DEBUG org.hibernate.SQL - 
    alter table if exists parts 
       add constraint FK44bpbjjhvt2bd6spralcvfki7 
       foreign key (sector) 
       references sectors
2025-01-02 20:29:26 [main] DEBUG org.hibernate.SQL - 
    insert 
    into
        sectors
        (actives, columns, row_data, sector, shelves, version, id) 
    values
        (?, ?, ?, ?, ?, ?, default)
2025-01-02 20:29:26 [main] DEBUG org.hibernate.SQL - 
    select
        s1_0.id,
        s1_0.actives,
        s1_0.columns,
        s1_0.row_data,
        s1_0.sector,
        s1_0.shelves,
        s1_0.version 
    from
        sectors s1_0 
    where
        s1_0.id=?
2025-01-02 20:29:27 [main] DEBUG org.hibernate.SQL - 
    select
        p1_0.id 
    from
        parts p1_0 
    where
        p1_0.cods=? 
        and p1_0.names=? 
        and p1_0.sector=? 
    fetch
        first ? rows only
2025-01-02 20:29:27 [SpringApplicationShutdownHook] DEBUG org.hibernate.SQL - 
    drop table if exists parts cascade 
2025-01-02 20:29:27 [SpringApplicationShutdownHook] DEBUG org.hibernate.SQL - 
    drop table if exists sectors cascade 
2025-01-02 20:35:05 [main] DEBUG org.hibernate.SQL - 
    drop table if exists parts cascade 
2025-01-02 20:35:05 [main] DEBUG org.hibernate.SQL - 
    drop table if exists sectors cascade 
2025-01-02 20:35:05 [main] DEBUG org.hibernate.SQL - 
    create table parts (
        actives boolean not null,
        quantities float(53) not null,
        version integer,
        cods bigint not null,
        id bigint generated by default as identity,
        sector bigint,
        names varchar(255) not null,
        images blob not null,
        primary key (id)
    )
2025-01-02 20:35:05 [main] DEBUG org.hibernate.SQL - 
    create table sectors (
        actives boolean not null,
        version integer,
        id bigint generated by default as identity,
        columns varchar(255) not null,
        row_data varchar(255) not null,
        sector varchar(255) not null,
        shelves varchar(255) not null,
        primary key (id)
    )
2025-01-02 20:35:05 [main] DEBUG org.hibernate.SQL - 
    alter table if exists parts 
       add constraint FK44bpbjjhvt2bd6spralcvfki7 
       foreign key (sector) 
       references sectors
2025-01-02 20:35:09 [main] DEBUG org.hibernate.SQL - 
    insert 
    into
        sectors
        (actives, columns, row_data, sector, shelves, version, id) 
    values
        (?, ?, ?, ?, ?, ?, default)
2025-01-02 20:35:10 [main] DEBUG org.hibernate.SQL - 
    select
        s1_0.id,
        s1_0.actives,
        s1_0.columns,
        s1_0.row_data,
        s1_0.sector,
        s1_0.shelves,
        s1_0.version 
    from
        sectors s1_0 
    where
        s1_0.id=?
2025-01-02 20:35:10 [main] DEBUG org.hibernate.SQL - 
    select
        p1_0.id 
    from
        parts p1_0 
    where
        p1_0.cods=? 
        and p1_0.names=? 
        and p1_0.sector=? 
    fetch
        first ? rows only
2025-01-02 20:35:10 [SpringApplicationShutdownHook] DEBUG org.hibernate.SQL - 
    drop table if exists parts cascade 
2025-01-02 20:35:10 [SpringApplicationShutdownHook] DEBUG org.hibernate.SQL - 
    drop table if exists sectors cascade 
2025-01-02 20:36:42 [main] DEBUG org.hibernate.SQL - 
    drop table if exists parts cascade 
2025-01-02 20:36:42 [main] DEBUG org.hibernate.SQL - 
    drop table if exists sectors cascade 
2025-01-02 20:36:42 [main] DEBUG org.hibernate.SQL - 
    create table parts (
        actives boolean not null,
        quantities float(53) not null,
        version integer,
        cods bigint not null,
        id bigint generated by default as identity,
        sector bigint,
        names varchar(255) not null,
        images blob not null,
        primary key (id)
    )
2025-01-02 20:36:42 [main] DEBUG org.hibernate.SQL - 
    create table sectors (
        actives boolean not null,
        version integer,
        id bigint generated by default as identity,
        columns varchar(255) not null,
        row_data varchar(255) not null,
        sector varchar(255) not null,
        shelves varchar(255) not null,
        primary key (id)
    )
2025-01-02 20:36:42 [main] DEBUG org.hibernate.SQL - 
    alter table if exists parts 
       add constraint FK44bpbjjhvt2bd6spralcvfki7 
       foreign key (sector) 
       references sectors
2025-01-02 20:36:56 [main] DEBUG org.hibernate.SQL - 
    insert 
    into
        sectors
        (actives, columns, row_data, sector, shelves, version, id) 
    values
        (?, ?, ?, ?, ?, ?, default)
2025-01-02 20:36:56 [main] DEBUG org.hibernate.SQL - 
    select
        s1_0.id,
        s1_0.actives,
        s1_0.columns,
        s1_0.row_data,
        s1_0.sector,
        s1_0.shelves,
        s1_0.version 
    from
        sectors s1_0 
    where
        s1_0.id=?
2025-01-02 20:36:56 [main] DEBUG org.hibernate.SQL - 
    select
        p1_0.id 
    from
        parts p1_0 
    where
        p1_0.cods=? 
        and p1_0.names=? 
        and p1_0.sector=? 
    fetch
        first ? rows only
2025-01-02 20:36:57 [SpringApplicationShutdownHook] DEBUG org.hibernate.SQL - 
    drop table if exists parts cascade 
2025-01-02 20:36:57 [SpringApplicationShutdownHook] DEBUG org.hibernate.SQL - 
    drop table if exists sectors cascade 
2025-01-02 20:37:17 [main] DEBUG org.hibernate.SQL - 
    drop table if exists parts cascade 
2025-01-02 20:37:17 [main] DEBUG org.hibernate.SQL - 
    drop table if exists sectors cascade 
2025-01-02 20:37:17 [main] DEBUG org.hibernate.SQL - 
    create table parts (
        actives boolean not null,
        quantities float(53) not null,
        version integer,
        cods bigint not null,
        id bigint generated by default as identity,
        sector bigint,
        names varchar(255) not null,
        images blob not null,
        primary key (id)
    )
2025-01-02 20:37:17 [main] DEBUG org.hibernate.SQL - 
    create table sectors (
        actives boolean not null,
        version integer,
        id bigint generated by default as identity,
        columns varchar(255) not null,
        row_data varchar(255) not null,
        sector varchar(255) not null,
        shelves varchar(255) not null,
        primary key (id)
    )
2025-01-02 20:37:17 [main] DEBUG org.hibernate.SQL - 
    alter table if exists parts 
       add constraint FK44bpbjjhvt2bd6spralcvfki7 
       foreign key (sector) 
       references sectors
2025-01-02 20:37:22 [main] DEBUG org.hibernate.SQL - 
    insert 
    into
        sectors
        (actives, columns, row_data, sector, shelves, version, id) 
    values
        (?, ?, ?, ?, ?, ?, default)
2025-01-02 20:37:22 [main] DEBUG org.hibernate.SQL - 
    select
        s1_0.id,
        s1_0.actives,
        s1_0.columns,
        s1_0.row_data,
        s1_0.sector,
        s1_0.shelves,
        s1_0.version 
    from
        sectors s1_0 
    where
        s1_0.id=?
2025-01-02 20:37:23 [main] DEBUG org.hibernate.SQL - 
    select
        p1_0.id 
    from
        parts p1_0 
    where
        p1_0.cods=? 
        and p1_0.names=? 
        and p1_0.sector=? 
    fetch
        first ? rows only
2025-01-02 20:37:23 [SpringApplicationShutdownHook] DEBUG org.hibernate.SQL - 
    drop table if exists parts cascade 
2025-01-02 20:37:23 [SpringApplicationShutdownHook] DEBUG org.hibernate.SQL - 
    drop table if exists sectors cascade 
2025-01-02 20:40:42 [main] DEBUG org.hibernate.SQL - 
    drop table if exists parts cascade 
2025-01-02 20:40:42 [main] DEBUG org.hibernate.SQL - 
    drop table if exists sectors cascade 
2025-01-02 20:40:42 [main] DEBUG org.hibernate.SQL - 
    create table parts (
        actives boolean not null,
        quantities float(53) not null,
        version integer,
        cods bigint not null,
        id bigint generated by default as identity,
        sector bigint,
        names varchar(255) not null,
        images blob not null,
        primary key (id)
    )
2025-01-02 20:40:42 [main] DEBUG org.hibernate.SQL - 
    create table sectors (
        actives boolean not null,
        version integer,
        id bigint generated by default as identity,
        columns varchar(255) not null,
        row_data varchar(255) not null,
        sector varchar(255) not null,
        shelves varchar(255) not null,
        primary key (id)
    )
2025-01-02 20:40:42 [main] DEBUG org.hibernate.SQL - 
    alter table if exists parts 
       add constraint FK44bpbjjhvt2bd6spralcvfki7 
       foreign key (sector) 
       references sectors
2025-01-02 20:40:45 [main] DEBUG org.hibernate.SQL - 
    insert 
    into
        sectors
        (actives, columns, row_data, sector, shelves, version, id) 
    values
        (?, ?, ?, ?, ?, ?, default)
2025-01-02 20:40:46 [main] DEBUG org.hibernate.SQL - 
    select
        s1_0.id,
        s1_0.actives,
        s1_0.columns,
        s1_0.row_data,
        s1_0.sector,
        s1_0.shelves,
        s1_0.version 
    from
        sectors s1_0 
    where
        s1_0.id=?
2025-01-02 20:40:46 [main] DEBUG org.hibernate.SQL - 
    select
        p1_0.id 
    from
        parts p1_0 
    where
        p1_0.cods=? 
        and p1_0.names=? 
        and p1_0.sector=? 
    fetch
        first ? rows only
2025-01-02 20:40:46 [main] DEBUG org.hibernate.SQL - 
    insert 
    into
        parts
        (actives, quantities, cods, images, names, sector, version, id) 
    values
        (?, ?, ?, ?, ?, ?, ?, default)
2025-01-02 20:40:46 [SpringApplicationShutdownHook] DEBUG org.hibernate.SQL - 
    drop table if exists parts cascade 
2025-01-02 20:40:46 [SpringApplicationShutdownHook] DEBUG org.hibernate.SQL - 
    drop table if exists sectors cascade 
2025-01-02 20:43:40 [main] DEBUG org.hibernate.SQL - 
    drop table if exists parts cascade 
2025-01-02 20:43:40 [main] DEBUG org.hibernate.SQL - 
    drop table if exists sectors cascade 
2025-01-02 20:43:40 [main] DEBUG org.hibernate.SQL - 
    create table parts (
        actives boolean not null,
        quantities float(53) not null,
        version integer,
        cods bigint not null,
        id bigint generated by default as identity,
        sector bigint,
        names varchar(255) not null,
        images blob not null,
        primary key (id)
    )
2025-01-02 20:43:40 [main] DEBUG org.hibernate.SQL - 
    create table sectors (
        actives boolean not null,
        version integer,
        id bigint generated by default as identity,
        columns varchar(255) not null,
        row_data varchar(255) not null,
        sector varchar(255) not null,
        shelves varchar(255) not null,
        primary key (id)
    )
2025-01-02 20:43:40 [main] DEBUG org.hibernate.SQL - 
    alter table if exists parts 
       add constraint FK44bpbjjhvt2bd6spralcvfki7 
       foreign key (sector) 
       references sectors
2025-01-02 20:43:43 [SpringApplicationShutdownHook] DEBUG org.hibernate.SQL - 
    drop table if exists parts cascade 
2025-01-02 20:43:43 [SpringApplicationShutdownHook] DEBUG org.hibernate.SQL - 
    drop table if exists sectors cascade 
2025-01-02 20:44:31 [main] DEBUG org.hibernate.SQL - 
    drop table if exists parts cascade 
2025-01-02 20:44:31 [main] DEBUG org.hibernate.SQL - 
    drop table if exists sectors cascade 
2025-01-02 20:44:31 [main] DEBUG org.hibernate.SQL - 
    create table parts (
        actives boolean not null,
        quantities float(53) not null,
        version integer,
        cods bigint not null,
        id bigint generated by default as identity,
        sector bigint,
        names varchar(255) not null,
        images blob not null,
        primary key (id)
    )
2025-01-02 20:44:31 [main] DEBUG org.hibernate.SQL - 
    create table sectors (
        actives boolean not null,
        version integer,
        id bigint generated by default as identity,
        columns varchar(255) not null,
        row_data varchar(255) not null,
        sector varchar(255) not null,
        shelves varchar(255) not null,
        primary key (id)
    )
2025-01-02 20:44:31 [main] DEBUG org.hibernate.SQL - 
    alter table if exists parts 
       add constraint FK44bpbjjhvt2bd6spralcvfki7 
       foreign key (sector) 
       references sectors
2025-01-02 20:44:35 [main] DEBUG org.hibernate.SQL - 
    insert 
    into
        sectors
        (actives, columns, row_data, sector, shelves, version, id) 
    values
        (?, ?, ?, ?, ?, ?, default)
2025-01-02 20:44:35 [main] DEBUG org.hibernate.SQL - 
    select
        s1_0.id,
        s1_0.actives,
        s1_0.columns,
        s1_0.row_data,
        s1_0.sector,
        s1_0.shelves,
        s1_0.version 
    from
        sectors s1_0 
    where
        s1_0.id=?
2025-01-02 20:44:35 [main] DEBUG org.hibernate.SQL - 
    select
        p1_0.id 
    from
        parts p1_0 
    where
        p1_0.cods=? 
        and p1_0.names=? 
        and p1_0.sector=? 
    fetch
        first ? rows only
2025-01-02 20:44:36 [main] DEBUG org.hibernate.SQL - 
    insert 
    into
        parts
        (actives, quantities, cods, images, names, sector, version, id) 
    values
        (?, ?, ?, ?, ?, ?, ?, default)
2025-01-02 20:44:36 [SpringApplicationShutdownHook] DEBUG org.hibernate.SQL - 
    drop table if exists parts cascade 
2025-01-02 20:44:36 [SpringApplicationShutdownHook] DEBUG org.hibernate.SQL - 
    drop table if exists sectors cascade 
2025-01-02 22:49:48 [main] DEBUG org.hibernate.SQL - 
    drop table if exists parts cascade 
2025-01-02 22:49:48 [main] DEBUG org.hibernate.SQL - 
    drop table if exists sectors cascade 
2025-01-02 22:49:48 [main] DEBUG org.hibernate.SQL - 
    create table parts (
        actives boolean not null,
        quantities float(53) not null,
        version integer,
        cods bigint not null,
        id bigint generated by default as identity,
        sector bigint,
        names varchar(255) not null,
        images blob not null,
        primary key (id)
    )
2025-01-02 22:49:48 [main] DEBUG org.hibernate.SQL - 
    create table sectors (
        actives boolean not null,
        version integer,
        id bigint generated by default as identity,
        columns varchar(255) not null,
        row_data varchar(255) not null,
        sector varchar(255) not null,
        shelves varchar(255) not null,
        primary key (id)
    )
2025-01-02 22:49:48 [main] DEBUG org.hibernate.SQL - 
    alter table if exists parts 
       add constraint FK44bpbjjhvt2bd6spralcvfki7 
       foreign key (sector) 
       references sectors
2025-01-02 22:49:54 [main] DEBUG org.hibernate.SQL - 
    insert 
    into
        sectors
        (actives, columns, row_data, sector, shelves, version, id) 
    values
        (?, ?, ?, ?, ?, ?, default)
2025-01-02 22:49:54 [main] DEBUG org.hibernate.SQL - 
    insert 
    into
        parts
        (actives, quantities, cods, images, names, sector, version, id) 
    values
        (?, ?, ?, ?, ?, ?, ?, default)
2025-01-02 22:49:54 [main] DEBUG org.hibernate.SQL - 
    select
        p1_0.id,
        p1_0.actives,
        p1_0.quantities,
        p1_0.cods,
        p1_0.images,
        p1_0.names,
        p1_0.sector,
        p1_0.version 
    from
        parts p1_0 
    where
        p1_0.id=? 
        and p1_0.actives
2025-01-02 22:49:54 [main] DEBUG org.hibernate.SQL - 
    select
        s1_0.id,
        s1_0.actives,
        s1_0.columns,
        s1_0.row_data,
        s1_0.sector,
        s1_0.shelves,
        s1_0.version 
    from
        sectors s1_0 
    where
        s1_0.id=?
2025-01-02 22:49:55 [SpringApplicationShutdownHook] DEBUG org.hibernate.SQL - 
    drop table if exists parts cascade 
2025-01-02 22:49:55 [SpringApplicationShutdownHook] DEBUG org.hibernate.SQL - 
    drop table if exists sectors cascade 
2025-01-02 22:51:53 [main] DEBUG org.hibernate.SQL - 
    drop table if exists parts cascade 
2025-01-02 22:51:53 [main] DEBUG org.hibernate.SQL - 
    drop table if exists sectors cascade 
2025-01-02 22:51:53 [main] DEBUG org.hibernate.SQL - 
    create table parts (
        actives boolean not null,
        quantities float(53) not null,
        version integer,
        cods bigint not null,
        id bigint generated by default as identity,
        sector bigint,
        names varchar(255) not null,
        images blob not null,
        primary key (id)
    )
2025-01-02 22:51:53 [main] DEBUG org.hibernate.SQL - 
    create table sectors (
        actives boolean not null,
        version integer,
        id bigint generated by default as identity,
        columns varchar(255) not null,
        row_data varchar(255) not null,
        sector varchar(255) not null,
        shelves varchar(255) not null,
        primary key (id)
    )
2025-01-02 22:51:53 [main] DEBUG org.hibernate.SQL - 
    alter table if exists parts 
       add constraint FK44bpbjjhvt2bd6spralcvfki7 
       foreign key (sector) 
       references sectors
2025-01-02 22:52:03 [main] DEBUG org.hibernate.SQL - 
    insert 
    into
        sectors
        (actives, columns, row_data, sector, shelves, version, id) 
    values
        (?, ?, ?, ?, ?, ?, default)
2025-01-02 22:52:04 [main] DEBUG org.hibernate.SQL - 
    insert 
    into
        parts
        (actives, quantities, cods, images, names, sector, version, id) 
    values
        (?, ?, ?, ?, ?, ?, ?, default)
2025-01-02 22:52:04 [main] DEBUG org.hibernate.SQL - 
    select
        p1_0.id,
        p1_0.actives,
        p1_0.quantities,
        p1_0.cods,
        p1_0.images,
        p1_0.names,
        s1_0.id,
        s1_0.actives,
        s1_0.columns,
        s1_0.row_data,
        s1_0.sector,
        s1_0.shelves,
        s1_0.version,
        p1_0.version 
    from
        parts p1_0 
    left join
        sectors s1_0 
            on s1_0.id=p1_0.sector 
    where
        p1_0.id=?
2025-01-02 22:52:04 [main] DEBUG org.hibernate.SQL - 
    update
        parts 
    set
        actives=?,
        quantities=?,
        cods=?,
        images=?,
        names=?,
        sector=?,
        version=? 
    where
        id=? 
        and version=?
2025-01-02 22:52:04 [SpringApplicationShutdownHook] DEBUG org.hibernate.SQL - 
    drop table if exists parts cascade 
2025-01-02 22:52:04 [SpringApplicationShutdownHook] DEBUG org.hibernate.SQL - 
    drop table if exists sectors cascade 
2025-01-02 22:53:42 [main] DEBUG org.hibernate.SQL - 
    drop table if exists parts cascade 
2025-01-02 22:53:42 [main] DEBUG org.hibernate.SQL - 
    drop table if exists sectors cascade 
2025-01-02 22:53:42 [main] DEBUG org.hibernate.SQL - 
    create table parts (
        actives boolean not null,
        quantities float(53) not null,
        version integer,
        cods bigint not null,
        id bigint generated by default as identity,
        sector bigint,
        names varchar(255) not null,
        images blob not null,
        primary key (id)
    )
2025-01-02 22:53:42 [main] DEBUG org.hibernate.SQL - 
    create table sectors (
        actives boolean not null,
        version integer,
        id bigint generated by default as identity,
        columns varchar(255) not null,
        row_data varchar(255) not null,
        sector varchar(255) not null,
        shelves varchar(255) not null,
        primary key (id)
    )
2025-01-02 22:53:42 [main] DEBUG org.hibernate.SQL - 
    alter table if exists parts 
       add constraint FK44bpbjjhvt2bd6spralcvfki7 
       foreign key (sector) 
       references sectors
2025-01-02 22:53:49 [main] DEBUG org.hibernate.SQL - 
    select
        p1_0.id,
        p1_0.actives,
        p1_0.quantities,
        p1_0.cods,
        p1_0.images,
        p1_0.names,
        p1_0.sector,
        p1_0.version 
    from
        parts p1_0 
    where
        p1_0.actives 
    order by
        p1_0.id 
    fetch
        first ? rows only
2025-01-02 22:53:49 [SpringApplicationShutdownHook] DEBUG org.hibernate.SQL - 
    drop table if exists parts cascade 
2025-01-02 22:53:49 [SpringApplicationShutdownHook] DEBUG org.hibernate.SQL - 
    drop table if exists sectors cascade 
2025-01-02 22:54:13 [main] DEBUG org.hibernate.SQL - 
    drop table if exists parts cascade 
2025-01-02 22:54:13 [main] DEBUG org.hibernate.SQL - 
    drop table if exists sectors cascade 
2025-01-02 22:54:13 [main] DEBUG org.hibernate.SQL - 
    create table parts (
        actives boolean not null,
        quantities float(53) not null,
        version integer,
        cods bigint not null,
        id bigint generated by default as identity,
        sector bigint,
        names varchar(255) not null,
        images blob not null,
        primary key (id)
    )
2025-01-02 22:54:13 [main] DEBUG org.hibernate.SQL - 
    create table sectors (
        actives boolean not null,
        version integer,
        id bigint generated by default as identity,
        columns varchar(255) not null,
        row_data varchar(255) not null,
        sector varchar(255) not null,
        shelves varchar(255) not null,
        primary key (id)
    )
2025-01-02 22:54:13 [main] DEBUG org.hibernate.SQL - 
    alter table if exists parts 
       add constraint FK44bpbjjhvt2bd6spralcvfki7 
       foreign key (sector) 
       references sectors
2025-01-02 22:54:20 [main] DEBUG org.hibernate.SQL - 
    insert 
    into
        sectors
        (actives, columns, row_data, sector, shelves, version, id) 
    values
        (?, ?, ?, ?, ?, ?, default)
2025-01-02 22:54:20 [main] DEBUG org.hibernate.SQL - 
    insert 
    into
        parts
        (actives, quantities, cods, images, names, sector, version, id) 
    values
        (?, ?, ?, ?, ?, ?, ?, default)
2025-01-02 22:54:21 [main] DEBUG org.hibernate.SQL - 
    select
        p1_0.id,
        p1_0.actives,
        p1_0.quantities,
        p1_0.cods,
        p1_0.images,
        p1_0.names,
        p1_0.sector,
        p1_0.version 
    from
        parts p1_0 
    where
        p1_0.id=? 
        and p1_0.actives
2025-01-02 22:54:21 [main] DEBUG org.hibernate.SQL - 
    select
        s1_0.id,
        s1_0.actives,
        s1_0.columns,
        s1_0.row_data,
        s1_0.sector,
        s1_0.shelves,
        s1_0.version 
    from
        sectors s1_0 
    where
        s1_0.id=?
2025-01-02 22:54:21 [main] DEBUG org.hibernate.SQL - 
    select
        p1_0.id,
        p1_0.actives,
        p1_0.quantities,
        p1_0.cods,
        p1_0.images,
        p1_0.names,
        p1_0.sector,
        p1_0.version 
    from
        parts p1_0 
    where
        p1_0.actives 
    order by
        p1_0.id 
    fetch
        first ? rows only
2025-01-02 22:54:21 [main] DEBUG org.hibernate.SQL - 
    select
        s1_0.id,
        s1_0.actives,
        s1_0.columns,
        s1_0.row_data,
        s1_0.sector,
        s1_0.shelves,
        s1_0.version 
    from
        sectors s1_0 
    where
        s1_0.id=?
2025-01-02 22:54:21 [main] DEBUG org.hibernate.SQL - 
    insert 
    into
        sectors
        (actives, columns, row_data, sector, shelves, version, id) 
    values
        (?, ?, ?, ?, ?, ?, default)
2025-01-02 22:54:22 [main] DEBUG org.hibernate.SQL - 
    select
        s1_0.id,
        s1_0.actives,
        s1_0.columns,
        s1_0.row_data,
        s1_0.sector,
        s1_0.shelves,
        s1_0.version 
    from
        sectors s1_0 
    where
        s1_0.id=?
2025-01-02 22:54:22 [main] DEBUG org.hibernate.SQL - 
    select
        p1_0.id 
    from
        parts p1_0 
    where
        p1_0.cods=? 
        and p1_0.names=? 
        and p1_0.sector=? 
    fetch
        first ? rows only
2025-01-02 22:54:22 [main] DEBUG org.hibernate.SQL - 
    insert 
    into
        parts
        (actives, quantities, cods, images, names, sector, version, id) 
    values
        (?, ?, ?, ?, ?, ?, ?, default)
2025-01-02 22:54:22 [main] DEBUG org.hibernate.SQL - 
    insert 
    into
        sectors
        (actives, columns, row_data, sector, shelves, version, id) 
    values
        (?, ?, ?, ?, ?, ?, default)
2025-01-02 22:54:22 [main] DEBUG org.hibernate.SQL - 
    insert 
    into
        parts
        (actives, quantities, cods, images, names, sector, version, id) 
    values
        (?, ?, ?, ?, ?, ?, ?, default)
2025-01-02 22:54:22 [main] DEBUG org.hibernate.SQL - 
    select
        p1_0.id,
        p1_0.actives,
        p1_0.quantities,
        p1_0.cods,
        p1_0.images,
        p1_0.names,
        s1_0.id,
        s1_0.actives,
        s1_0.columns,
        s1_0.row_data,
        s1_0.sector,
        s1_0.shelves,
        s1_0.version,
        p1_0.version 
    from
        parts p1_0 
    left join
        sectors s1_0 
            on s1_0.id=p1_0.sector 
    where
        p1_0.id=?
2025-01-02 22:54:22 [main] DEBUG org.hibernate.SQL - 
    update
        parts 
    set
        actives=?,
        quantities=?,
        cods=?,
        images=?,
        names=?,
        sector=?,
        version=? 
    where
        id=? 
        and version=?
2025-01-02 22:54:22 [SpringApplicationShutdownHook] DEBUG org.hibernate.SQL - 
    drop table if exists parts cascade 
2025-01-02 22:54:22 [SpringApplicationShutdownHook] DEBUG org.hibernate.SQL - 
    drop table if exists sectors cascade 
2025-01-02 23:00:48 [main] DEBUG org.hibernate.SQL - 
    drop table if exists parts cascade 
2025-01-02 23:00:48 [main] DEBUG org.hibernate.SQL - 
    drop table if exists sectors cascade 
2025-01-02 23:00:48 [main] DEBUG org.hibernate.SQL - 
    create table parts (
        actives boolean not null,
        quantities float(53) not null,
        version integer,
        cods bigint not null,
        id bigint generated by default as identity,
        sector bigint,
        names varchar(255) not null,
        images blob not null,
        primary key (id)
    )
2025-01-02 23:00:48 [main] DEBUG org.hibernate.SQL - 
    create table sectors (
        actives boolean not null,
        version integer,
        id bigint generated by default as identity,
        columns varchar(255) not null,
        row_data varchar(255) not null,
        sector varchar(255) not null,
        shelves varchar(255) not null,
        primary key (id)
    )
2025-01-02 23:00:48 [main] DEBUG org.hibernate.SQL - 
    alter table if exists parts 
       add constraint FK44bpbjjhvt2bd6spralcvfki7 
       foreign key (sector) 
       references sectors
2025-01-02 23:00:59 [main] DEBUG org.hibernate.SQL - 
    select
        p1_0.id,
        p1_0.actives,
        p1_0.quantities,
        p1_0.cods,
        p1_0.images,
        p1_0.names,
        p1_0.sector,
        p1_0.version 
    from
        parts p1_0 
    where
        p1_0.actives 
    order by
        p1_0.id 
    fetch
        first ? rows only
2025-01-02 23:00:59 [SpringApplicationShutdownHook] DEBUG org.hibernate.SQL - 
    drop table if exists parts cascade 
2025-01-02 23:00:59 [SpringApplicationShutdownHook] DEBUG org.hibernate.SQL - 
    drop table if exists sectors cascade 
2025-01-02 23:01:21 [main] DEBUG org.hibernate.SQL - 
    drop table if exists parts cascade 
2025-01-02 23:01:21 [main] DEBUG org.hibernate.SQL - 
    drop table if exists sectors cascade 
2025-01-02 23:01:21 [main] DEBUG org.hibernate.SQL - 
    create table parts (
        actives boolean not null,
        quantities float(53) not null,
        version integer,
        cods bigint not null,
        id bigint generated by default as identity,
        sector bigint,
        names varchar(255) not null,
        images blob not null,
        primary key (id)
    )
2025-01-02 23:01:21 [main] DEBUG org.hibernate.SQL - 
    create table sectors (
        actives boolean not null,
        version integer,
        id bigint generated by default as identity,
        columns varchar(255) not null,
        row_data varchar(255) not null,
        sector varchar(255) not null,
        shelves varchar(255) not null,
        primary key (id)
    )
2025-01-02 23:01:21 [main] DEBUG org.hibernate.SQL - 
    alter table if exists parts 
       add constraint FK44bpbjjhvt2bd6spralcvfki7 
       foreign key (sector) 
       references sectors
2025-01-02 23:01:27 [main] DEBUG org.hibernate.SQL - 
    insert 
    into
        sectors
        (actives, columns, row_data, sector, shelves, version, id) 
    values
        (?, ?, ?, ?, ?, ?, default)
2025-01-02 23:01:27 [main] DEBUG org.hibernate.SQL - 
    insert 
    into
        parts
        (actives, quantities, cods, images, names, sector, version, id) 
    values
        (?, ?, ?, ?, ?, ?, ?, default)
2025-01-02 23:01:28 [main] DEBUG org.hibernate.SQL - 
    select
        p1_0.id,
        p1_0.actives,
        p1_0.quantities,
        p1_0.cods,
        p1_0.images,
        p1_0.names,
        p1_0.sector,
        p1_0.version 
    from
        parts p1_0 
    where
        p1_0.id=? 
        and p1_0.actives
2025-01-02 23:01:28 [main] DEBUG org.hibernate.SQL - 
    select
        s1_0.id,
        s1_0.actives,
        s1_0.columns,
        s1_0.row_data,
        s1_0.sector,
        s1_0.shelves,
        s1_0.version 
    from
        sectors s1_0 
    where
        s1_0.id=?
2025-01-02 23:01:28 [main] DEBUG org.hibernate.SQL - 
    select
        p1_0.id,
        p1_0.actives,
        p1_0.quantities,
        p1_0.cods,
        p1_0.images,
        p1_0.names,
        s1_0.id,
        s1_0.actives,
        s1_0.columns,
        s1_0.row_data,
        s1_0.sector,
        s1_0.shelves,
        s1_0.version,
        p1_0.version 
    from
        parts p1_0 
    left join
        sectors s1_0 
            on s1_0.id=p1_0.sector 
    where
        p1_0.id=?
2025-01-02 23:01:28 [main] DEBUG org.hibernate.SQL - 
    delete 
    from
        parts 
    where
        id=? 
        and version=?
2025-01-02 23:01:28 [main] DEBUG org.hibernate.SQL - 
    select
        p1_0.id,
        p1_0.actives,
        p1_0.quantities,
        p1_0.cods,
        p1_0.images,
        p1_0.names,
        p1_0.sector,
        p1_0.version 
    from
        parts p1_0 
    where
        p1_0.actives 
    order by
        p1_0.id 
    fetch
        first ? rows only
2025-01-02 23:01:29 [main] DEBUG org.hibernate.SQL - 
    insert 
    into
        sectors
        (actives, columns, row_data, sector, shelves, version, id) 
    values
        (?, ?, ?, ?, ?, ?, default)
2025-01-02 23:01:29 [main] DEBUG org.hibernate.SQL - 
    select
        s1_0.id,
        s1_0.actives,
        s1_0.columns,
        s1_0.row_data,
        s1_0.sector,
        s1_0.shelves,
        s1_0.version 
    from
        sectors s1_0 
    where
        s1_0.id=?
2025-01-02 23:01:29 [main] DEBUG org.hibernate.SQL - 
    select
        p1_0.id 
    from
        parts p1_0 
    where
        p1_0.cods=? 
        and p1_0.names=? 
        and p1_0.sector=? 
    fetch
        first ? rows only
2025-01-02 23:01:29 [main] DEBUG org.hibernate.SQL - 
    insert 
    into
        parts
        (actives, quantities, cods, images, names, sector, version, id) 
    values
        (?, ?, ?, ?, ?, ?, ?, default)
2025-01-02 23:01:29 [main] DEBUG org.hibernate.SQL - 
    select
        p1_0.id,
        p1_0.actives,
        p1_0.quantities,
        p1_0.cods,
        p1_0.images,
        p1_0.names,
        s1_0.id,
        s1_0.actives,
        s1_0.columns,
        s1_0.row_data,
        s1_0.sector,
        s1_0.shelves,
        s1_0.version,
        p1_0.version 
    from
        parts p1_0 
    left join
        sectors s1_0 
            on s1_0.id=p1_0.sector 
    where
        p1_0.id=?
2025-01-02 23:01:29 [main] DEBUG org.hibernate.SQL - 
    delete 
    from
        parts 
    where
        id=? 
        and version=?
2025-01-02 23:01:29 [main] DEBUG org.hibernate.SQL - 
    insert 
    into
        sectors
        (actives, columns, row_data, sector, shelves, version, id) 
    values
        (?, ?, ?, ?, ?, ?, default)
2025-01-02 23:01:29 [main] DEBUG org.hibernate.SQL - 
    insert 
    into
        parts
        (actives, quantities, cods, images, names, sector, version, id) 
    values
        (?, ?, ?, ?, ?, ?, ?, default)
2025-01-02 23:01:29 [main] DEBUG org.hibernate.SQL - 
    select
        p1_0.id,
        p1_0.actives,
        p1_0.quantities,
        p1_0.cods,
        p1_0.images,
        p1_0.names,
        s1_0.id,
        s1_0.actives,
        s1_0.columns,
        s1_0.row_data,
        s1_0.sector,
        s1_0.shelves,
        s1_0.version,
        p1_0.version 
    from
        parts p1_0 
    left join
        sectors s1_0 
            on s1_0.id=p1_0.sector 
    where
        p1_0.id=?
2025-01-02 23:01:29 [main] DEBUG org.hibernate.SQL - 
    update
        parts 
    set
        actives=?,
        quantities=?,
        cods=?,
        images=?,
        names=?,
        sector=?,
        version=? 
    where
        id=? 
        and version=?
2025-01-02 23:01:29 [main] DEBUG org.hibernate.SQL - 
    select
        p1_0.id,
        p1_0.actives,
        p1_0.quantities,
        p1_0.cods,
        p1_0.images,
        p1_0.names,
        s1_0.id,
        s1_0.actives,
        s1_0.columns,
        s1_0.row_data,
        s1_0.sector,
        s1_0.shelves,
        s1_0.version,
        p1_0.version 
    from
        parts p1_0 
    left join
        sectors s1_0 
            on s1_0.id=p1_0.sector 
    where
        p1_0.id=?
2025-01-02 23:01:29 [main] DEBUG org.hibernate.SQL - 
    delete 
    from
        parts 
    where
        id=? 
        and version=?
2025-01-02 23:01:29 [SpringApplicationShutdownHook] DEBUG org.hibernate.SQL - 
    drop table if exists parts cascade 
2025-01-02 23:01:29 [SpringApplicationShutdownHook] DEBUG org.hibernate.SQL - 
    drop table if exists sectors cascade 
2025-01-03 17:43:51 [main] DEBUG org.hibernate.SQL - 
    drop table if exists parts cascade 
2025-01-03 17:43:51 [main] DEBUG org.hibernate.SQL - 
    drop table if exists sectors cascade 
2025-01-03 17:43:51 [main] DEBUG org.hibernate.SQL - 
    create table parts (
        actives boolean not null,
        quantities float(53) not null,
        version integer,
        cods bigint not null,
        id bigint generated by default as identity,
        sector bigint,
        names varchar(255) not null,
        images blob not null,
        primary key (id)
    )
2025-01-03 17:43:51 [main] DEBUG org.hibernate.SQL - 
    create table sectors (
        actives boolean not null,
        version integer,
        id bigint generated by default as identity,
        columns varchar(255) not null,
        row_data varchar(255) not null,
        sector varchar(255) not null,
        shelves varchar(255) not null,
        primary key (id)
    )
2025-01-03 17:43:51 [main] DEBUG org.hibernate.SQL - 
    alter table if exists parts 
       add constraint FK44bpbjjhvt2bd6spralcvfki7 
       foreign key (sector) 
       references sectors
2025-01-03 17:43:55 [main] DEBUG org.hibernate.SQL - 
    insert 
    into
        sectors
        (actives, columns, row_data, sector, shelves, version, id) 
    values
        (?, ?, ?, ?, ?, ?, default)
2025-01-03 17:43:55 [main] DEBUG org.hibernate.SQL - 
    insert 
    into
        parts
        (actives, quantities, cods, images, names, sector, version, id) 
    values
        (?, ?, ?, ?, ?, ?, ?, default)
2025-01-03 17:43:55 [main] DEBUG org.hibernate.SQL - 
    insert 
    into
        sectors
        (actives, columns, row_data, sector, shelves, version, id) 
    values
        (?, ?, ?, ?, ?, ?, default)
2025-01-03 17:43:55 [main] DEBUG org.hibernate.SQL - 
    select
        p1_0.id,
        p1_0.actives,
        p1_0.quantities,
        p1_0.cods,
        p1_0.images,
        p1_0.names,
        s1_0.id,
        s1_0.actives,
        s1_0.columns,
        s1_0.row_data,
        s1_0.sector,
        s1_0.shelves,
        s1_0.version,
        p1_0.version 
    from
        parts p1_0 
    left join
        sectors s1_0 
            on s1_0.id=p1_0.sector 
    where
        p1_0.id=?
2025-01-03 17:43:56 [main] DEBUG org.hibernate.SQL - 
    select
        s1_0.id,
        s1_0.actives,
        s1_0.columns,
        s1_0.row_data,
        s1_0.sector,
        s1_0.shelves,
        s1_0.version 
    from
        sectors s1_0 
    where
        s1_0.id=? 
        and s1_0.actives
2025-01-03 17:43:56 [main] DEBUG org.hibernate.SQL - 
    update
        parts 
    set
        actives=?,
        quantities=?,
        cods=?,
        images=?,
        names=?,
        sector=?,
        version=? 
    where
        id=? 
        and version=?
2025-01-03 17:43:56 [main] DEBUG org.hibernate.SQL - 
    select
        p1_0.id,
        p1_0.actives,
        p1_0.quantities,
        p1_0.cods,
        p1_0.images,
        p1_0.names,
        s1_0.id,
        s1_0.actives,
        s1_0.columns,
        s1_0.row_data,
        s1_0.sector,
        s1_0.shelves,
        s1_0.version,
        p1_0.version 
    from
        parts p1_0 
    left join
        sectors s1_0 
            on s1_0.id=p1_0.sector 
    where
        p1_0.id=?
2025-01-03 17:43:56 [main] DEBUG org.hibernate.SQL - 
    delete 
    from
        parts 
    where
        id=? 
        and version=?
2025-01-03 17:43:56 [SpringApplicationShutdownHook] DEBUG org.hibernate.SQL - 
    drop table if exists parts cascade 
2025-01-03 17:43:56 [SpringApplicationShutdownHook] DEBUG org.hibernate.SQL - 
    drop table if exists sectors cascade 
2025-01-03 17:44:27 [main] DEBUG org.hibernate.SQL - 
    drop table if exists parts cascade 
2025-01-03 17:44:27 [main] DEBUG org.hibernate.SQL - 
    drop table if exists sectors cascade 
2025-01-03 17:44:27 [main] DEBUG org.hibernate.SQL - 
    create table parts (
        actives boolean not null,
        quantities float(53) not null,
        version integer,
        cods bigint not null,
        id bigint generated by default as identity,
        sector bigint,
        names varchar(255) not null,
        images blob not null,
        primary key (id)
    )
2025-01-03 17:44:27 [main] DEBUG org.hibernate.SQL - 
    create table sectors (
        actives boolean not null,
        version integer,
        id bigint generated by default as identity,
        columns varchar(255) not null,
        row_data varchar(255) not null,
        sector varchar(255) not null,
        shelves varchar(255) not null,
        primary key (id)
    )
2025-01-03 17:44:27 [main] DEBUG org.hibernate.SQL - 
    alter table if exists parts 
       add constraint FK44bpbjjhvt2bd6spralcvfki7 
       foreign key (sector) 
       references sectors
2025-01-03 17:44:31 [main] DEBUG org.hibernate.SQL - 
    insert 
    into
        sectors
        (actives, columns, row_data, sector, shelves, version, id) 
    values
        (?, ?, ?, ?, ?, ?, default)
2025-01-03 17:44:31 [main] DEBUG org.hibernate.SQL - 
    insert 
    into
        parts
        (actives, quantities, cods, images, names, sector, version, id) 
    values
        (?, ?, ?, ?, ?, ?, ?, default)
2025-01-03 17:44:31 [main] DEBUG org.hibernate.SQL - 
    insert 
    into
        sectors
        (actives, columns, row_data, sector, shelves, version, id) 
    values
        (?, ?, ?, ?, ?, ?, default)
2025-01-03 17:44:32 [main] DEBUG org.hibernate.SQL - 
    select
        p1_0.id,
        p1_0.actives,
        p1_0.quantities,
        p1_0.cods,
        p1_0.images,
        p1_0.names,
        s1_0.id,
        s1_0.actives,
        s1_0.columns,
        s1_0.row_data,
        s1_0.sector,
        s1_0.shelves,
        s1_0.version,
        p1_0.version 
    from
        parts p1_0 
    left join
        sectors s1_0 
            on s1_0.id=p1_0.sector 
    where
        p1_0.id=?
2025-01-03 17:44:32 [main] DEBUG org.hibernate.SQL - 
    select
        s1_0.id,
        s1_0.actives,
        s1_0.columns,
        s1_0.row_data,
        s1_0.sector,
        s1_0.shelves,
        s1_0.version 
    from
        sectors s1_0 
    where
        s1_0.id=? 
        and s1_0.actives
2025-01-03 17:44:32 [main] DEBUG org.hibernate.SQL - 
    update
        parts 
    set
        actives=?,
        quantities=?,
        cods=?,
        images=?,
        names=?,
        sector=?,
        version=? 
    where
        id=? 
        and version=?
2025-01-03 17:44:32 [main] DEBUG org.hibernate.SQL - 
    select
        p1_0.id,
        p1_0.actives,
        p1_0.quantities,
        p1_0.cods,
        p1_0.images,
        p1_0.names,
        s1_0.id,
        s1_0.actives,
        s1_0.columns,
        s1_0.row_data,
        s1_0.sector,
        s1_0.shelves,
        s1_0.version,
        p1_0.version 
    from
        parts p1_0 
    left join
        sectors s1_0 
            on s1_0.id=p1_0.sector 
    where
        p1_0.id=?
2025-01-03 17:44:32 [main] DEBUG org.hibernate.SQL - 
    delete 
    from
        parts 
    where
        id=? 
        and version=?
2025-01-03 17:44:32 [SpringApplicationShutdownHook] DEBUG org.hibernate.SQL - 
    drop table if exists parts cascade 
2025-01-03 17:44:32 [SpringApplicationShutdownHook] DEBUG org.hibernate.SQL - 
    drop table if exists sectors cascade 
2025-01-03 18:04:53 [main] DEBUG org.hibernate.SQL - 
    drop table if exists parts cascade 
2025-01-03 18:04:53 [main] DEBUG org.hibernate.SQL - 
    drop table if exists sectors cascade 
2025-01-03 18:04:53 [main] DEBUG org.hibernate.SQL - 
    create table parts (
        actives boolean not null,
        quantities float(53) not null,
        version integer,
        cods bigint not null,
        id bigint generated by default as identity,
        sector bigint,
        names varchar(255) not null,
        images blob not null,
        primary key (id)
    )
2025-01-03 18:04:53 [main] DEBUG org.hibernate.SQL - 
    create table sectors (
        actives boolean not null,
        version integer,
        id bigint generated by default as identity,
        columns varchar(255) not null,
        row_data varchar(255) not null,
        sector varchar(255) not null,
        shelves varchar(255) not null,
        primary key (id)
    )
2025-01-03 18:04:53 [main] DEBUG org.hibernate.SQL - 
    alter table if exists parts 
       add constraint FK44bpbjjhvt2bd6spralcvfki7 
       foreign key (sector) 
       references sectors
2025-01-03 18:04:57 [main] DEBUG org.hibernate.SQL - 
    insert 
    into
        sectors
        (actives, columns, row_data, sector, shelves, version, id) 
    values
        (?, ?, ?, ?, ?, ?, default)
2025-01-03 18:04:58 [main] DEBUG org.hibernate.SQL - 
    insert 
    into
        parts
        (actives, quantities, cods, images, names, sector, version, id) 
    values
        (?, ?, ?, ?, ?, ?, ?, default)
2025-01-03 18:04:58 [main] DEBUG org.hibernate.SQL - 
    insert 
    into
        sectors
        (actives, columns, row_data, sector, shelves, version, id) 
    values
        (?, ?, ?, ?, ?, ?, default)
2025-01-03 18:04:58 [main] DEBUG org.hibernate.SQL - 
    insert 
    into
        parts
        (actives, quantities, cods, images, names, sector, version, id) 
    values
        (?, ?, ?, ?, ?, ?, ?, default)
2025-01-03 18:04:58 [main] DEBUG org.hibernate.SQL - 
    select
        p1_0.id,
        p1_0.actives,
        p1_0.quantities,
        p1_0.cods,
        p1_0.images,
        p1_0.names,
        p1_0.sector,
        p1_0.version 
    from
        parts p1_0 
    where
        upper(p1_0.names) like upper(?) escape '\' 
        and p1_0.actives 
    order by
        p1_0.id 
    fetch
        first ? rows only
2025-01-03 18:04:58 [main] DEBUG org.hibernate.SQL - 
    select
        s1_0.id,
        s1_0.actives,
        s1_0.columns,
        s1_0.row_data,
        s1_0.sector,
        s1_0.shelves,
        s1_0.version 
    from
        sectors s1_0 
    where
        s1_0.id=?
2025-01-03 18:04:58 [main] DEBUG org.hibernate.SQL - 
    select
        s1_0.id,
        s1_0.actives,
        s1_0.columns,
        s1_0.row_data,
        s1_0.sector,
        s1_0.shelves,
        s1_0.version 
    from
        sectors s1_0 
    where
        s1_0.id=?
2025-01-03 18:04:58 [main] DEBUG org.hibernate.SQL - 
    select
        p1_0.id,
        p1_0.actives,
        p1_0.quantities,
        p1_0.cods,
        p1_0.images,
        p1_0.names,
        s1_0.id,
        s1_0.actives,
        s1_0.columns,
        s1_0.row_data,
        s1_0.sector,
        s1_0.shelves,
        s1_0.version,
        p1_0.version 
    from
        parts p1_0 
    left join
        sectors s1_0 
            on s1_0.id=p1_0.sector 
    where
        p1_0.id=?
2025-01-03 18:04:58 [main] DEBUG org.hibernate.SQL - 
    delete 
    from
        parts 
    where
        id=? 
        and version=?
2025-01-03 18:04:58 [main] DEBUG org.hibernate.SQL - 
    select
        p1_0.id,
        p1_0.actives,
        p1_0.quantities,
        p1_0.cods,
        p1_0.images,
        p1_0.names,
        s1_0.id,
        s1_0.actives,
        s1_0.columns,
        s1_0.row_data,
        s1_0.sector,
        s1_0.shelves,
        s1_0.version,
        p1_0.version 
    from
        parts p1_0 
    left join
        sectors s1_0 
            on s1_0.id=p1_0.sector 
    where
        p1_0.id=?
2025-01-03 18:04:58 [main] DEBUG org.hibernate.SQL - 
    delete 
    from
        parts 
    where
        id=? 
        and version=?
2025-01-03 18:04:58 [SpringApplicationShutdownHook] DEBUG org.hibernate.SQL - 
    drop table if exists parts cascade 
2025-01-03 18:04:58 [SpringApplicationShutdownHook] DEBUG org.hibernate.SQL - 
    drop table if exists sectors cascade 
2025-01-03 18:07:26 [main] DEBUG org.hibernate.SQL - 
    drop table if exists parts cascade 
2025-01-03 18:07:26 [main] DEBUG org.hibernate.SQL - 
    drop table if exists sectors cascade 
2025-01-03 18:07:26 [main] DEBUG org.hibernate.SQL - 
    create table parts (
        actives boolean not null,
        quantities float(53) not null,
        version integer,
        cods bigint not null,
        id bigint generated by default as identity,
        sector bigint,
        names varchar(255) not null,
        images blob not null,
        primary key (id)
    )
2025-01-03 18:07:26 [main] DEBUG org.hibernate.SQL - 
    create table sectors (
        actives boolean not null,
        version integer,
        id bigint generated by default as identity,
        columns varchar(255) not null,
        row_data varchar(255) not null,
        sector varchar(255) not null,
        shelves varchar(255) not null,
        primary key (id)
    )
2025-01-03 18:07:26 [main] DEBUG org.hibernate.SQL - 
    alter table if exists parts 
       add constraint FK44bpbjjhvt2bd6spralcvfki7 
       foreign key (sector) 
       references sectors
2025-01-03 18:07:30 [main] DEBUG org.hibernate.SQL - 
    insert 
    into
        sectors
        (actives, columns, row_data, sector, shelves, version, id) 
    values
        (?, ?, ?, ?, ?, ?, default)
2025-01-03 18:07:30 [main] DEBUG org.hibernate.SQL - 
    insert 
    into
        parts
        (actives, quantities, cods, images, names, sector, version, id) 
    values
        (?, ?, ?, ?, ?, ?, ?, default)
2025-01-03 18:07:30 [main] DEBUG org.hibernate.SQL - 
    insert 
    into
        sectors
        (actives, columns, row_data, sector, shelves, version, id) 
    values
        (?, ?, ?, ?, ?, ?, default)
2025-01-03 18:07:30 [main] DEBUG org.hibernate.SQL - 
    insert 
    into
        parts
        (actives, quantities, cods, images, names, sector, version, id) 
    values
        (?, ?, ?, ?, ?, ?, ?, default)
2025-01-03 18:07:31 [main] DEBUG org.hibernate.SQL - 
    select
        p1_0.id,
        p1_0.actives,
        p1_0.quantities,
        p1_0.cods,
        p1_0.images,
        p1_0.names,
        p1_0.sector,
        p1_0.version 
    from
        parts p1_0 
    where
        p1_0.cods=? 
        and p1_0.actives
2025-01-03 18:07:31 [main] DEBUG org.hibernate.SQL - 
    select
        s1_0.id,
        s1_0.actives,
        s1_0.columns,
        s1_0.row_data,
        s1_0.sector,
        s1_0.shelves,
        s1_0.version 
    from
        sectors s1_0 
    where
        s1_0.id=?
2025-01-03 18:07:31 [main] DEBUG org.hibernate.SQL - 
    select
        s1_0.id,
        s1_0.actives,
        s1_0.columns,
        s1_0.row_data,
        s1_0.sector,
        s1_0.shelves,
        s1_0.version 
    from
        sectors s1_0 
    where
        s1_0.id=?
2025-01-03 18:07:31 [SpringApplicationShutdownHook] DEBUG org.hibernate.SQL - 
    drop table if exists parts cascade 
2025-01-03 18:07:31 [SpringApplicationShutdownHook] DEBUG org.hibernate.SQL - 
    drop table if exists sectors cascade 
2025-01-03 18:08:21 [main] DEBUG org.hibernate.SQL - 
    drop table if exists parts cascade 
2025-01-03 18:08:21 [main] DEBUG org.hibernate.SQL - 
    drop table if exists sectors cascade 
2025-01-03 18:08:21 [main] DEBUG org.hibernate.SQL - 
    create table parts (
        actives boolean not null,
        quantities float(53) not null,
        version integer,
        cods bigint not null,
        id bigint generated by default as identity,
        sector bigint,
        names varchar(255) not null,
        images blob not null,
        primary key (id)
    )
2025-01-03 18:08:21 [main] DEBUG org.hibernate.SQL - 
    create table sectors (
        actives boolean not null,
        version integer,
        id bigint generated by default as identity,
        columns varchar(255) not null,
        row_data varchar(255) not null,
        sector varchar(255) not null,
        shelves varchar(255) not null,
        primary key (id)
    )
2025-01-03 18:08:21 [main] DEBUG org.hibernate.SQL - 
    alter table if exists parts 
       add constraint FK44bpbjjhvt2bd6spralcvfki7 
       foreign key (sector) 
       references sectors
2025-01-03 18:08:25 [main] DEBUG org.hibernate.SQL - 
    insert 
    into
        sectors
        (actives, columns, row_data, sector, shelves, version, id) 
    values
        (?, ?, ?, ?, ?, ?, default)
2025-01-03 18:08:25 [main] DEBUG org.hibernate.SQL - 
    insert 
    into
        parts
        (actives, quantities, cods, images, names, sector, version, id) 
    values
        (?, ?, ?, ?, ?, ?, ?, default)
2025-01-03 18:08:25 [main] DEBUG org.hibernate.SQL - 
    select
        p1_0.id,
        p1_0.actives,
        p1_0.quantities,
        p1_0.cods,
        p1_0.images,
        p1_0.names,
        p1_0.sector,
        p1_0.version 
    from
        parts p1_0 
    where
        p1_0.cods=? 
        and p1_0.actives
2025-01-03 18:08:25 [main] DEBUG org.hibernate.SQL - 
    select
        s1_0.id,
        s1_0.actives,
        s1_0.columns,
        s1_0.row_data,
        s1_0.sector,
        s1_0.shelves,
        s1_0.version 
    from
        sectors s1_0 
    where
        s1_0.id=?
2025-01-03 18:08:25 [main] DEBUG org.hibernate.SQL - 
    select
        p1_0.id,
        p1_0.actives,
        p1_0.quantities,
        p1_0.cods,
        p1_0.images,
        p1_0.names,
        s1_0.id,
        s1_0.actives,
        s1_0.columns,
        s1_0.row_data,
        s1_0.sector,
        s1_0.shelves,
        s1_0.version,
        p1_0.version 
    from
        parts p1_0 
    left join
        sectors s1_0 
            on s1_0.id=p1_0.sector 
    where
        p1_0.id=?
2025-01-03 18:08:26 [main] DEBUG org.hibernate.SQL - 
    delete 
    from
        parts 
    where
        id=? 
        and version=?
2025-01-03 18:08:26 [SpringApplicationShutdownHook] DEBUG org.hibernate.SQL - 
    drop table if exists parts cascade 
2025-01-03 18:08:26 [SpringApplicationShutdownHook] DEBUG org.hibernate.SQL - 
    drop table if exists sectors cascade 
2025-01-03 18:09:28 [main] DEBUG org.hibernate.SQL - 
    drop table if exists parts cascade 
2025-01-03 18:09:28 [main] DEBUG org.hibernate.SQL - 
    drop table if exists sectors cascade 
2025-01-03 18:09:28 [main] DEBUG org.hibernate.SQL - 
    create table parts (
        actives boolean not null,
        quantities float(53) not null,
        version integer,
        cods bigint not null,
        id bigint generated by default as identity,
        sector bigint,
        names varchar(255) not null,
        images blob not null,
        primary key (id)
    )
2025-01-03 18:09:28 [main] DEBUG org.hibernate.SQL - 
    create table sectors (
        actives boolean not null,
        version integer,
        id bigint generated by default as identity,
        columns varchar(255) not null,
        row_data varchar(255) not null,
        sector varchar(255) not null,
        shelves varchar(255) not null,
        primary key (id)
    )
2025-01-03 18:09:28 [main] DEBUG org.hibernate.SQL - 
    alter table if exists parts 
       add constraint FK44bpbjjhvt2bd6spralcvfki7 
       foreign key (sector) 
       references sectors
2025-01-03 18:09:32 [main] DEBUG org.hibernate.SQL - 
    insert 
    into
        sectors
        (actives, columns, row_data, sector, shelves, version, id) 
    values
        (?, ?, ?, ?, ?, ?, default)
2025-01-03 18:09:32 [main] DEBUG org.hibernate.SQL - 
    insert 
    into
        parts
        (actives, quantities, cods, images, names, sector, version, id) 
    values
        (?, ?, ?, ?, ?, ?, ?, default)
2025-01-03 18:09:32 [main] DEBUG org.hibernate.SQL - 
    select
        p1_0.id,
        p1_0.actives,
        p1_0.quantities,
        p1_0.cods,
        p1_0.images,
        p1_0.names,
        p1_0.sector,
        p1_0.version 
    from
        parts p1_0 
    where
        p1_0.cods=? 
        or upper(p1_0.names) like upper(?) escape '\' 
        and p1_0.actives 
    order by
        p1_0.id 
    fetch
        first ? rows only
2025-01-03 18:09:33 [main] DEBUG org.hibernate.SQL - 
    select
        s1_0.id,
        s1_0.actives,
        s1_0.columns,
        s1_0.row_data,
        s1_0.sector,
        s1_0.shelves,
        s1_0.version 
    from
        sectors s1_0 
    where
        s1_0.id=?
2025-01-03 18:09:33 [main] DEBUG org.hibernate.SQL - 
    select
        p1_0.id,
        p1_0.actives,
        p1_0.quantities,
        p1_0.cods,
        p1_0.images,
        p1_0.names,
        s1_0.id,
        s1_0.actives,
        s1_0.columns,
        s1_0.row_data,
        s1_0.sector,
        s1_0.shelves,
        s1_0.version,
        p1_0.version 
    from
        parts p1_0 
    left join
        sectors s1_0 
            on s1_0.id=p1_0.sector 
    where
        p1_0.id=?
2025-01-03 18:09:33 [main] DEBUG org.hibernate.SQL - 
    delete 
    from
        parts 
    where
        id=? 
        and version=?
2025-01-03 18:09:33 [SpringApplicationShutdownHook] DEBUG org.hibernate.SQL - 
    drop table if exists parts cascade 
2025-01-03 18:09:33 [SpringApplicationShutdownHook] DEBUG org.hibernate.SQL - 
    drop table if exists sectors cascade 
2025-01-03 18:12:05 [main] DEBUG org.hibernate.SQL - 
    drop table if exists parts cascade 
2025-01-03 18:12:05 [main] DEBUG org.hibernate.SQL - 
    drop table if exists sectors cascade 
2025-01-03 18:12:05 [main] DEBUG org.hibernate.SQL - 
    create table parts (
        actives boolean not null,
        quantities float(53) not null,
        version integer,
        cods bigint not null,
        id bigint generated by default as identity,
        sector bigint,
        names varchar(255) not null,
        images blob not null,
        primary key (id)
    )
2025-01-03 18:12:05 [main] DEBUG org.hibernate.SQL - 
    create table sectors (
        actives boolean not null,
        version integer,
        id bigint generated by default as identity,
        columns varchar(255) not null,
        row_data varchar(255) not null,
        sector varchar(255) not null,
        shelves varchar(255) not null,
        primary key (id)
    )
2025-01-03 18:12:05 [main] DEBUG org.hibernate.SQL - 
    alter table if exists parts 
       add constraint FK44bpbjjhvt2bd6spralcvfki7 
       foreign key (sector) 
       references sectors
2025-01-03 18:12:11 [main] DEBUG org.hibernate.SQL - 
    insert 
    into
        sectors
        (actives, columns, row_data, sector, shelves, version, id) 
    values
        (?, ?, ?, ?, ?, ?, default)
2025-01-03 18:12:11 [main] DEBUG org.hibernate.SQL - 
    insert 
    into
        parts
        (actives, quantities, cods, images, names, sector, version, id) 
    values
        (?, ?, ?, ?, ?, ?, ?, default)
2025-01-03 18:12:11 [main] DEBUG org.hibernate.SQL - 
    select
        p1_0.id,
        p1_0.actives,
        p1_0.quantities,
        p1_0.cods,
        p1_0.images,
        p1_0.names,
        p1_0.sector,
        p1_0.version 
    from
        parts p1_0 
    where
        p1_0.id=? 
        and p1_0.actives
2025-01-03 18:12:11 [main] DEBUG org.hibernate.SQL - 
    select
        s1_0.id,
        s1_0.actives,
        s1_0.columns,
        s1_0.row_data,
        s1_0.sector,
        s1_0.shelves,
        s1_0.version 
    from
        sectors s1_0 
    where
        s1_0.id=?
2025-01-03 18:12:12 [main] DEBUG org.hibernate.SQL - 
    select
        p1_0.id,
        p1_0.actives,
        p1_0.quantities,
        p1_0.cods,
        p1_0.images,
        p1_0.names,
        s1_0.id,
        s1_0.actives,
        s1_0.columns,
        s1_0.row_data,
        s1_0.sector,
        s1_0.shelves,
        s1_0.version,
        p1_0.version 
    from
        parts p1_0 
    left join
        sectors s1_0 
            on s1_0.id=p1_0.sector 
    where
        p1_0.id=?
2025-01-03 18:12:12 [main] DEBUG org.hibernate.SQL - 
    delete 
    from
        parts 
    where
        id=? 
        and version=?
2025-01-03 18:12:12 [SpringApplicationShutdownHook] DEBUG org.hibernate.SQL - 
    drop table if exists parts cascade 
2025-01-03 18:12:12 [SpringApplicationShutdownHook] DEBUG org.hibernate.SQL - 
    drop table if exists sectors cascade 
2025-01-03 18:13:33 [main] DEBUG org.hibernate.SQL - 
    drop table if exists parts cascade 
2025-01-03 18:13:33 [main] DEBUG org.hibernate.SQL - 
    drop table if exists sectors cascade 
2025-01-03 18:13:33 [main] DEBUG org.hibernate.SQL - 
    create table parts (
        actives boolean not null,
        quantities float(53) not null,
        version integer,
        cods bigint not null,
        id bigint generated by default as identity,
        sector bigint,
        names varchar(255) not null,
        images blob not null,
        primary key (id)
    )
2025-01-03 18:13:33 [main] DEBUG org.hibernate.SQL - 
    create table sectors (
        actives boolean not null,
        version integer,
        id bigint generated by default as identity,
        columns varchar(255) not null,
        row_data varchar(255) not null,
        sector varchar(255) not null,
        shelves varchar(255) not null,
        primary key (id)
    )
2025-01-03 18:13:33 [main] DEBUG org.hibernate.SQL - 
    alter table if exists parts 
       add constraint FK44bpbjjhvt2bd6spralcvfki7 
       foreign key (sector) 
       references sectors
2025-01-03 18:13:38 [main] DEBUG org.hibernate.SQL - 
    insert 
    into
        sectors
        (actives, columns, row_data, sector, shelves, version, id) 
    values
        (?, ?, ?, ?, ?, ?, default)
2025-01-03 18:13:38 [main] DEBUG org.hibernate.SQL - 
    insert 
    into
        parts
        (actives, quantities, cods, images, names, sector, version, id) 
    values
        (?, ?, ?, ?, ?, ?, ?, default)
2025-01-03 18:13:38 [main] DEBUG org.hibernate.SQL - 
    insert 
    into
        sectors
        (actives, columns, row_data, sector, shelves, version, id) 
    values
        (?, ?, ?, ?, ?, ?, default)
2025-01-03 18:13:38 [main] DEBUG org.hibernate.SQL - 
    select
        p1_0.id,
        p1_0.actives,
        p1_0.quantities,
        p1_0.cods,
        p1_0.images,
        p1_0.names,
        s1_0.id,
        s1_0.actives,
        s1_0.columns,
        s1_0.row_data,
        s1_0.sector,
        s1_0.shelves,
        s1_0.version,
        p1_0.version 
    from
        parts p1_0 
    left join
        sectors s1_0 
            on s1_0.id=p1_0.sector 
    where
        p1_0.id=?
2025-01-03 18:13:38 [main] DEBUG org.hibernate.SQL - 
    select
        s1_0.id,
        s1_0.actives,
        s1_0.columns,
        s1_0.row_data,
        s1_0.sector,
        s1_0.shelves,
        s1_0.version 
    from
        sectors s1_0 
    where
        s1_0.id=? 
        and s1_0.actives
2025-01-03 18:13:38 [main] DEBUG org.hibernate.SQL - 
    update
        parts 
    set
        actives=?,
        quantities=?,
        cods=?,
        images=?,
        names=?,
        sector=?,
        version=? 
    where
        id=? 
        and version=?
2025-01-03 18:13:39 [main] DEBUG org.hibernate.SQL - 
    select
        p1_0.id,
        p1_0.actives,
        p1_0.quantities,
        p1_0.cods,
        p1_0.images,
        p1_0.names,
        s1_0.id,
        s1_0.actives,
        s1_0.columns,
        s1_0.row_data,
        s1_0.sector,
        s1_0.shelves,
        s1_0.version,
        p1_0.version 
    from
        parts p1_0 
    left join
        sectors s1_0 
            on s1_0.id=p1_0.sector 
    where
        p1_0.id=?
2025-01-03 18:13:39 [main] DEBUG org.hibernate.SQL - 
    delete 
    from
        parts 
    where
        id=? 
        and version=?
2025-01-03 18:13:39 [SpringApplicationShutdownHook] DEBUG org.hibernate.SQL - 
    drop table if exists parts cascade 
2025-01-03 18:13:39 [SpringApplicationShutdownHook] DEBUG org.hibernate.SQL - 
    drop table if exists sectors cascade 
2025-01-03 18:14:09 [main] DEBUG org.hibernate.SQL - 
    drop table if exists parts cascade 
2025-01-03 18:14:09 [main] DEBUG org.hibernate.SQL - 
    drop table if exists sectors cascade 
2025-01-03 18:14:09 [main] DEBUG org.hibernate.SQL - 
    create table parts (
        actives boolean not null,
        quantities float(53) not null,
        version integer,
        cods bigint not null,
        id bigint generated by default as identity,
        sector bigint,
        names varchar(255) not null,
        images blob not null,
        primary key (id)
    )
2025-01-03 18:14:09 [main] DEBUG org.hibernate.SQL - 
    create table sectors (
        actives boolean not null,
        version integer,
        id bigint generated by default as identity,
        columns varchar(255) not null,
        row_data varchar(255) not null,
        sector varchar(255) not null,
        shelves varchar(255) not null,
        primary key (id)
    )
2025-01-03 18:14:09 [main] DEBUG org.hibernate.SQL - 
    alter table if exists parts 
       add constraint FK44bpbjjhvt2bd6spralcvfki7 
       foreign key (sector) 
       references sectors
2025-01-03 18:14:15 [main] DEBUG org.hibernate.SQL - 
    insert 
    into
        sectors
        (actives, columns, row_data, sector, shelves, version, id) 
    values
        (?, ?, ?, ?, ?, ?, default)
2025-01-03 18:14:15 [main] DEBUG org.hibernate.SQL - 
    insert 
    into
        parts
        (actives, quantities, cods, images, names, sector, version, id) 
    values
        (?, ?, ?, ?, ?, ?, ?, default)
2025-01-03 18:14:15 [main] DEBUG org.hibernate.SQL - 
    select
        p1_0.id,
        p1_0.actives,
        p1_0.quantities,
        p1_0.cods,
        p1_0.images,
        p1_0.names,
        s1_0.id,
        s1_0.actives,
        s1_0.columns,
        s1_0.row_data,
        s1_0.sector,
        s1_0.shelves,
        s1_0.version,
        p1_0.version 
    from
        parts p1_0 
    left join
        sectors s1_0 
            on s1_0.id=p1_0.sector 
    where
        p1_0.id=?
2025-01-03 18:14:15 [main] DEBUG org.hibernate.SQL - 
    update
        parts 
    set
        actives=?,
        quantities=?,
        cods=?,
        images=?,
        names=?,
        sector=?,
        version=? 
    where
        id=? 
        and version=?
2025-01-03 18:14:15 [main] DEBUG org.hibernate.SQL - 
    select
        p1_0.id,
        p1_0.actives,
        p1_0.quantities,
        p1_0.cods,
        p1_0.images,
        p1_0.names,
        s1_0.id,
        s1_0.actives,
        s1_0.columns,
        s1_0.row_data,
        s1_0.sector,
        s1_0.shelves,
        s1_0.version,
        p1_0.version 
    from
        parts p1_0 
    left join
        sectors s1_0 
            on s1_0.id=p1_0.sector 
    where
        p1_0.id=?
2025-01-03 18:14:15 [main] DEBUG org.hibernate.SQL - 
    delete 
    from
        parts 
    where
        id=? 
        and version=?
2025-01-03 18:14:15 [SpringApplicationShutdownHook] DEBUG org.hibernate.SQL - 
    drop table if exists parts cascade 
2025-01-03 18:14:15 [SpringApplicationShutdownHook] DEBUG org.hibernate.SQL - 
    drop table if exists sectors cascade 
2025-01-03 18:14:58 [main] DEBUG org.hibernate.SQL - 
    drop table if exists parts cascade 
2025-01-03 18:14:58 [main] DEBUG org.hibernate.SQL - 
    drop table if exists sectors cascade 
2025-01-03 18:14:58 [main] DEBUG org.hibernate.SQL - 
    create table parts (
        actives boolean not null,
        quantities float(53) not null,
        version integer,
        cods bigint not null,
        id bigint generated by default as identity,
        sector bigint,
        names varchar(255) not null,
        images blob not null,
        primary key (id)
    )
2025-01-03 18:14:58 [main] DEBUG org.hibernate.SQL - 
    create table sectors (
        actives boolean not null,
        version integer,
        id bigint generated by default as identity,
        columns varchar(255) not null,
        row_data varchar(255) not null,
        sector varchar(255) not null,
        shelves varchar(255) not null,
        primary key (id)
    )
2025-01-03 18:14:58 [main] DEBUG org.hibernate.SQL - 
    alter table if exists parts 
       add constraint FK44bpbjjhvt2bd6spralcvfki7 
       foreign key (sector) 
       references sectors
2025-01-03 18:15:08 [main] DEBUG org.hibernate.SQL - 
    select
        p1_0.id,
        p1_0.actives,
        p1_0.quantities,
        p1_0.cods,
        p1_0.images,
        p1_0.names,
        p1_0.sector,
        p1_0.version 
    from
        parts p1_0 
    where
        p1_0.actives 
    order by
        p1_0.id 
    fetch
        first ? rows only
2025-01-03 18:15:08 [SpringApplicationShutdownHook] DEBUG org.hibernate.SQL - 
    drop table if exists parts cascade 
2025-01-03 18:15:08 [SpringApplicationShutdownHook] DEBUG org.hibernate.SQL - 
    drop table if exists sectors cascade 
2025-01-03 18:17:29 [main] DEBUG org.hibernate.SQL - 
    drop table if exists parts cascade 
2025-01-03 18:17:29 [main] DEBUG org.hibernate.SQL - 
    drop table if exists sectors cascade 
2025-01-03 18:17:29 [main] DEBUG org.hibernate.SQL - 
    create table parts (
        actives boolean not null,
        quantities float(53) not null,
        version integer,
        cods bigint not null,
        id bigint generated by default as identity,
        sector bigint,
        names varchar(255) not null,
        images blob not null,
        primary key (id)
    )
2025-01-03 18:17:29 [main] DEBUG org.hibernate.SQL - 
    create table sectors (
        actives boolean not null,
        version integer,
        id bigint generated by default as identity,
        columns varchar(255) not null,
        row_data varchar(255) not null,
        sector varchar(255) not null,
        shelves varchar(255) not null,
        primary key (id)
    )
2025-01-03 18:17:29 [main] DEBUG org.hibernate.SQL - 
    alter table if exists parts 
       add constraint FK44bpbjjhvt2bd6spralcvfki7 
       foreign key (sector) 
       references sectors
2025-01-03 18:17:33 [main] DEBUG org.hibernate.SQL - 
    insert 
    into
        sectors
        (actives, columns, row_data, sector, shelves, version, id) 
    values
        (?, ?, ?, ?, ?, ?, default)
2025-01-03 18:17:33 [main] DEBUG org.hibernate.SQL - 
    insert 
    into
        parts
        (actives, quantities, cods, images, names, sector, version, id) 
    values
        (?, ?, ?, ?, ?, ?, ?, default)
2025-01-03 18:17:33 [main] DEBUG org.hibernate.SQL - 
    insert 
    into
        sectors
        (actives, columns, row_data, sector, shelves, version, id) 
    values
        (?, ?, ?, ?, ?, ?, default)
2025-01-03 18:17:33 [main] DEBUG org.hibernate.SQL - 
    select
        p1_0.id,
        p1_0.actives,
        p1_0.quantities,
        p1_0.cods,
        p1_0.images,
        p1_0.names,
        s1_0.id,
        s1_0.actives,
        s1_0.columns,
        s1_0.row_data,
        s1_0.sector,
        s1_0.shelves,
        s1_0.version,
        p1_0.version 
    from
        parts p1_0 
    left join
        sectors s1_0 
            on s1_0.id=p1_0.sector 
    where
        p1_0.id=?
2025-01-03 18:17:33 [main] DEBUG org.hibernate.SQL - 
    select
        s1_0.id,
        s1_0.actives,
        s1_0.columns,
        s1_0.row_data,
        s1_0.sector,
        s1_0.shelves,
        s1_0.version 
    from
        sectors s1_0 
    where
        s1_0.id=? 
        and s1_0.actives
2025-01-03 18:17:33 [main] DEBUG org.hibernate.SQL - 
    update
        parts 
    set
        actives=?,
        quantities=?,
        cods=?,
        images=?,
        names=?,
        sector=?,
        version=? 
    where
        id=? 
        and version=?
2025-01-03 18:17:33 [main] DEBUG org.hibernate.SQL - 
    select
        p1_0.id,
        p1_0.actives,
        p1_0.quantities,
        p1_0.cods,
        p1_0.images,
        p1_0.names,
        s1_0.id,
        s1_0.actives,
        s1_0.columns,
        s1_0.row_data,
        s1_0.sector,
        s1_0.shelves,
        s1_0.version,
        p1_0.version 
    from
        parts p1_0 
    left join
        sectors s1_0 
            on s1_0.id=p1_0.sector 
    where
        p1_0.id=?
2025-01-03 18:17:33 [main] DEBUG org.hibernate.SQL - 
    delete 
    from
        parts 
    where
        id=? 
        and version=?
2025-01-03 18:17:33 [main] DEBUG org.hibernate.SQL - 
    select
        p1_0.id,
        p1_0.actives,
        p1_0.quantities,
        p1_0.cods,
        p1_0.images,
        p1_0.names,
        p1_0.sector,
        p1_0.version 
    from
        parts p1_0 
    where
        p1_0.actives 
    order by
        p1_0.id 
    fetch
        first ? rows only
2025-01-03 18:17:33 [main] DEBUG org.hibernate.SQL - 
    insert 
    into
        sectors
        (actives, columns, row_data, sector, shelves, version, id) 
    values
        (?, ?, ?, ?, ?, ?, default)
2025-01-03 18:17:33 [main] DEBUG org.hibernate.SQL - 
    insert 
    into
        parts
        (actives, quantities, cods, images, names, sector, version, id) 
    values
        (?, ?, ?, ?, ?, ?, ?, default)
2025-01-03 18:17:34 [main] DEBUG org.hibernate.SQL - 
    select
        p1_0.id,
        p1_0.actives,
        p1_0.quantities,
        p1_0.cods,
        p1_0.images,
        p1_0.names,
        s1_0.id,
        s1_0.actives,
        s1_0.columns,
        s1_0.row_data,
        s1_0.sector,
        s1_0.shelves,
        s1_0.version,
        p1_0.version 
    from
        parts p1_0 
    left join
        sectors s1_0 
            on s1_0.id=p1_0.sector 
    where
        p1_0.id=?
2025-01-03 18:17:34 [main] DEBUG org.hibernate.SQL - 
    update
        parts 
    set
        actives=?,
        quantities=?,
        cods=?,
        images=?,
        names=?,
        sector=?,
        version=? 
    where
        id=? 
        and version=?
2025-01-03 18:17:34 [main] DEBUG org.hibernate.SQL - 
    select
        p1_0.id,
        p1_0.actives,
        p1_0.quantities,
        p1_0.cods,
        p1_0.images,
        p1_0.names,
        s1_0.id,
        s1_0.actives,
        s1_0.columns,
        s1_0.row_data,
        s1_0.sector,
        s1_0.shelves,
        s1_0.version,
        p1_0.version 
    from
        parts p1_0 
    left join
        sectors s1_0 
            on s1_0.id=p1_0.sector 
    where
        p1_0.id=?
2025-01-03 18:17:34 [main] DEBUG org.hibernate.SQL - 
    delete 
    from
        parts 
    where
        id=? 
        and version=?
2025-01-03 18:17:34 [main] DEBUG org.hibernate.SQL - 
    insert 
    into
        sectors
        (actives, columns, row_data, sector, shelves, version, id) 
    values
        (?, ?, ?, ?, ?, ?, default)
2025-01-03 18:17:34 [main] DEBUG org.hibernate.SQL - 
    insert 
    into
        parts
        (actives, quantities, cods, images, names, sector, version, id) 
    values
        (?, ?, ?, ?, ?, ?, ?, default)
2025-01-03 18:17:34 [main] DEBUG org.hibernate.SQL - 
    select
        p1_0.id,
        p1_0.actives,
        p1_0.quantities,
        p1_0.cods,
        p1_0.images,
        p1_0.names,
        p1_0.sector,
        p1_0.version 
    from
        parts p1_0 
    where
        p1_0.id=? 
        and p1_0.actives
2025-01-03 18:17:34 [main] DEBUG org.hibernate.SQL - 
    select
        s1_0.id,
        s1_0.actives,
        s1_0.columns,
        s1_0.row_data,
        s1_0.sector,
        s1_0.shelves,
        s1_0.version 
    from
        sectors s1_0 
    where
        s1_0.id=?
2025-01-03 18:17:34 [main] DEBUG org.hibernate.SQL - 
    select
        p1_0.id,
        p1_0.actives,
        p1_0.quantities,
        p1_0.cods,
        p1_0.images,
        p1_0.names,
        s1_0.id,
        s1_0.actives,
        s1_0.columns,
        s1_0.row_data,
        s1_0.sector,
        s1_0.shelves,
        s1_0.version,
        p1_0.version 
    from
        parts p1_0 
    left join
        sectors s1_0 
            on s1_0.id=p1_0.sector 
    where
        p1_0.id=?
2025-01-03 18:17:34 [main] DEBUG org.hibernate.SQL - 
    delete 
    from
        parts 
    where
        id=? 
        and version=?
2025-01-03 18:17:34 [main] DEBUG org.hibernate.SQL - 
    insert 
    into
        sectors
        (actives, columns, row_data, sector, shelves, version, id) 
    values
        (?, ?, ?, ?, ?, ?, default)
2025-01-03 18:17:34 [main] DEBUG org.hibernate.SQL - 
    select
        s1_0.id,
        s1_0.actives,
        s1_0.columns,
        s1_0.row_data,
        s1_0.sector,
        s1_0.shelves,
        s1_0.version 
    from
        sectors s1_0 
    where
        s1_0.id=?
2025-01-03 18:17:34 [main] DEBUG org.hibernate.SQL - 
    select
        p1_0.id 
    from
        parts p1_0 
    where
        p1_0.cods=? 
        and p1_0.names=? 
        and p1_0.sector=? 
    fetch
        first ? rows only
2025-01-03 18:17:34 [main] DEBUG org.hibernate.SQL - 
    insert 
    into
        parts
        (actives, quantities, cods, images, names, sector, version, id) 
    values
        (?, ?, ?, ?, ?, ?, ?, default)
2025-01-03 18:17:34 [main] DEBUG org.hibernate.SQL - 
    select
        p1_0.id,
        p1_0.actives,
        p1_0.quantities,
        p1_0.cods,
        p1_0.images,
        p1_0.names,
        s1_0.id,
        s1_0.actives,
        s1_0.columns,
        s1_0.row_data,
        s1_0.sector,
        s1_0.shelves,
        s1_0.version,
        p1_0.version 
    from
        parts p1_0 
    left join
        sectors s1_0 
            on s1_0.id=p1_0.sector 
    where
        p1_0.id=?
2025-01-03 18:17:34 [main] DEBUG org.hibernate.SQL - 
    delete 
    from
        parts 
    where
        id=? 
        and version=?
2025-01-03 18:17:34 [main] DEBUG org.hibernate.SQL - 
    insert 
    into
        sectors
        (actives, columns, row_data, sector, shelves, version, id) 
    values
        (?, ?, ?, ?, ?, ?, default)
2025-01-03 18:17:34 [main] DEBUG org.hibernate.SQL - 
    insert 
    into
        parts
        (actives, quantities, cods, images, names, sector, version, id) 
    values
        (?, ?, ?, ?, ?, ?, ?, default)
2025-01-03 18:17:34 [main] DEBUG org.hibernate.SQL - 
    insert 
    into
        sectors
        (actives, columns, row_data, sector, shelves, version, id) 
    values
        (?, ?, ?, ?, ?, ?, default)
2025-01-03 18:17:34 [main] DEBUG org.hibernate.SQL - 
    insert 
    into
        parts
        (actives, quantities, cods, images, names, sector, version, id) 
    values
        (?, ?, ?, ?, ?, ?, ?, default)
2025-01-03 18:17:34 [main] DEBUG org.hibernate.SQL - 
    select
        p1_0.id,
        p1_0.actives,
        p1_0.quantities,
        p1_0.cods,
        p1_0.images,
        p1_0.names,
        p1_0.sector,
        p1_0.version 
    from
        parts p1_0 
    where
        upper(p1_0.names) like upper(?) escape '\' 
        and p1_0.actives 
    order by
        p1_0.id 
    fetch
        first ? rows only
2025-01-03 18:17:34 [main] DEBUG org.hibernate.SQL - 
    select
        s1_0.id,
        s1_0.actives,
        s1_0.columns,
        s1_0.row_data,
        s1_0.sector,
        s1_0.shelves,
        s1_0.version 
    from
        sectors s1_0 
    where
        s1_0.id=?
2025-01-03 18:17:34 [main] DEBUG org.hibernate.SQL - 
    select
        s1_0.id,
        s1_0.actives,
        s1_0.columns,
        s1_0.row_data,
        s1_0.sector,
        s1_0.shelves,
        s1_0.version 
    from
        sectors s1_0 
    where
        s1_0.id=?
2025-01-03 18:17:34 [main] DEBUG org.hibernate.SQL - 
    select
        p1_0.id,
        p1_0.actives,
        p1_0.quantities,
        p1_0.cods,
        p1_0.images,
        p1_0.names,
        s1_0.id,
        s1_0.actives,
        s1_0.columns,
        s1_0.row_data,
        s1_0.sector,
        s1_0.shelves,
        s1_0.version,
        p1_0.version 
    from
        parts p1_0 
    left join
        sectors s1_0 
            on s1_0.id=p1_0.sector 
    where
        p1_0.id=?
2025-01-03 18:17:34 [main] DEBUG org.hibernate.SQL - 
    delete 
    from
        parts 
    where
        id=? 
        and version=?
2025-01-03 18:17:34 [main] DEBUG org.hibernate.SQL - 
    select
        p1_0.id,
        p1_0.actives,
        p1_0.quantities,
        p1_0.cods,
        p1_0.images,
        p1_0.names,
        s1_0.id,
        s1_0.actives,
        s1_0.columns,
        s1_0.row_data,
        s1_0.sector,
        s1_0.shelves,
        s1_0.version,
        p1_0.version 
    from
        parts p1_0 
    left join
        sectors s1_0 
            on s1_0.id=p1_0.sector 
    where
        p1_0.id=?
2025-01-03 18:17:34 [main] DEBUG org.hibernate.SQL - 
    delete 
    from
        parts 
    where
        id=? 
        and version=?
2025-01-03 18:17:34 [main] DEBUG org.hibernate.SQL - 
    insert 
    into
        sectors
        (actives, columns, row_data, sector, shelves, version, id) 
    values
        (?, ?, ?, ?, ?, ?, default)
2025-01-03 18:17:34 [main] DEBUG org.hibernate.SQL - 
    insert 
    into
        parts
        (actives, quantities, cods, images, names, sector, version, id) 
    values
        (?, ?, ?, ?, ?, ?, ?, default)
2025-01-03 18:17:34 [main] DEBUG org.hibernate.SQL - 
    select
        p1_0.id,
        p1_0.actives,
        p1_0.quantities,
        p1_0.cods,
        p1_0.images,
        p1_0.names,
        p1_0.sector,
        p1_0.version 
    from
        parts p1_0 
    where
        p1_0.cods=? 
        and p1_0.actives
2025-01-03 18:17:34 [main] DEBUG org.hibernate.SQL - 
    select
        s1_0.id,
        s1_0.actives,
        s1_0.columns,
        s1_0.row_data,
        s1_0.sector,
        s1_0.shelves,
        s1_0.version 
    from
        sectors s1_0 
    where
        s1_0.id=?
2025-01-03 18:17:34 [main] DEBUG org.hibernate.SQL - 
    select
        p1_0.id,
        p1_0.actives,
        p1_0.quantities,
        p1_0.cods,
        p1_0.images,
        p1_0.names,
        s1_0.id,
        s1_0.actives,
        s1_0.columns,
        s1_0.row_data,
        s1_0.sector,
        s1_0.shelves,
        s1_0.version,
        p1_0.version 
    from
        parts p1_0 
    left join
        sectors s1_0 
            on s1_0.id=p1_0.sector 
    where
        p1_0.id=?
2025-01-03 18:17:34 [main] DEBUG org.hibernate.SQL - 
    delete 
    from
        parts 
    where
        id=? 
        and version=?
2025-01-03 18:17:34 [main] DEBUG org.hibernate.SQL - 
    insert 
    into
        sectors
        (actives, columns, row_data, sector, shelves, version, id) 
    values
        (?, ?, ?, ?, ?, ?, default)
2025-01-03 18:17:34 [main] DEBUG org.hibernate.SQL - 
    insert 
    into
        parts
        (actives, quantities, cods, images, names, sector, version, id) 
    values
        (?, ?, ?, ?, ?, ?, ?, default)
2025-01-03 18:17:34 [main] DEBUG org.hibernate.SQL - 
    select
        p1_0.id,
        p1_0.actives,
        p1_0.quantities,
        p1_0.cods,
        p1_0.images,
        p1_0.names,
        p1_0.sector,
        p1_0.version 
    from
        parts p1_0 
    where
        p1_0.cods=? 
        or upper(p1_0.names) like upper(?) escape '\' 
        and p1_0.actives 
    order by
        p1_0.id 
    fetch
        first ? rows only
2025-01-03 18:17:34 [main] DEBUG org.hibernate.SQL - 
    select
        s1_0.id,
        s1_0.actives,
        s1_0.columns,
        s1_0.row_data,
        s1_0.sector,
        s1_0.shelves,
        s1_0.version 
    from
        sectors s1_0 
    where
        s1_0.id=?
2025-01-03 18:17:34 [main] DEBUG org.hibernate.SQL - 
    select
        p1_0.id,
        p1_0.actives,
        p1_0.quantities,
        p1_0.cods,
        p1_0.images,
        p1_0.names,
        s1_0.id,
        s1_0.actives,
        s1_0.columns,
        s1_0.row_data,
        s1_0.sector,
        s1_0.shelves,
        s1_0.version,
        p1_0.version 
    from
        parts p1_0 
    left join
        sectors s1_0 
            on s1_0.id=p1_0.sector 
    where
        p1_0.id=?
2025-01-03 18:17:34 [main] DEBUG org.hibernate.SQL - 
    delete 
    from
        parts 
    where
        id=? 
        and version=?
2025-01-03 18:17:35 [SpringApplicationShutdownHook] DEBUG org.hibernate.SQL - 
    drop table if exists parts cascade 
2025-01-03 18:17:35 [SpringApplicationShutdownHook] DEBUG org.hibernate.SQL - 
    drop table if exists sectors cascade 
2025-01-03 18:17:57 [main] DEBUG org.hibernate.SQL - 
    drop table if exists parts cascade 
2025-01-03 18:17:57 [main] DEBUG org.hibernate.SQL - 
    drop table if exists sectors cascade 
2025-01-03 18:17:57 [main] DEBUG org.hibernate.SQL - 
    create table parts (
        actives boolean not null,
        quantities float(53) not null,
        version integer,
        cods bigint not null,
        id bigint generated by default as identity,
        sector bigint,
        names varchar(255) not null,
        images blob not null,
        primary key (id)
    )
2025-01-03 18:17:57 [main] DEBUG org.hibernate.SQL - 
    create table sectors (
        actives boolean not null,
        version integer,
        id bigint generated by default as identity,
        columns varchar(255) not null,
        row_data varchar(255) not null,
        sector varchar(255) not null,
        shelves varchar(255) not null,
        primary key (id)
    )
2025-01-03 18:17:57 [main] DEBUG org.hibernate.SQL - 
    alter table if exists parts 
       add constraint FK44bpbjjhvt2bd6spralcvfki7 
       foreign key (sector) 
       references sectors
2025-01-03 18:18:01 [main] DEBUG org.hibernate.SQL - 
    insert 
    into
        sectors
        (actives, columns, row_data, sector, shelves, version, id) 
    values
        (?, ?, ?, ?, ?, ?, default)
2025-01-03 18:18:01 [main] DEBUG org.hibernate.SQL - 
    insert 
    into
        parts
        (actives, quantities, cods, images, names, sector, version, id) 
    values
        (?, ?, ?, ?, ?, ?, ?, default)
2025-01-03 18:18:01 [main] DEBUG org.hibernate.SQL - 
    insert 
    into
        sectors
        (actives, columns, row_data, sector, shelves, version, id) 
    values
        (?, ?, ?, ?, ?, ?, default)
2025-01-03 18:18:01 [main] DEBUG org.hibernate.SQL - 
    select
        p1_0.id,
        p1_0.actives,
        p1_0.quantities,
        p1_0.cods,
        p1_0.images,
        p1_0.names,
        s1_0.id,
        s1_0.actives,
        s1_0.columns,
        s1_0.row_data,
        s1_0.sector,
        s1_0.shelves,
        s1_0.version,
        p1_0.version 
    from
        parts p1_0 
    left join
        sectors s1_0 
            on s1_0.id=p1_0.sector 
    where
        p1_0.id=?
2025-01-03 18:18:01 [main] DEBUG org.hibernate.SQL - 
    select
        s1_0.id,
        s1_0.actives,
        s1_0.columns,
        s1_0.row_data,
        s1_0.sector,
        s1_0.shelves,
        s1_0.version 
    from
        sectors s1_0 
    where
        s1_0.id=? 
        and s1_0.actives
2025-01-03 18:18:01 [main] DEBUG org.hibernate.SQL - 
    update
        parts 
    set
        actives=?,
        quantities=?,
        cods=?,
        images=?,
        names=?,
        sector=?,
        version=? 
    where
        id=? 
        and version=?
2025-01-03 18:18:01 [main] DEBUG org.hibernate.SQL - 
    select
        p1_0.id,
        p1_0.actives,
        p1_0.quantities,
        p1_0.cods,
        p1_0.images,
        p1_0.names,
        s1_0.id,
        s1_0.actives,
        s1_0.columns,
        s1_0.row_data,
        s1_0.sector,
        s1_0.shelves,
        s1_0.version,
        p1_0.version 
    from
        parts p1_0 
    left join
        sectors s1_0 
            on s1_0.id=p1_0.sector 
    where
        p1_0.id=?
2025-01-03 18:18:01 [main] DEBUG org.hibernate.SQL - 
    delete 
    from
        parts 
    where
        id=? 
        and version=?
2025-01-03 18:18:01 [main] DEBUG org.hibernate.SQL - 
    select
        p1_0.id,
        p1_0.actives,
        p1_0.quantities,
        p1_0.cods,
        p1_0.images,
        p1_0.names,
        p1_0.sector,
        p1_0.version 
    from
        parts p1_0 
    where
        p1_0.actives 
    order by
        p1_0.id 
    fetch
        first ? rows only
2025-01-03 18:18:01 [main] DEBUG org.hibernate.SQL - 
    insert 
    into
        sectors
        (actives, columns, row_data, sector, shelves, version, id) 
    values
        (?, ?, ?, ?, ?, ?, default)
2025-01-03 18:18:01 [main] DEBUG org.hibernate.SQL - 
    insert 
    into
        parts
        (actives, quantities, cods, images, names, sector, version, id) 
    values
        (?, ?, ?, ?, ?, ?, ?, default)
2025-01-03 18:18:01 [main] DEBUG org.hibernate.SQL - 
    select
        p1_0.id,
        p1_0.actives,
        p1_0.quantities,
        p1_0.cods,
        p1_0.images,
        p1_0.names,
        s1_0.id,
        s1_0.actives,
        s1_0.columns,
        s1_0.row_data,
        s1_0.sector,
        s1_0.shelves,
        s1_0.version,
        p1_0.version 
    from
        parts p1_0 
    left join
        sectors s1_0 
            on s1_0.id=p1_0.sector 
    where
        p1_0.id=?
2025-01-03 18:18:01 [main] DEBUG org.hibernate.SQL - 
    update
        parts 
    set
        actives=?,
        quantities=?,
        cods=?,
        images=?,
        names=?,
        sector=?,
        version=? 
    where
        id=? 
        and version=?
2025-01-03 18:18:01 [main] DEBUG org.hibernate.SQL - 
    select
        p1_0.id,
        p1_0.actives,
        p1_0.quantities,
        p1_0.cods,
        p1_0.images,
        p1_0.names,
        s1_0.id,
        s1_0.actives,
        s1_0.columns,
        s1_0.row_data,
        s1_0.sector,
        s1_0.shelves,
        s1_0.version,
        p1_0.version 
    from
        parts p1_0 
    left join
        sectors s1_0 
            on s1_0.id=p1_0.sector 
    where
        p1_0.id=?
2025-01-03 18:18:01 [main] DEBUG org.hibernate.SQL - 
    delete 
    from
        parts 
    where
        id=? 
        and version=?
2025-01-03 18:18:01 [main] DEBUG org.hibernate.SQL - 
    insert 
    into
        sectors
        (actives, columns, row_data, sector, shelves, version, id) 
    values
        (?, ?, ?, ?, ?, ?, default)
2025-01-03 18:18:01 [main] DEBUG org.hibernate.SQL - 
    insert 
    into
        parts
        (actives, quantities, cods, images, names, sector, version, id) 
    values
        (?, ?, ?, ?, ?, ?, ?, default)
2025-01-03 18:18:02 [main] DEBUG org.hibernate.SQL - 
    select
        p1_0.id,
        p1_0.actives,
        p1_0.quantities,
        p1_0.cods,
        p1_0.images,
        p1_0.names,
        p1_0.sector,
        p1_0.version 
    from
        parts p1_0 
    where
        p1_0.id=? 
        and p1_0.actives
2025-01-03 18:18:02 [main] DEBUG org.hibernate.SQL - 
    select
        s1_0.id,
        s1_0.actives,
        s1_0.columns,
        s1_0.row_data,
        s1_0.sector,
        s1_0.shelves,
        s1_0.version 
    from
        sectors s1_0 
    where
        s1_0.id=?
2025-01-03 18:18:02 [main] DEBUG org.hibernate.SQL - 
    select
        p1_0.id,
        p1_0.actives,
        p1_0.quantities,
        p1_0.cods,
        p1_0.images,
        p1_0.names,
        s1_0.id,
        s1_0.actives,
        s1_0.columns,
        s1_0.row_data,
        s1_0.sector,
        s1_0.shelves,
        s1_0.version,
        p1_0.version 
    from
        parts p1_0 
    left join
        sectors s1_0 
            on s1_0.id=p1_0.sector 
    where
        p1_0.id=?
2025-01-03 18:18:02 [main] DEBUG org.hibernate.SQL - 
    delete 
    from
        parts 
    where
        id=? 
        and version=?
2025-01-03 18:18:02 [main] DEBUG org.hibernate.SQL - 
    insert 
    into
        sectors
        (actives, columns, row_data, sector, shelves, version, id) 
    values
        (?, ?, ?, ?, ?, ?, default)
2025-01-03 18:18:02 [main] DEBUG org.hibernate.SQL - 
    select
        s1_0.id,
        s1_0.actives,
        s1_0.columns,
        s1_0.row_data,
        s1_0.sector,
        s1_0.shelves,
        s1_0.version 
    from
        sectors s1_0 
    where
        s1_0.id=?
2025-01-03 18:18:02 [main] DEBUG org.hibernate.SQL - 
    select
        p1_0.id 
    from
        parts p1_0 
    where
        p1_0.cods=? 
        and p1_0.names=? 
        and p1_0.sector=? 
    fetch
        first ? rows only
2025-01-03 18:18:02 [main] DEBUG org.hibernate.SQL - 
    insert 
    into
        parts
        (actives, quantities, cods, images, names, sector, version, id) 
    values
        (?, ?, ?, ?, ?, ?, ?, default)
2025-01-03 18:18:02 [main] DEBUG org.hibernate.SQL - 
    select
        p1_0.id,
        p1_0.actives,
        p1_0.quantities,
        p1_0.cods,
        p1_0.images,
        p1_0.names,
        s1_0.id,
        s1_0.actives,
        s1_0.columns,
        s1_0.row_data,
        s1_0.sector,
        s1_0.shelves,
        s1_0.version,
        p1_0.version 
    from
        parts p1_0 
    left join
        sectors s1_0 
            on s1_0.id=p1_0.sector 
    where
        p1_0.id=?
2025-01-03 18:18:02 [main] DEBUG org.hibernate.SQL - 
    delete 
    from
        parts 
    where
        id=? 
        and version=?
2025-01-03 18:18:02 [main] DEBUG org.hibernate.SQL - 
    insert 
    into
        sectors
        (actives, columns, row_data, sector, shelves, version, id) 
    values
        (?, ?, ?, ?, ?, ?, default)
2025-01-03 18:18:02 [main] DEBUG org.hibernate.SQL - 
    insert 
    into
        parts
        (actives, quantities, cods, images, names, sector, version, id) 
    values
        (?, ?, ?, ?, ?, ?, ?, default)
2025-01-03 18:18:02 [main] DEBUG org.hibernate.SQL - 
    insert 
    into
        sectors
        (actives, columns, row_data, sector, shelves, version, id) 
    values
        (?, ?, ?, ?, ?, ?, default)
2025-01-03 18:18:02 [main] DEBUG org.hibernate.SQL - 
    insert 
    into
        parts
        (actives, quantities, cods, images, names, sector, version, id) 
    values
        (?, ?, ?, ?, ?, ?, ?, default)
2025-01-03 18:18:02 [main] DEBUG org.hibernate.SQL - 
    select
        p1_0.id,
        p1_0.actives,
        p1_0.quantities,
        p1_0.cods,
        p1_0.images,
        p1_0.names,
        p1_0.sector,
        p1_0.version 
    from
        parts p1_0 
    where
        upper(p1_0.names) like upper(?) escape '\' 
        and p1_0.actives 
    order by
        p1_0.id 
    fetch
        first ? rows only
2025-01-03 18:18:02 [main] DEBUG org.hibernate.SQL - 
    select
        s1_0.id,
        s1_0.actives,
        s1_0.columns,
        s1_0.row_data,
        s1_0.sector,
        s1_0.shelves,
        s1_0.version 
    from
        sectors s1_0 
    where
        s1_0.id=?
2025-01-03 18:18:02 [main] DEBUG org.hibernate.SQL - 
    select
        s1_0.id,
        s1_0.actives,
        s1_0.columns,
        s1_0.row_data,
        s1_0.sector,
        s1_0.shelves,
        s1_0.version 
    from
        sectors s1_0 
    where
        s1_0.id=?
2025-01-03 18:18:02 [main] DEBUG org.hibernate.SQL - 
    select
        p1_0.id,
        p1_0.actives,
        p1_0.quantities,
        p1_0.cods,
        p1_0.images,
        p1_0.names,
        s1_0.id,
        s1_0.actives,
        s1_0.columns,
        s1_0.row_data,
        s1_0.sector,
        s1_0.shelves,
        s1_0.version,
        p1_0.version 
    from
        parts p1_0 
    left join
        sectors s1_0 
            on s1_0.id=p1_0.sector 
    where
        p1_0.id=?
2025-01-03 18:18:02 [main] DEBUG org.hibernate.SQL - 
    delete 
    from
        parts 
    where
        id=? 
        and version=?
2025-01-03 18:18:02 [main] DEBUG org.hibernate.SQL - 
    select
        p1_0.id,
        p1_0.actives,
        p1_0.quantities,
        p1_0.cods,
        p1_0.images,
        p1_0.names,
        s1_0.id,
        s1_0.actives,
        s1_0.columns,
        s1_0.row_data,
        s1_0.sector,
        s1_0.shelves,
        s1_0.version,
        p1_0.version 
    from
        parts p1_0 
    left join
        sectors s1_0 
            on s1_0.id=p1_0.sector 
    where
        p1_0.id=?
2025-01-03 18:18:02 [main] DEBUG org.hibernate.SQL - 
    delete 
    from
        parts 
    where
        id=? 
        and version=?
2025-01-03 18:18:02 [main] DEBUG org.hibernate.SQL - 
    insert 
    into
        sectors
        (actives, columns, row_data, sector, shelves, version, id) 
    values
        (?, ?, ?, ?, ?, ?, default)
2025-01-03 18:18:02 [main] DEBUG org.hibernate.SQL - 
    insert 
    into
        parts
        (actives, quantities, cods, images, names, sector, version, id) 
    values
        (?, ?, ?, ?, ?, ?, ?, default)
2025-01-03 18:18:02 [main] DEBUG org.hibernate.SQL - 
    select
        p1_0.id,
        p1_0.actives,
        p1_0.quantities,
        p1_0.cods,
        p1_0.images,
        p1_0.names,
        p1_0.sector,
        p1_0.version 
    from
        parts p1_0 
    where
        p1_0.cods=? 
        and p1_0.actives
2025-01-03 18:18:02 [main] DEBUG org.hibernate.SQL - 
    select
        s1_0.id,
        s1_0.actives,
        s1_0.columns,
        s1_0.row_data,
        s1_0.sector,
        s1_0.shelves,
        s1_0.version 
    from
        sectors s1_0 
    where
        s1_0.id=?
2025-01-03 18:18:02 [main] DEBUG org.hibernate.SQL - 
    select
        p1_0.id,
        p1_0.actives,
        p1_0.quantities,
        p1_0.cods,
        p1_0.images,
        p1_0.names,
        s1_0.id,
        s1_0.actives,
        s1_0.columns,
        s1_0.row_data,
        s1_0.sector,
        s1_0.shelves,
        s1_0.version,
        p1_0.version 
    from
        parts p1_0 
    left join
        sectors s1_0 
            on s1_0.id=p1_0.sector 
    where
        p1_0.id=?
2025-01-03 18:18:02 [main] DEBUG org.hibernate.SQL - 
    delete 
    from
        parts 
    where
        id=? 
        and version=?
2025-01-03 18:18:02 [main] DEBUG org.hibernate.SQL - 
    insert 
    into
        sectors
        (actives, columns, row_data, sector, shelves, version, id) 
    values
        (?, ?, ?, ?, ?, ?, default)
2025-01-03 18:18:02 [main] DEBUG org.hibernate.SQL - 
    insert 
    into
        parts
        (actives, quantities, cods, images, names, sector, version, id) 
    values
        (?, ?, ?, ?, ?, ?, ?, default)
2025-01-03 18:18:02 [main] DEBUG org.hibernate.SQL - 
    select
        p1_0.id,
        p1_0.actives,
        p1_0.quantities,
        p1_0.cods,
        p1_0.images,
        p1_0.names,
        p1_0.sector,
        p1_0.version 
    from
        parts p1_0 
    where
        p1_0.cods=? 
        or upper(p1_0.names) like upper(?) escape '\' 
        and p1_0.actives 
    order by
        p1_0.id 
    fetch
        first ? rows only
2025-01-03 18:18:02 [main] DEBUG org.hibernate.SQL - 
    select
        s1_0.id,
        s1_0.actives,
        s1_0.columns,
        s1_0.row_data,
        s1_0.sector,
        s1_0.shelves,
        s1_0.version 
    from
        sectors s1_0 
    where
        s1_0.id=?
2025-01-03 18:18:02 [main] DEBUG org.hibernate.SQL - 
    select
        p1_0.id,
        p1_0.actives,
        p1_0.quantities,
        p1_0.cods,
        p1_0.images,
        p1_0.names,
        s1_0.id,
        s1_0.actives,
        s1_0.columns,
        s1_0.row_data,
        s1_0.sector,
        s1_0.shelves,
        s1_0.version,
        p1_0.version 
    from
        parts p1_0 
    left join
        sectors s1_0 
            on s1_0.id=p1_0.sector 
    where
        p1_0.id=?
2025-01-03 18:18:02 [main] DEBUG org.hibernate.SQL - 
    delete 
    from
        parts 
    where
        id=? 
        and version=?
2025-01-03 18:18:03 [main] DEBUG org.hibernate.SQL - 
    select
        s1_0.id,
        s1_0.actives,
        s1_0.columns,
        s1_0.row_data,
        s1_0.sector,
        s1_0.shelves,
        s1_0.version 
    from
        sectors s1_0 
    where
        s1_0.actives 
    order by
        s1_0.id 
    fetch
        first ? rows only
2025-01-03 18:18:03 [main] DEBUG org.hibernate.SQL - 
    select
        p1_0.sector,
        p1_0.id,
        p1_0.actives,
        p1_0.quantities,
        p1_0.cods,
        p1_0.images,
        p1_0.names,
        p1_0.version 
    from
        parts p1_0 
    where
        p1_0.sector=?
2025-01-03 18:18:03 [main] DEBUG org.hibernate.SQL - 
    select
        p1_0.sector,
        p1_0.id,
        p1_0.actives,
        p1_0.quantities,
        p1_0.cods,
        p1_0.images,
        p1_0.names,
        p1_0.version 
    from
        parts p1_0 
    where
        p1_0.sector=?
2025-01-03 18:18:03 [main] DEBUG org.hibernate.SQL - 
    select
        p1_0.sector,
        p1_0.id,
        p1_0.actives,
        p1_0.quantities,
        p1_0.cods,
        p1_0.images,
        p1_0.names,
        p1_0.version 
    from
        parts p1_0 
    where
        p1_0.sector=?
2025-01-03 18:18:03 [main] DEBUG org.hibernate.SQL - 
    select
        p1_0.sector,
        p1_0.id,
        p1_0.actives,
        p1_0.quantities,
        p1_0.cods,
        p1_0.images,
        p1_0.names,
        p1_0.version 
    from
        parts p1_0 
    where
        p1_0.sector=?
2025-01-03 18:18:03 [main] DEBUG org.hibernate.SQL - 
    select
        p1_0.sector,
        p1_0.id,
        p1_0.actives,
        p1_0.quantities,
        p1_0.cods,
        p1_0.images,
        p1_0.names,
        p1_0.version 
    from
        parts p1_0 
    where
        p1_0.sector=?
2025-01-03 18:18:03 [main] DEBUG org.hibernate.SQL - 
    select
        p1_0.sector,
        p1_0.id,
        p1_0.actives,
        p1_0.quantities,
        p1_0.cods,
        p1_0.images,
        p1_0.names,
        p1_0.version 
    from
        parts p1_0 
    where
        p1_0.sector=?
2025-01-03 18:18:03 [main] DEBUG org.hibernate.SQL - 
    select
        p1_0.sector,
        p1_0.id,
        p1_0.actives,
        p1_0.quantities,
        p1_0.cods,
        p1_0.images,
        p1_0.names,
        p1_0.version 
    from
        parts p1_0 
    where
        p1_0.sector=?
2025-01-03 18:18:03 [main] DEBUG org.hibernate.SQL - 
    select
        p1_0.sector,
        p1_0.id,
        p1_0.actives,
        p1_0.quantities,
        p1_0.cods,
        p1_0.images,
        p1_0.names,
        p1_0.version 
    from
        parts p1_0 
    where
        p1_0.sector=?
2025-01-03 18:18:03 [main] DEBUG org.hibernate.SQL - 
    select
        p1_0.sector,
        p1_0.id,
        p1_0.actives,
        p1_0.quantities,
        p1_0.cods,
        p1_0.images,
        p1_0.names,
        p1_0.version 
    from
        parts p1_0 
    where
        p1_0.sector=?
2025-01-03 18:18:03 [main] DEBUG org.hibernate.SQL - 
    insert 
    into
        sectors
        (actives, columns, row_data, sector, shelves, version, id) 
    values
        (?, ?, ?, ?, ?, ?, default)
2025-01-03 18:18:03 [main] DEBUG org.hibernate.SQL - 
    select
        s1_0.id,
        s1_0.actives,
        s1_0.columns,
        s1_0.row_data,
        s1_0.sector,
        s1_0.shelves,
        s1_0.version 
    from
        sectors s1_0 
    where
        s1_0.id=? 
        and s1_0.actives
2025-01-03 18:18:03 [main] DEBUG org.hibernate.SQL - 
    update
        sectors 
    set
        actives=?,
        columns=?,
        row_data=?,
        sector=?,
        shelves=?,
        version=? 
    where
        id=? 
        and version=?
2025-01-03 18:18:03 [main] DEBUG org.hibernate.SQL - 
    insert 
    into
        sectors
        (actives, columns, row_data, sector, shelves, version, id) 
    values
        (?, ?, ?, ?, ?, ?, default)
2025-01-03 18:18:03 [main] DEBUG org.hibernate.SQL - 
    select
        s1_0.id,
        s1_0.actives,
        s1_0.columns,
        s1_0.row_data,
        s1_0.sector,
        s1_0.shelves,
        s1_0.version 
    from
        sectors s1_0 
    where
        s1_0.id=? 
        and s1_0.actives
2025-01-03 18:18:03 [main] DEBUG org.hibernate.SQL - 
    select
        p1_0.sector,
        p1_0.id,
        p1_0.actives,
        p1_0.quantities,
        p1_0.cods,
        p1_0.images,
        p1_0.names,
        p1_0.version 
    from
        parts p1_0 
    where
        p1_0.sector=?
2025-01-03 18:18:03 [main] DEBUG org.hibernate.SQL - 
    select
        s1_0.id 
    from
        sectors s1_0 
    where
        s1_0.sector=? 
        and s1_0.shelves=? 
        and s1_0.columns=? 
        and s1_0.row_data=? 
    fetch
        first ? rows only
2025-01-03 18:18:03 [main] DEBUG org.hibernate.SQL - 
    insert 
    into
        sectors
        (actives, columns, row_data, sector, shelves, version, id) 
    values
        (?, ?, ?, ?, ?, ?, default)
2025-01-03 18:18:03 [main] DEBUG org.hibernate.SQL - 
    insert 
    into
        sectors
        (actives, columns, row_data, sector, shelves, version, id) 
    values
        (?, ?, ?, ?, ?, ?, default)
2025-01-03 18:18:03 [main] DEBUG org.hibernate.SQL - 
    select
        s1_0.id,
        s1_0.actives,
        s1_0.columns,
        s1_0.row_data,
        s1_0.sector,
        s1_0.shelves,
        s1_0.version 
    from
        sectors s1_0 
    where
        s1_0.id=? 
        and s1_0.actives
2025-01-03 18:18:03 [main] DEBUG org.hibernate.SQL - 
    select
        p1_0.sector,
        p1_0.id,
        p1_0.actives,
        p1_0.quantities,
        p1_0.cods,
        p1_0.images,
        p1_0.names,
        p1_0.version 
    from
        parts p1_0 
    where
        p1_0.sector=?
2025-01-03 18:18:06 [SpringApplicationShutdownHook] DEBUG org.hibernate.SQL - 
    drop table if exists parts cascade 
2025-01-03 18:18:06 [SpringApplicationShutdownHook] DEBUG org.hibernate.SQL - 
    drop table if exists sectors cascade 
2025-01-03 18:26:39 [main] DEBUG org.hibernate.SQL - 
    drop table if exists parts cascade 
2025-01-03 18:26:39 [main] DEBUG org.hibernate.SQL - 
    drop table if exists sectors cascade 
2025-01-03 18:26:39 [main] DEBUG org.hibernate.SQL - 
    create table parts (
        actives boolean not null,
        quantities float(53) not null,
        version integer,
        cods bigint not null,
        id bigint generated by default as identity,
        sector bigint,
        names varchar(255) not null,
        images blob not null,
        primary key (id)
    )
2025-01-03 18:26:39 [main] DEBUG org.hibernate.SQL - 
    create table sectors (
        actives boolean not null,
        version integer,
        id bigint generated by default as identity,
        columns varchar(255) not null,
        row_data varchar(255) not null,
        sector varchar(255) not null,
        shelves varchar(255) not null,
        primary key (id)
    )
2025-01-03 18:26:39 [main] DEBUG org.hibernate.SQL - 
    alter table if exists parts 
       add constraint FK44bpbjjhvt2bd6spralcvfki7 
       foreign key (sector) 
       references sectors
2025-01-03 18:26:42 [main] DEBUG org.hibernate.SQL - 
    insert 
    into
        sectors
        (actives, columns, row_data, sector, shelves, version, id) 
    values
        (?, ?, ?, ?, ?, ?, default)
2025-01-03 18:26:43 [main] DEBUG org.hibernate.SQL - 
    insert 
    into
        parts
        (actives, quantities, cods, images, names, sector, version, id) 
    values
        (?, ?, ?, ?, ?, ?, ?, default)
2025-01-03 18:26:43 [main] DEBUG org.hibernate.SQL - 
    insert 
    into
        sectors
        (actives, columns, row_data, sector, shelves, version, id) 
    values
        (?, ?, ?, ?, ?, ?, default)
2025-01-03 18:26:43 [main] DEBUG org.hibernate.SQL - 
    select
        p1_0.id,
        p1_0.actives,
        p1_0.quantities,
        p1_0.cods,
        p1_0.images,
        p1_0.names,
        s1_0.id,
        s1_0.actives,
        s1_0.columns,
        s1_0.row_data,
        s1_0.sector,
        s1_0.shelves,
        s1_0.version,
        p1_0.version 
    from
        parts p1_0 
    left join
        sectors s1_0 
            on s1_0.id=p1_0.sector 
    where
        p1_0.id=?
2025-01-03 18:26:43 [main] DEBUG org.hibernate.SQL - 
    select
        s1_0.id,
        s1_0.actives,
        s1_0.columns,
        s1_0.row_data,
        s1_0.sector,
        s1_0.shelves,
        s1_0.version 
    from
        sectors s1_0 
    where
        s1_0.id=? 
        and s1_0.actives
2025-01-03 18:26:43 [main] DEBUG org.hibernate.SQL - 
    update
        parts 
    set
        actives=?,
        quantities=?,
        cods=?,
        images=?,
        names=?,
        sector=?,
        version=? 
    where
        id=? 
        and version=?
2025-01-03 18:26:43 [main] DEBUG org.hibernate.SQL - 
    select
        p1_0.id,
        p1_0.actives,
        p1_0.quantities,
        p1_0.cods,
        p1_0.images,
        p1_0.names,
        s1_0.id,
        s1_0.actives,
        s1_0.columns,
        s1_0.row_data,
        s1_0.sector,
        s1_0.shelves,
        s1_0.version,
        p1_0.version 
    from
        parts p1_0 
    left join
        sectors s1_0 
            on s1_0.id=p1_0.sector 
    where
        p1_0.id=?
2025-01-03 18:26:43 [main] DEBUG org.hibernate.SQL - 
    delete 
    from
        parts 
    where
        id=? 
        and version=?
2025-01-03 18:26:43 [main] DEBUG org.hibernate.SQL - 
    select
        s1_0.id,
        s1_0.actives,
        s1_0.columns,
        s1_0.row_data,
        s1_0.sector,
        s1_0.shelves,
        s1_0.version 
    from
        sectors s1_0 
    where
        s1_0.id=?
2025-01-03 18:26:43 [main] DEBUG org.hibernate.SQL - 
    select
        p1_0.sector,
        p1_0.id,
        p1_0.actives,
        p1_0.quantities,
        p1_0.cods,
        p1_0.images,
        p1_0.names,
        p1_0.version 
    from
        parts p1_0 
    where
        p1_0.sector=?
2025-01-03 18:26:43 [main] DEBUG org.hibernate.SQL - 
    delete 
    from
        sectors 
    where
        id=? 
        and version=?
2025-01-03 18:26:43 [main] DEBUG org.hibernate.SQL - 
    select
        p1_0.id,
        p1_0.actives,
        p1_0.quantities,
        p1_0.cods,
        p1_0.images,
        p1_0.names,
        p1_0.sector,
        p1_0.version 
    from
        parts p1_0 
    where
        p1_0.actives 
    order by
        p1_0.id 
    fetch
        first ? rows only
2025-01-03 18:26:43 [main] DEBUG org.hibernate.SQL - 
    insert 
    into
        sectors
        (actives, columns, row_data, sector, shelves, version, id) 
    values
        (?, ?, ?, ?, ?, ?, default)
2025-01-03 18:26:43 [main] DEBUG org.hibernate.SQL - 
    insert 
    into
        parts
        (actives, quantities, cods, images, names, sector, version, id) 
    values
        (?, ?, ?, ?, ?, ?, ?, default)
2025-01-03 18:26:43 [main] DEBUG org.hibernate.SQL - 
    select
        p1_0.id,
        p1_0.actives,
        p1_0.quantities,
        p1_0.cods,
        p1_0.images,
        p1_0.names,
        s1_0.id,
        s1_0.actives,
        s1_0.columns,
        s1_0.row_data,
        s1_0.sector,
        s1_0.shelves,
        s1_0.version,
        p1_0.version 
    from
        parts p1_0 
    left join
        sectors s1_0 
            on s1_0.id=p1_0.sector 
    where
        p1_0.id=?
2025-01-03 18:26:43 [main] DEBUG org.hibernate.SQL - 
    update
        parts 
    set
        actives=?,
        quantities=?,
        cods=?,
        images=?,
        names=?,
        sector=?,
        version=? 
    where
        id=? 
        and version=?
2025-01-03 18:26:43 [main] DEBUG org.hibernate.SQL - 
    select
        p1_0.id,
        p1_0.actives,
        p1_0.quantities,
        p1_0.cods,
        p1_0.images,
        p1_0.names,
        s1_0.id,
        s1_0.actives,
        s1_0.columns,
        s1_0.row_data,
        s1_0.sector,
        s1_0.shelves,
        s1_0.version,
        p1_0.version 
    from
        parts p1_0 
    left join
        sectors s1_0 
            on s1_0.id=p1_0.sector 
    where
        p1_0.id=?
2025-01-03 18:26:43 [main] DEBUG org.hibernate.SQL - 
    delete 
    from
        parts 
    where
        id=? 
        and version=?
2025-01-03 18:26:43 [main] DEBUG org.hibernate.SQL - 
    select
        s1_0.id,
        s1_0.actives,
        s1_0.columns,
        s1_0.row_data,
        s1_0.sector,
        s1_0.shelves,
        s1_0.version 
    from
        sectors s1_0 
    where
        s1_0.id=?
2025-01-03 18:26:43 [main] DEBUG org.hibernate.SQL - 
    select
        p1_0.sector,
        p1_0.id,
        p1_0.actives,
        p1_0.quantities,
        p1_0.cods,
        p1_0.images,
        p1_0.names,
        p1_0.version 
    from
        parts p1_0 
    where
        p1_0.sector=?
2025-01-03 18:26:43 [main] DEBUG org.hibernate.SQL - 
    delete 
    from
        sectors 
    where
        id=? 
        and version=?
2025-01-03 18:26:43 [main] DEBUG org.hibernate.SQL - 
    insert 
    into
        sectors
        (actives, columns, row_data, sector, shelves, version, id) 
    values
        (?, ?, ?, ?, ?, ?, default)
2025-01-03 18:26:44 [main] DEBUG org.hibernate.SQL - 
    insert 
    into
        parts
        (actives, quantities, cods, images, names, sector, version, id) 
    values
        (?, ?, ?, ?, ?, ?, ?, default)
2025-01-03 18:26:44 [main] DEBUG org.hibernate.SQL - 
    select
        p1_0.id,
        p1_0.actives,
        p1_0.quantities,
        p1_0.cods,
        p1_0.images,
        p1_0.names,
        p1_0.sector,
        p1_0.version 
    from
        parts p1_0 
    where
        p1_0.id=? 
        and p1_0.actives
2025-01-03 18:26:44 [main] DEBUG org.hibernate.SQL - 
    select
        s1_0.id,
        s1_0.actives,
        s1_0.columns,
        s1_0.row_data,
        s1_0.sector,
        s1_0.shelves,
        s1_0.version 
    from
        sectors s1_0 
    where
        s1_0.id=?
2025-01-03 18:26:44 [main] DEBUG org.hibernate.SQL - 
    select
        p1_0.id,
        p1_0.actives,
        p1_0.quantities,
        p1_0.cods,
        p1_0.images,
        p1_0.names,
        s1_0.id,
        s1_0.actives,
        s1_0.columns,
        s1_0.row_data,
        s1_0.sector,
        s1_0.shelves,
        s1_0.version,
        p1_0.version 
    from
        parts p1_0 
    left join
        sectors s1_0 
            on s1_0.id=p1_0.sector 
    where
        p1_0.id=?
2025-01-03 18:26:44 [main] DEBUG org.hibernate.SQL - 
    delete 
    from
        parts 
    where
        id=? 
        and version=?
2025-01-03 18:26:44 [main] DEBUG org.hibernate.SQL - 
    select
        s1_0.id,
        s1_0.actives,
        s1_0.columns,
        s1_0.row_data,
        s1_0.sector,
        s1_0.shelves,
        s1_0.version 
    from
        sectors s1_0 
    where
        s1_0.id=?
2025-01-03 18:26:44 [main] DEBUG org.hibernate.SQL - 
    select
        p1_0.sector,
        p1_0.id,
        p1_0.actives,
        p1_0.quantities,
        p1_0.cods,
        p1_0.images,
        p1_0.names,
        p1_0.version 
    from
        parts p1_0 
    where
        p1_0.sector=?
2025-01-03 18:26:44 [main] DEBUG org.hibernate.SQL - 
    delete 
    from
        sectors 
    where
        id=? 
        and version=?
2025-01-03 18:26:44 [main] DEBUG org.hibernate.SQL - 
    insert 
    into
        sectors
        (actives, columns, row_data, sector, shelves, version, id) 
    values
        (?, ?, ?, ?, ?, ?, default)
2025-01-03 18:26:44 [main] DEBUG org.hibernate.SQL - 
    select
        s1_0.id,
        s1_0.actives,
        s1_0.columns,
        s1_0.row_data,
        s1_0.sector,
        s1_0.shelves,
        s1_0.version 
    from
        sectors s1_0 
    where
        s1_0.id=?
2025-01-03 18:26:44 [main] DEBUG org.hibernate.SQL - 
    select
        p1_0.id 
    from
        parts p1_0 
    where
        p1_0.cods=? 
        and p1_0.names=? 
        and p1_0.sector=? 
    fetch
        first ? rows only
2025-01-03 18:26:44 [main] DEBUG org.hibernate.SQL - 
    insert 
    into
        parts
        (actives, quantities, cods, images, names, sector, version, id) 
    values
        (?, ?, ?, ?, ?, ?, ?, default)
2025-01-03 18:26:44 [main] DEBUG org.hibernate.SQL - 
    insert 
    into
        sectors
        (actives, columns, row_data, sector, shelves, version, id) 
    values
        (?, ?, ?, ?, ?, ?, default)
2025-01-03 18:26:44 [main] DEBUG org.hibernate.SQL - 
    insert 
    into
        parts
        (actives, quantities, cods, images, names, sector, version, id) 
    values
        (?, ?, ?, ?, ?, ?, ?, default)
2025-01-03 18:26:44 [main] DEBUG org.hibernate.SQL - 
    insert 
    into
        sectors
        (actives, columns, row_data, sector, shelves, version, id) 
    values
        (?, ?, ?, ?, ?, ?, default)
2025-01-03 18:26:44 [main] DEBUG org.hibernate.SQL - 
    insert 
    into
        parts
        (actives, quantities, cods, images, names, sector, version, id) 
    values
        (?, ?, ?, ?, ?, ?, ?, default)
2025-01-03 18:26:44 [main] DEBUG org.hibernate.SQL - 
    select
        p1_0.id,
        p1_0.actives,
        p1_0.quantities,
        p1_0.cods,
        p1_0.images,
        p1_0.names,
        p1_0.sector,
        p1_0.version 
    from
        parts p1_0 
    where
        upper(p1_0.names) like upper(?) escape '\' 
        and p1_0.actives 
    order by
        p1_0.id 
    fetch
        first ? rows only
2025-01-03 18:26:44 [main] DEBUG org.hibernate.SQL - 
    select
        s1_0.id,
        s1_0.actives,
        s1_0.columns,
        s1_0.row_data,
        s1_0.sector,
        s1_0.shelves,
        s1_0.version 
    from
        sectors s1_0 
    where
        s1_0.id=?
2025-01-03 18:26:44 [main] DEBUG org.hibernate.SQL - 
    select
        s1_0.id,
        s1_0.actives,
        s1_0.columns,
        s1_0.row_data,
        s1_0.sector,
        s1_0.shelves,
        s1_0.version 
    from
        sectors s1_0 
    where
        s1_0.id=?
2025-01-03 18:26:44 [main] DEBUG org.hibernate.SQL - 
    select
        p1_0.id,
        p1_0.actives,
        p1_0.quantities,
        p1_0.cods,
        p1_0.images,
        p1_0.names,
        s1_0.id,
        s1_0.actives,
        s1_0.columns,
        s1_0.row_data,
        s1_0.sector,
        s1_0.shelves,
        s1_0.version,
        p1_0.version 
    from
        parts p1_0 
    left join
        sectors s1_0 
            on s1_0.id=p1_0.sector 
    where
        p1_0.id=?
2025-01-03 18:26:44 [main] DEBUG org.hibernate.SQL - 
    delete 
    from
        parts 
    where
        id=? 
        and version=?
2025-01-03 18:26:44 [main] DEBUG org.hibernate.SQL - 
    select
        s1_0.id,
        s1_0.actives,
        s1_0.columns,
        s1_0.row_data,
        s1_0.sector,
        s1_0.shelves,
        s1_0.version 
    from
        sectors s1_0 
    where
        s1_0.id=?
2025-01-03 18:26:44 [main] DEBUG org.hibernate.SQL - 
    select
        p1_0.sector,
        p1_0.id,
        p1_0.actives,
        p1_0.quantities,
        p1_0.cods,
        p1_0.images,
        p1_0.names,
        p1_0.version 
    from
        parts p1_0 
    where
        p1_0.sector=?
2025-01-03 18:26:44 [main] DEBUG org.hibernate.SQL - 
    delete 
    from
        sectors 
    where
        id=? 
        and version=?
2025-01-03 18:26:44 [main] DEBUG org.hibernate.SQL - 
    select
        p1_0.id,
        p1_0.actives,
        p1_0.quantities,
        p1_0.cods,
        p1_0.images,
        p1_0.names,
        s1_0.id,
        s1_0.actives,
        s1_0.columns,
        s1_0.row_data,
        s1_0.sector,
        s1_0.shelves,
        s1_0.version,
        p1_0.version 
    from
        parts p1_0 
    left join
        sectors s1_0 
            on s1_0.id=p1_0.sector 
    where
        p1_0.id=?
2025-01-03 18:26:44 [main] DEBUG org.hibernate.SQL - 
    delete 
    from
        parts 
    where
        id=? 
        and version=?
2025-01-03 18:26:44 [main] DEBUG org.hibernate.SQL - 
    select
        s1_0.id,
        s1_0.actives,
        s1_0.columns,
        s1_0.row_data,
        s1_0.sector,
        s1_0.shelves,
        s1_0.version 
    from
        sectors s1_0 
    where
        s1_0.id=?
2025-01-03 18:26:44 [main] DEBUG org.hibernate.SQL - 
    select
        p1_0.sector,
        p1_0.id,
        p1_0.actives,
        p1_0.quantities,
        p1_0.cods,
        p1_0.images,
        p1_0.names,
        p1_0.version 
    from
        parts p1_0 
    where
        p1_0.sector=?
2025-01-03 18:26:44 [main] DEBUG org.hibernate.SQL - 
    delete 
    from
        sectors 
    where
        id=? 
        and version=?
2025-01-03 18:26:44 [main] DEBUG org.hibernate.SQL - 
    insert 
    into
        sectors
        (actives, columns, row_data, sector, shelves, version, id) 
    values
        (?, ?, ?, ?, ?, ?, default)
2025-01-03 18:26:44 [main] DEBUG org.hibernate.SQL - 
    insert 
    into
        parts
        (actives, quantities, cods, images, names, sector, version, id) 
    values
        (?, ?, ?, ?, ?, ?, ?, default)
2025-01-03 18:26:45 [main] DEBUG org.hibernate.SQL - 
    select
        p1_0.id,
        p1_0.actives,
        p1_0.quantities,
        p1_0.cods,
        p1_0.images,
        p1_0.names,
        p1_0.sector,
        p1_0.version 
    from
        parts p1_0 
    where
        p1_0.cods=? 
        and p1_0.actives
2025-01-03 18:26:45 [main] DEBUG org.hibernate.SQL - 
    select
        s1_0.id,
        s1_0.actives,
        s1_0.columns,
        s1_0.row_data,
        s1_0.sector,
        s1_0.shelves,
        s1_0.version 
    from
        sectors s1_0 
    where
        s1_0.id=?
2025-01-03 18:26:45 [main] DEBUG org.hibernate.SQL - 
    select
        p1_0.id,
        p1_0.actives,
        p1_0.quantities,
        p1_0.cods,
        p1_0.images,
        p1_0.names,
        s1_0.id,
        s1_0.actives,
        s1_0.columns,
        s1_0.row_data,
        s1_0.sector,
        s1_0.shelves,
        s1_0.version,
        p1_0.version 
    from
        parts p1_0 
    left join
        sectors s1_0 
            on s1_0.id=p1_0.sector 
    where
        p1_0.id=?
2025-01-03 18:26:45 [main] DEBUG org.hibernate.SQL - 
    delete 
    from
        parts 
    where
        id=? 
        and version=?
2025-01-03 18:26:45 [main] DEBUG org.hibernate.SQL - 
    select
        s1_0.id,
        s1_0.actives,
        s1_0.columns,
        s1_0.row_data,
        s1_0.sector,
        s1_0.shelves,
        s1_0.version 
    from
        sectors s1_0 
    where
        s1_0.id=?
2025-01-03 18:26:45 [main] DEBUG org.hibernate.SQL - 
    select
        p1_0.sector,
        p1_0.id,
        p1_0.actives,
        p1_0.quantities,
        p1_0.cods,
        p1_0.images,
        p1_0.names,
        p1_0.version 
    from
        parts p1_0 
    where
        p1_0.sector=?
2025-01-03 18:26:45 [main] DEBUG org.hibernate.SQL - 
    delete 
    from
        sectors 
    where
        id=? 
        and version=?
2025-01-03 18:26:45 [main] DEBUG org.hibernate.SQL - 
    insert 
    into
        sectors
        (actives, columns, row_data, sector, shelves, version, id) 
    values
        (?, ?, ?, ?, ?, ?, default)
2025-01-03 18:26:45 [main] DEBUG org.hibernate.SQL - 
    insert 
    into
        parts
        (actives, quantities, cods, images, names, sector, version, id) 
    values
        (?, ?, ?, ?, ?, ?, ?, default)
2025-01-03 18:26:45 [main] DEBUG org.hibernate.SQL - 
    select
        p1_0.id,
        p1_0.actives,
        p1_0.quantities,
        p1_0.cods,
        p1_0.images,
        p1_0.names,
        p1_0.sector,
        p1_0.version 
    from
        parts p1_0 
    where
        p1_0.cods=? 
        or upper(p1_0.names) like upper(?) escape '\' 
        and p1_0.actives 
    order by
        p1_0.id 
    fetch
        first ? rows only
2025-01-03 18:26:45 [main] DEBUG org.hibernate.SQL - 
    select
        s1_0.id,
        s1_0.actives,
        s1_0.columns,
        s1_0.row_data,
        s1_0.sector,
        s1_0.shelves,
        s1_0.version 
    from
        sectors s1_0 
    where
        s1_0.id=?
2025-01-03 18:26:45 [main] DEBUG org.hibernate.SQL - 
    select
        p1_0.id,
        p1_0.actives,
        p1_0.quantities,
        p1_0.cods,
        p1_0.images,
        p1_0.names,
        s1_0.id,
        s1_0.actives,
        s1_0.columns,
        s1_0.row_data,
        s1_0.sector,
        s1_0.shelves,
        s1_0.version,
        p1_0.version 
    from
        parts p1_0 
    left join
        sectors s1_0 
            on s1_0.id=p1_0.sector 
    where
        p1_0.id=?
2025-01-03 18:26:45 [main] DEBUG org.hibernate.SQL - 
    delete 
    from
        parts 
    where
        id=? 
        and version=?
2025-01-03 18:26:45 [main] DEBUG org.hibernate.SQL - 
    select
        s1_0.id,
        s1_0.actives,
        s1_0.columns,
        s1_0.row_data,
        s1_0.sector,
        s1_0.shelves,
        s1_0.version 
    from
        sectors s1_0 
    where
        s1_0.id=?
2025-01-03 18:26:45 [main] DEBUG org.hibernate.SQL - 
    select
        p1_0.sector,
        p1_0.id,
        p1_0.actives,
        p1_0.quantities,
        p1_0.cods,
        p1_0.images,
        p1_0.names,
        p1_0.version 
    from
        parts p1_0 
    where
        p1_0.sector=?
2025-01-03 18:26:45 [main] DEBUG org.hibernate.SQL - 
    delete 
    from
        sectors 
    where
        id=? 
        and version=?
2025-01-03 18:26:45 [main] DEBUG org.hibernate.SQL - 
    select
        s1_0.id,
        s1_0.actives,
        s1_0.columns,
        s1_0.row_data,
        s1_0.sector,
        s1_0.shelves,
        s1_0.version 
    from
        sectors s1_0 
    where
        s1_0.actives 
    order by
        s1_0.id 
    fetch
        first ? rows only
2025-01-03 18:26:45 [main] DEBUG org.hibernate.SQL - 
    select
        p1_0.sector,
        p1_0.id,
        p1_0.actives,
        p1_0.quantities,
        p1_0.cods,
        p1_0.images,
        p1_0.names,
        p1_0.version 
    from
        parts p1_0 
    where
        p1_0.sector=?
2025-01-03 18:26:45 [main] DEBUG org.hibernate.SQL - 
    select
        p1_0.sector,
        p1_0.id,
        p1_0.actives,
        p1_0.quantities,
        p1_0.cods,
        p1_0.images,
        p1_0.names,
        p1_0.version 
    from
        parts p1_0 
    where
        p1_0.sector=?
2025-01-03 18:26:45 [main] DEBUG org.hibernate.SQL - 
    insert 
    into
        sectors
        (actives, columns, row_data, sector, shelves, version, id) 
    values
        (?, ?, ?, ?, ?, ?, default)
2025-01-03 18:26:45 [main] DEBUG org.hibernate.SQL - 
    select
        s1_0.id,
        s1_0.actives,
        s1_0.columns,
        s1_0.row_data,
        s1_0.sector,
        s1_0.shelves,
        s1_0.version 
    from
        sectors s1_0 
    where
        s1_0.id=? 
        and s1_0.actives
2025-01-03 18:26:45 [main] DEBUG org.hibernate.SQL - 
    update
        sectors 
    set
        actives=?,
        columns=?,
        row_data=?,
        sector=?,
        shelves=?,
        version=? 
    where
        id=? 
        and version=?
2025-01-03 18:26:45 [main] DEBUG org.hibernate.SQL - 
    insert 
    into
        sectors
        (actives, columns, row_data, sector, shelves, version, id) 
    values
        (?, ?, ?, ?, ?, ?, default)
2025-01-03 18:26:45 [main] DEBUG org.hibernate.SQL - 
    select
        s1_0.id,
        s1_0.actives,
        s1_0.columns,
        s1_0.row_data,
        s1_0.sector,
        s1_0.shelves,
        s1_0.version 
    from
        sectors s1_0 
    where
        s1_0.id=? 
        and s1_0.actives
2025-01-03 18:26:45 [main] DEBUG org.hibernate.SQL - 
    select
        p1_0.sector,
        p1_0.id,
        p1_0.actives,
        p1_0.quantities,
        p1_0.cods,
        p1_0.images,
        p1_0.names,
        p1_0.version 
    from
        parts p1_0 
    where
        p1_0.sector=?
2025-01-03 18:26:45 [main] DEBUG org.hibernate.SQL - 
    select
        s1_0.id 
    from
        sectors s1_0 
    where
        s1_0.sector=? 
        and s1_0.shelves=? 
        and s1_0.columns=? 
        and s1_0.row_data=? 
    fetch
        first ? rows only
2025-01-03 18:26:45 [main] DEBUG org.hibernate.SQL - 
    insert 
    into
        sectors
        (actives, columns, row_data, sector, shelves, version, id) 
    values
        (?, ?, ?, ?, ?, ?, default)
2025-01-03 18:26:45 [main] DEBUG org.hibernate.SQL - 
    insert 
    into
        sectors
        (actives, columns, row_data, sector, shelves, version, id) 
    values
        (?, ?, ?, ?, ?, ?, default)
2025-01-03 18:26:45 [main] DEBUG org.hibernate.SQL - 
    select
        s1_0.id,
        s1_0.actives,
        s1_0.columns,
        s1_0.row_data,
        s1_0.sector,
        s1_0.shelves,
        s1_0.version 
    from
        sectors s1_0 
    where
        s1_0.id=? 
        and s1_0.actives
2025-01-03 18:26:45 [main] DEBUG org.hibernate.SQL - 
    select
        p1_0.sector,
        p1_0.id,
        p1_0.actives,
        p1_0.quantities,
        p1_0.cods,
        p1_0.images,
        p1_0.names,
        p1_0.version 
    from
        parts p1_0 
    where
        p1_0.sector=?
2025-01-03 18:26:48 [SpringApplicationShutdownHook] DEBUG org.hibernate.SQL - 
    drop table if exists parts cascade 
2025-01-03 18:26:48 [SpringApplicationShutdownHook] DEBUG org.hibernate.SQL - 
    drop table if exists sectors cascade 
2025-01-03 18:29:28 [main] DEBUG org.hibernate.SQL - 
    drop table if exists parts cascade 
2025-01-03 18:29:28 [main] DEBUG org.hibernate.SQL - 
    drop table if exists sectors cascade 
2025-01-03 18:29:28 [main] DEBUG org.hibernate.SQL - 
    create table parts (
        actives boolean not null,
        quantities float(53) not null,
        version integer,
        cods bigint not null,
        id bigint generated by default as identity,
        sector bigint,
        names varchar(255) not null,
        images blob not null,
        primary key (id)
    )
2025-01-03 18:29:28 [main] DEBUG org.hibernate.SQL - 
    create table sectors (
        actives boolean not null,
        version integer,
        id bigint generated by default as identity,
        columns varchar(255) not null,
        row_data varchar(255) not null,
        sector varchar(255) not null,
        shelves varchar(255) not null,
        primary key (id)
    )
2025-01-03 18:29:28 [main] DEBUG org.hibernate.SQL - 
    alter table if exists parts 
       add constraint FK44bpbjjhvt2bd6spralcvfki7 
       foreign key (sector) 
       references sectors
2025-01-03 18:29:32 [main] DEBUG org.hibernate.SQL - 
    insert 
    into
        sectors
        (actives, columns, row_data, sector, shelves, version, id) 
    values
        (?, ?, ?, ?, ?, ?, default)
2025-01-03 18:29:32 [main] DEBUG org.hibernate.SQL - 
    insert 
    into
        parts
        (actives, quantities, cods, images, names, sector, version, id) 
    values
        (?, ?, ?, ?, ?, ?, ?, default)
2025-01-03 18:29:32 [main] DEBUG org.hibernate.SQL - 
    insert 
    into
        sectors
        (actives, columns, row_data, sector, shelves, version, id) 
    values
        (?, ?, ?, ?, ?, ?, default)
2025-01-03 18:29:32 [main] DEBUG org.hibernate.SQL - 
    select
        p1_0.id,
        p1_0.actives,
        p1_0.quantities,
        p1_0.cods,
        p1_0.images,
        p1_0.names,
        s1_0.id,
        s1_0.actives,
        s1_0.columns,
        s1_0.row_data,
        s1_0.sector,
        s1_0.shelves,
        s1_0.version,
        p1_0.version 
    from
        parts p1_0 
    left join
        sectors s1_0 
            on s1_0.id=p1_0.sector 
    where
        p1_0.id=?
2025-01-03 18:29:32 [main] DEBUG org.hibernate.SQL - 
    select
        s1_0.id,
        s1_0.actives,
        s1_0.columns,
        s1_0.row_data,
        s1_0.sector,
        s1_0.shelves,
        s1_0.version 
    from
        sectors s1_0 
    where
        s1_0.id=? 
        and s1_0.actives
2025-01-03 18:29:32 [main] DEBUG org.hibernate.SQL - 
    update
        parts 
    set
        actives=?,
        quantities=?,
        cods=?,
        images=?,
        names=?,
        sector=?,
        version=? 
    where
        id=? 
        and version=?
2025-01-03 18:29:32 [main] DEBUG org.hibernate.SQL - 
    select
        p1_0.id,
        p1_0.actives,
        p1_0.quantities,
        p1_0.cods,
        p1_0.images,
        p1_0.names,
        s1_0.id,
        s1_0.actives,
        s1_0.columns,
        s1_0.row_data,
        s1_0.sector,
        s1_0.shelves,
        s1_0.version,
        p1_0.version 
    from
        parts p1_0 
    left join
        sectors s1_0 
            on s1_0.id=p1_0.sector 
    where
        p1_0.id=?
2025-01-03 18:29:32 [main] DEBUG org.hibernate.SQL - 
    delete 
    from
        parts 
    where
        id=? 
        and version=?
2025-01-03 18:29:32 [main] DEBUG org.hibernate.SQL - 
    select
        s1_0.id,
        s1_0.actives,
        s1_0.columns,
        s1_0.row_data,
        s1_0.sector,
        s1_0.shelves,
        s1_0.version 
    from
        sectors s1_0 
    where
        s1_0.id=?
2025-01-03 18:29:32 [main] DEBUG org.hibernate.SQL - 
    select
        p1_0.sector,
        p1_0.id,
        p1_0.actives,
        p1_0.quantities,
        p1_0.cods,
        p1_0.images,
        p1_0.names,
        p1_0.version 
    from
        parts p1_0 
    where
        p1_0.sector=?
2025-01-03 18:29:32 [main] DEBUG org.hibernate.SQL - 
    delete 
    from
        sectors 
    where
        id=? 
        and version=?
2025-01-03 18:29:32 [main] DEBUG org.hibernate.SQL - 
    select
        p1_0.id,
        p1_0.actives,
        p1_0.quantities,
        p1_0.cods,
        p1_0.images,
        p1_0.names,
        p1_0.sector,
        p1_0.version 
    from
        parts p1_0 
    where
        p1_0.actives 
    order by
        p1_0.id 
    fetch
        first ? rows only
2025-01-03 18:29:32 [main] DEBUG org.hibernate.SQL - 
    insert 
    into
        sectors
        (actives, columns, row_data, sector, shelves, version, id) 
    values
        (?, ?, ?, ?, ?, ?, default)
2025-01-03 18:29:32 [main] DEBUG org.hibernate.SQL - 
    insert 
    into
        parts
        (actives, quantities, cods, images, names, sector, version, id) 
    values
        (?, ?, ?, ?, ?, ?, ?, default)
2025-01-03 18:29:32 [main] DEBUG org.hibernate.SQL - 
    select
        p1_0.id,
        p1_0.actives,
        p1_0.quantities,
        p1_0.cods,
        p1_0.images,
        p1_0.names,
        s1_0.id,
        s1_0.actives,
        s1_0.columns,
        s1_0.row_data,
        s1_0.sector,
        s1_0.shelves,
        s1_0.version,
        p1_0.version 
    from
        parts p1_0 
    left join
        sectors s1_0 
            on s1_0.id=p1_0.sector 
    where
        p1_0.id=?
2025-01-03 18:29:32 [main] DEBUG org.hibernate.SQL - 
    update
        parts 
    set
        actives=?,
        quantities=?,
        cods=?,
        images=?,
        names=?,
        sector=?,
        version=? 
    where
        id=? 
        and version=?
2025-01-03 18:29:32 [main] DEBUG org.hibernate.SQL - 
    select
        p1_0.id,
        p1_0.actives,
        p1_0.quantities,
        p1_0.cods,
        p1_0.images,
        p1_0.names,
        s1_0.id,
        s1_0.actives,
        s1_0.columns,
        s1_0.row_data,
        s1_0.sector,
        s1_0.shelves,
        s1_0.version,
        p1_0.version 
    from
        parts p1_0 
    left join
        sectors s1_0 
            on s1_0.id=p1_0.sector 
    where
        p1_0.id=?
2025-01-03 18:29:32 [main] DEBUG org.hibernate.SQL - 
    delete 
    from
        parts 
    where
        id=? 
        and version=?
2025-01-03 18:29:32 [main] DEBUG org.hibernate.SQL - 
    select
        s1_0.id,
        s1_0.actives,
        s1_0.columns,
        s1_0.row_data,
        s1_0.sector,
        s1_0.shelves,
        s1_0.version 
    from
        sectors s1_0 
    where
        s1_0.id=?
2025-01-03 18:29:32 [main] DEBUG org.hibernate.SQL - 
    select
        p1_0.sector,
        p1_0.id,
        p1_0.actives,
        p1_0.quantities,
        p1_0.cods,
        p1_0.images,
        p1_0.names,
        p1_0.version 
    from
        parts p1_0 
    where
        p1_0.sector=?
2025-01-03 18:29:32 [main] DEBUG org.hibernate.SQL - 
    delete 
    from
        sectors 
    where
        id=? 
        and version=?
2025-01-03 18:29:32 [main] DEBUG org.hibernate.SQL - 
    insert 
    into
        sectors
        (actives, columns, row_data, sector, shelves, version, id) 
    values
        (?, ?, ?, ?, ?, ?, default)
2025-01-03 18:29:32 [main] DEBUG org.hibernate.SQL - 
    insert 
    into
        parts
        (actives, quantities, cods, images, names, sector, version, id) 
    values
        (?, ?, ?, ?, ?, ?, ?, default)
2025-01-03 18:29:32 [main] DEBUG org.hibernate.SQL - 
    select
        p1_0.id,
        p1_0.actives,
        p1_0.quantities,
        p1_0.cods,
        p1_0.images,
        p1_0.names,
        p1_0.sector,
        p1_0.version 
    from
        parts p1_0 
    where
        p1_0.id=? 
        and p1_0.actives
2025-01-03 18:29:32 [main] DEBUG org.hibernate.SQL - 
    select
        s1_0.id,
        s1_0.actives,
        s1_0.columns,
        s1_0.row_data,
        s1_0.sector,
        s1_0.shelves,
        s1_0.version 
    from
        sectors s1_0 
    where
        s1_0.id=?
2025-01-03 18:29:33 [main] DEBUG org.hibernate.SQL - 
    select
        p1_0.id,
        p1_0.actives,
        p1_0.quantities,
        p1_0.cods,
        p1_0.images,
        p1_0.names,
        s1_0.id,
        s1_0.actives,
        s1_0.columns,
        s1_0.row_data,
        s1_0.sector,
        s1_0.shelves,
        s1_0.version,
        p1_0.version 
    from
        parts p1_0 
    left join
        sectors s1_0 
            on s1_0.id=p1_0.sector 
    where
        p1_0.id=?
2025-01-03 18:29:33 [main] DEBUG org.hibernate.SQL - 
    delete 
    from
        parts 
    where
        id=? 
        and version=?
2025-01-03 18:29:33 [main] DEBUG org.hibernate.SQL - 
    select
        s1_0.id,
        s1_0.actives,
        s1_0.columns,
        s1_0.row_data,
        s1_0.sector,
        s1_0.shelves,
        s1_0.version 
    from
        sectors s1_0 
    where
        s1_0.id=?
2025-01-03 18:29:33 [main] DEBUG org.hibernate.SQL - 
    select
        p1_0.sector,
        p1_0.id,
        p1_0.actives,
        p1_0.quantities,
        p1_0.cods,
        p1_0.images,
        p1_0.names,
        p1_0.version 
    from
        parts p1_0 
    where
        p1_0.sector=?
2025-01-03 18:29:33 [main] DEBUG org.hibernate.SQL - 
    delete 
    from
        sectors 
    where
        id=? 
        and version=?
2025-01-03 18:29:33 [main] DEBUG org.hibernate.SQL - 
    insert 
    into
        sectors
        (actives, columns, row_data, sector, shelves, version, id) 
    values
        (?, ?, ?, ?, ?, ?, default)
2025-01-03 18:29:33 [main] DEBUG org.hibernate.SQL - 
    select
        s1_0.id,
        s1_0.actives,
        s1_0.columns,
        s1_0.row_data,
        s1_0.sector,
        s1_0.shelves,
        s1_0.version 
    from
        sectors s1_0 
    where
        s1_0.id=?
2025-01-03 18:29:33 [main] DEBUG org.hibernate.SQL - 
    select
        p1_0.id 
    from
        parts p1_0 
    where
        p1_0.cods=? 
        and p1_0.names=? 
        and p1_0.sector=? 
    fetch
        first ? rows only
2025-01-03 18:29:33 [main] DEBUG org.hibernate.SQL - 
    insert 
    into
        parts
        (actives, quantities, cods, images, names, sector, version, id) 
    values
        (?, ?, ?, ?, ?, ?, ?, default)
2025-01-03 18:29:33 [main] DEBUG org.hibernate.SQL - 
    insert 
    into
        sectors
        (actives, columns, row_data, sector, shelves, version, id) 
    values
        (?, ?, ?, ?, ?, ?, default)
2025-01-03 18:29:33 [main] DEBUG org.hibernate.SQL - 
    insert 
    into
        parts
        (actives, quantities, cods, images, names, sector, version, id) 
    values
        (?, ?, ?, ?, ?, ?, ?, default)
2025-01-03 18:29:33 [main] DEBUG org.hibernate.SQL - 
    insert 
    into
        sectors
        (actives, columns, row_data, sector, shelves, version, id) 
    values
        (?, ?, ?, ?, ?, ?, default)
2025-01-03 18:29:33 [main] DEBUG org.hibernate.SQL - 
    insert 
    into
        parts
        (actives, quantities, cods, images, names, sector, version, id) 
    values
        (?, ?, ?, ?, ?, ?, ?, default)
2025-01-03 18:29:33 [main] DEBUG org.hibernate.SQL - 
    select
        p1_0.id,
        p1_0.actives,
        p1_0.quantities,
        p1_0.cods,
        p1_0.images,
        p1_0.names,
        p1_0.sector,
        p1_0.version 
    from
        parts p1_0 
    where
        upper(p1_0.names) like upper(?) escape '\' 
        and p1_0.actives 
    order by
        p1_0.id 
    fetch
        first ? rows only
2025-01-03 18:29:33 [main] DEBUG org.hibernate.SQL - 
    select
        s1_0.id,
        s1_0.actives,
        s1_0.columns,
        s1_0.row_data,
        s1_0.sector,
        s1_0.shelves,
        s1_0.version 
    from
        sectors s1_0 
    where
        s1_0.id=?
2025-01-03 18:29:33 [main] DEBUG org.hibernate.SQL - 
    select
        s1_0.id,
        s1_0.actives,
        s1_0.columns,
        s1_0.row_data,
        s1_0.sector,
        s1_0.shelves,
        s1_0.version 
    from
        sectors s1_0 
    where
        s1_0.id=?
2025-01-03 18:29:33 [main] DEBUG org.hibernate.SQL - 
    select
        p1_0.id,
        p1_0.actives,
        p1_0.quantities,
        p1_0.cods,
        p1_0.images,
        p1_0.names,
        s1_0.id,
        s1_0.actives,
        s1_0.columns,
        s1_0.row_data,
        s1_0.sector,
        s1_0.shelves,
        s1_0.version,
        p1_0.version 
    from
        parts p1_0 
    left join
        sectors s1_0 
            on s1_0.id=p1_0.sector 
    where
        p1_0.id=?
2025-01-03 18:29:33 [main] DEBUG org.hibernate.SQL - 
    delete 
    from
        parts 
    where
        id=? 
        and version=?
2025-01-03 18:29:33 [main] DEBUG org.hibernate.SQL - 
    select
        s1_0.id,
        s1_0.actives,
        s1_0.columns,
        s1_0.row_data,
        s1_0.sector,
        s1_0.shelves,
        s1_0.version 
    from
        sectors s1_0 
    where
        s1_0.id=?
2025-01-03 18:29:33 [main] DEBUG org.hibernate.SQL - 
    select
        p1_0.sector,
        p1_0.id,
        p1_0.actives,
        p1_0.quantities,
        p1_0.cods,
        p1_0.images,
        p1_0.names,
        p1_0.version 
    from
        parts p1_0 
    where
        p1_0.sector=?
2025-01-03 18:29:33 [main] DEBUG org.hibernate.SQL - 
    delete 
    from
        sectors 
    where
        id=? 
        and version=?
2025-01-03 18:29:33 [main] DEBUG org.hibernate.SQL - 
    select
        p1_0.id,
        p1_0.actives,
        p1_0.quantities,
        p1_0.cods,
        p1_0.images,
        p1_0.names,
        s1_0.id,
        s1_0.actives,
        s1_0.columns,
        s1_0.row_data,
        s1_0.sector,
        s1_0.shelves,
        s1_0.version,
        p1_0.version 
    from
        parts p1_0 
    left join
        sectors s1_0 
            on s1_0.id=p1_0.sector 
    where
        p1_0.id=?
2025-01-03 18:29:33 [main] DEBUG org.hibernate.SQL - 
    delete 
    from
        parts 
    where
        id=? 
        and version=?
2025-01-03 18:29:33 [main] DEBUG org.hibernate.SQL - 
    select
        s1_0.id,
        s1_0.actives,
        s1_0.columns,
        s1_0.row_data,
        s1_0.sector,
        s1_0.shelves,
        s1_0.version 
    from
        sectors s1_0 
    where
        s1_0.id=?
2025-01-03 18:29:33 [main] DEBUG org.hibernate.SQL - 
    select
        p1_0.sector,
        p1_0.id,
        p1_0.actives,
        p1_0.quantities,
        p1_0.cods,
        p1_0.images,
        p1_0.names,
        p1_0.version 
    from
        parts p1_0 
    where
        p1_0.sector=?
2025-01-03 18:29:33 [main] DEBUG org.hibernate.SQL - 
    delete 
    from
        sectors 
    where
        id=? 
        and version=?
2025-01-03 18:29:33 [main] DEBUG org.hibernate.SQL - 
    insert 
    into
        sectors
        (actives, columns, row_data, sector, shelves, version, id) 
    values
        (?, ?, ?, ?, ?, ?, default)
2025-01-03 18:29:33 [main] DEBUG org.hibernate.SQL - 
    insert 
    into
        parts
        (actives, quantities, cods, images, names, sector, version, id) 
    values
        (?, ?, ?, ?, ?, ?, ?, default)
2025-01-03 18:29:33 [main] DEBUG org.hibernate.SQL - 
    select
        p1_0.id,
        p1_0.actives,
        p1_0.quantities,
        p1_0.cods,
        p1_0.images,
        p1_0.names,
        p1_0.sector,
        p1_0.version 
    from
        parts p1_0 
    where
        p1_0.cods=? 
        and p1_0.actives
2025-01-03 18:29:33 [main] DEBUG org.hibernate.SQL - 
    select
        s1_0.id,
        s1_0.actives,
        s1_0.columns,
        s1_0.row_data,
        s1_0.sector,
        s1_0.shelves,
        s1_0.version 
    from
        sectors s1_0 
    where
        s1_0.id=?
2025-01-03 18:29:33 [main] DEBUG org.hibernate.SQL - 
    select
        p1_0.id,
        p1_0.actives,
        p1_0.quantities,
        p1_0.cods,
        p1_0.images,
        p1_0.names,
        s1_0.id,
        s1_0.actives,
        s1_0.columns,
        s1_0.row_data,
        s1_0.sector,
        s1_0.shelves,
        s1_0.version,
        p1_0.version 
    from
        parts p1_0 
    left join
        sectors s1_0 
            on s1_0.id=p1_0.sector 
    where
        p1_0.id=?
2025-01-03 18:29:33 [main] DEBUG org.hibernate.SQL - 
    delete 
    from
        parts 
    where
        id=? 
        and version=?
2025-01-03 18:29:33 [main] DEBUG org.hibernate.SQL - 
    select
        s1_0.id,
        s1_0.actives,
        s1_0.columns,
        s1_0.row_data,
        s1_0.sector,
        s1_0.shelves,
        s1_0.version 
    from
        sectors s1_0 
    where
        s1_0.id=?
2025-01-03 18:29:33 [main] DEBUG org.hibernate.SQL - 
    select
        p1_0.sector,
        p1_0.id,
        p1_0.actives,
        p1_0.quantities,
        p1_0.cods,
        p1_0.images,
        p1_0.names,
        p1_0.version 
    from
        parts p1_0 
    where
        p1_0.sector=?
2025-01-03 18:29:33 [main] DEBUG org.hibernate.SQL - 
    delete 
    from
        sectors 
    where
        id=? 
        and version=?
2025-01-03 18:29:33 [main] DEBUG org.hibernate.SQL - 
    insert 
    into
        sectors
        (actives, columns, row_data, sector, shelves, version, id) 
    values
        (?, ?, ?, ?, ?, ?, default)
2025-01-03 18:29:33 [main] DEBUG org.hibernate.SQL - 
    insert 
    into
        parts
        (actives, quantities, cods, images, names, sector, version, id) 
    values
        (?, ?, ?, ?, ?, ?, ?, default)
2025-01-03 18:29:33 [main] DEBUG org.hibernate.SQL - 
    select
        p1_0.id,
        p1_0.actives,
        p1_0.quantities,
        p1_0.cods,
        p1_0.images,
        p1_0.names,
        p1_0.sector,
        p1_0.version 
    from
        parts p1_0 
    where
        p1_0.cods=? 
        or upper(p1_0.names) like upper(?) escape '\' 
        and p1_0.actives 
    order by
        p1_0.id 
    fetch
        first ? rows only
2025-01-03 18:29:33 [main] DEBUG org.hibernate.SQL - 
    select
        s1_0.id,
        s1_0.actives,
        s1_0.columns,
        s1_0.row_data,
        s1_0.sector,
        s1_0.shelves,
        s1_0.version 
    from
        sectors s1_0 
    where
        s1_0.id=?
2025-01-03 18:29:33 [main] DEBUG org.hibernate.SQL - 
    select
        p1_0.id,
        p1_0.actives,
        p1_0.quantities,
        p1_0.cods,
        p1_0.images,
        p1_0.names,
        s1_0.id,
        s1_0.actives,
        s1_0.columns,
        s1_0.row_data,
        s1_0.sector,
        s1_0.shelves,
        s1_0.version,
        p1_0.version 
    from
        parts p1_0 
    left join
        sectors s1_0 
            on s1_0.id=p1_0.sector 
    where
        p1_0.id=?
2025-01-03 18:29:33 [main] DEBUG org.hibernate.SQL - 
    delete 
    from
        parts 
    where
        id=? 
        and version=?
2025-01-03 18:29:33 [main] DEBUG org.hibernate.SQL - 
    select
        s1_0.id,
        s1_0.actives,
        s1_0.columns,
        s1_0.row_data,
        s1_0.sector,
        s1_0.shelves,
        s1_0.version 
    from
        sectors s1_0 
    where
        s1_0.id=?
2025-01-03 18:29:33 [main] DEBUG org.hibernate.SQL - 
    select
        p1_0.sector,
        p1_0.id,
        p1_0.actives,
        p1_0.quantities,
        p1_0.cods,
        p1_0.images,
        p1_0.names,
        p1_0.version 
    from
        parts p1_0 
    where
        p1_0.sector=?
2025-01-03 18:29:33 [main] DEBUG org.hibernate.SQL - 
    delete 
    from
        sectors 
    where
        id=? 
        and version=?
2025-01-03 18:29:34 [main] DEBUG org.hibernate.SQL - 
    select
        s1_0.id,
        s1_0.actives,
        s1_0.columns,
        s1_0.row_data,
        s1_0.sector,
        s1_0.shelves,
        s1_0.version 
    from
        sectors s1_0 
    where
        s1_0.actives 
    order by
        s1_0.id 
    fetch
        first ? rows only
2025-01-03 18:29:34 [main] DEBUG org.hibernate.SQL - 
    select
        p1_0.sector,
        p1_0.id,
        p1_0.actives,
        p1_0.quantities,
        p1_0.cods,
        p1_0.images,
        p1_0.names,
        p1_0.version 
    from
        parts p1_0 
    where
        p1_0.sector=?
2025-01-03 18:29:34 [main] DEBUG org.hibernate.SQL - 
    select
        p1_0.sector,
        p1_0.id,
        p1_0.actives,
        p1_0.quantities,
        p1_0.cods,
        p1_0.images,
        p1_0.names,
        p1_0.version 
    from
        parts p1_0 
    where
        p1_0.sector=?
2025-01-03 18:29:34 [main] DEBUG org.hibernate.SQL - 
    insert 
    into
        sectors
        (actives, columns, row_data, sector, shelves, version, id) 
    values
        (?, ?, ?, ?, ?, ?, default)
2025-01-03 18:29:34 [main] DEBUG org.hibernate.SQL - 
    select
        s1_0.id,
        s1_0.actives,
        s1_0.columns,
        s1_0.row_data,
        s1_0.sector,
        s1_0.shelves,
        s1_0.version 
    from
        sectors s1_0 
    where
        s1_0.id=? 
        and s1_0.actives
2025-01-03 18:29:34 [main] DEBUG org.hibernate.SQL - 
    update
        sectors 
    set
        actives=?,
        columns=?,
        row_data=?,
        sector=?,
        shelves=?,
        version=? 
    where
        id=? 
        and version=?
2025-01-03 18:29:34 [main] DEBUG org.hibernate.SQL - 
    select
        s1_0.id,
        s1_0.actives,
        s1_0.columns,
        s1_0.row_data,
        s1_0.sector,
        s1_0.shelves,
        s1_0.version 
    from
        sectors s1_0 
    where
        s1_0.id=?
2025-01-03 18:29:34 [main] DEBUG org.hibernate.SQL - 
    select
        p1_0.sector,
        p1_0.id,
        p1_0.actives,
        p1_0.quantities,
        p1_0.cods,
        p1_0.images,
        p1_0.names,
        p1_0.version 
    from
        parts p1_0 
    where
        p1_0.sector=?
2025-01-03 18:29:34 [main] DEBUG org.hibernate.SQL - 
    delete 
    from
        sectors 
    where
        id=? 
        and version=?
2025-01-03 18:29:34 [main] DEBUG org.hibernate.SQL - 
    insert 
    into
        sectors
        (actives, columns, row_data, sector, shelves, version, id) 
    values
        (?, ?, ?, ?, ?, ?, default)
2025-01-03 18:29:34 [main] DEBUG org.hibernate.SQL - 
    select
        s1_0.id,
        s1_0.actives,
        s1_0.columns,
        s1_0.row_data,
        s1_0.sector,
        s1_0.shelves,
        s1_0.version 
    from
        sectors s1_0 
    where
        s1_0.id=? 
        and s1_0.actives
2025-01-03 18:29:34 [main] DEBUG org.hibernate.SQL - 
    select
        p1_0.sector,
        p1_0.id,
        p1_0.actives,
        p1_0.quantities,
        p1_0.cods,
        p1_0.images,
        p1_0.names,
        p1_0.version 
    from
        parts p1_0 
    where
        p1_0.sector=?
2025-01-03 18:29:34 [main] DEBUG org.hibernate.SQL - 
    select
        s1_0.id,
        s1_0.actives,
        s1_0.columns,
        s1_0.row_data,
        s1_0.sector,
        s1_0.shelves,
        s1_0.version 
    from
        sectors s1_0 
    where
        s1_0.id=?
2025-01-03 18:29:34 [main] DEBUG org.hibernate.SQL - 
    select
        p1_0.sector,
        p1_0.id,
        p1_0.actives,
        p1_0.quantities,
        p1_0.cods,
        p1_0.images,
        p1_0.names,
        p1_0.version 
    from
        parts p1_0 
    where
        p1_0.sector=?
2025-01-03 18:29:34 [main] DEBUG org.hibernate.SQL - 
    delete 
    from
        sectors 
    where
        id=? 
        and version=?
2025-01-03 18:29:34 [main] DEBUG org.hibernate.SQL - 
    select
        s1_0.id 
    from
        sectors s1_0 
    where
        s1_0.sector=? 
        and s1_0.shelves=? 
        and s1_0.columns=? 
        and s1_0.row_data=? 
    fetch
        first ? rows only
2025-01-03 18:29:34 [main] DEBUG org.hibernate.SQL - 
    insert 
    into
        sectors
        (actives, columns, row_data, sector, shelves, version, id) 
    values
        (?, ?, ?, ?, ?, ?, default)
2025-01-03 18:29:34 [main] DEBUG org.hibernate.SQL - 
    insert 
    into
        sectors
        (actives, columns, row_data, sector, shelves, version, id) 
    values
        (?, ?, ?, ?, ?, ?, default)
2025-01-03 18:29:34 [main] DEBUG org.hibernate.SQL - 
    select
        s1_0.id,
        s1_0.actives,
        s1_0.columns,
        s1_0.row_data,
        s1_0.sector,
        s1_0.shelves,
        s1_0.version 
    from
        sectors s1_0 
    where
        s1_0.id=? 
        and s1_0.actives
2025-01-03 18:29:34 [main] DEBUG org.hibernate.SQL - 
    select
        p1_0.sector,
        p1_0.id,
        p1_0.actives,
        p1_0.quantities,
        p1_0.cods,
        p1_0.images,
        p1_0.names,
        p1_0.version 
    from
        parts p1_0 
    where
        p1_0.sector=?
2025-01-03 18:29:34 [main] DEBUG org.hibernate.SQL - 
    select
        s1_0.id,
        s1_0.actives,
        s1_0.columns,
        s1_0.row_data,
        s1_0.sector,
        s1_0.shelves,
        s1_0.version 
    from
        sectors s1_0 
    where
        s1_0.id=?
2025-01-03 18:29:34 [main] DEBUG org.hibernate.SQL - 
    select
        p1_0.sector,
        p1_0.id,
        p1_0.actives,
        p1_0.quantities,
        p1_0.cods,
        p1_0.images,
        p1_0.names,
        p1_0.version 
    from
        parts p1_0 
    where
        p1_0.sector=?
2025-01-03 18:29:34 [main] DEBUG org.hibernate.SQL - 
    delete 
    from
        sectors 
    where
        id=? 
        and version=?
2025-01-03 18:29:37 [SpringApplicationShutdownHook] DEBUG org.hibernate.SQL - 
    drop table if exists parts cascade 
2025-01-03 18:29:38 [SpringApplicationShutdownHook] DEBUG org.hibernate.SQL - 
    drop table if exists sectors cascade 
2025-01-03 18:34:25 [main] DEBUG org.hibernate.SQL - 
    drop table if exists parts cascade 
2025-01-03 18:34:25 [main] DEBUG org.hibernate.SQL - 
    drop table if exists sectors cascade 
2025-01-03 18:34:25 [main] DEBUG org.hibernate.SQL - 
    create table parts (
        actives boolean not null,
        quantities float(53) not null,
        version integer,
        cods bigint not null,
        id bigint generated by default as identity,
        sector bigint,
        names varchar(255) not null,
        images blob not null,
        primary key (id)
    )
2025-01-03 18:34:25 [main] DEBUG org.hibernate.SQL - 
    create table sectors (
        actives boolean not null,
        version integer,
        id bigint generated by default as identity,
        columns varchar(255) not null,
        row_data varchar(255) not null,
        sector varchar(255) not null,
        shelves varchar(255) not null,
        primary key (id)
    )
2025-01-03 18:34:25 [main] DEBUG org.hibernate.SQL - 
    alter table if exists parts 
       add constraint FK44bpbjjhvt2bd6spralcvfki7 
       foreign key (sector) 
       references sectors
2025-01-03 18:34:28 [main] DEBUG org.hibernate.SQL - 
    insert 
    into
        sectors
        (actives, columns, row_data, sector, shelves, version, id) 
    values
        (?, ?, ?, ?, ?, ?, default)
2025-01-03 18:34:29 [main] DEBUG org.hibernate.SQL - 
    insert 
    into
        parts
        (actives, quantities, cods, images, names, sector, version, id) 
    values
        (?, ?, ?, ?, ?, ?, ?, default)
2025-01-03 18:34:29 [main] DEBUG org.hibernate.SQL - 
    insert 
    into
        sectors
        (actives, columns, row_data, sector, shelves, version, id) 
    values
        (?, ?, ?, ?, ?, ?, default)
2025-01-03 18:34:29 [main] DEBUG org.hibernate.SQL - 
    select
        p1_0.id,
        p1_0.actives,
        p1_0.quantities,
        p1_0.cods,
        p1_0.images,
        p1_0.names,
        s1_0.id,
        s1_0.actives,
        s1_0.columns,
        s1_0.row_data,
        s1_0.sector,
        s1_0.shelves,
        s1_0.version,
        p1_0.version 
    from
        parts p1_0 
    left join
        sectors s1_0 
            on s1_0.id=p1_0.sector 
    where
        p1_0.id=?
2025-01-03 18:34:29 [main] DEBUG org.hibernate.SQL - 
    select
        s1_0.id,
        s1_0.actives,
        s1_0.columns,
        s1_0.row_data,
        s1_0.sector,
        s1_0.shelves,
        s1_0.version 
    from
        sectors s1_0 
    where
        s1_0.id=? 
        and s1_0.actives
2025-01-03 18:34:29 [main] DEBUG org.hibernate.SQL - 
    update
        parts 
    set
        actives=?,
        quantities=?,
        cods=?,
        images=?,
        names=?,
        sector=?,
        version=? 
    where
        id=? 
        and version=?
2025-01-03 18:34:29 [main] DEBUG org.hibernate.SQL - 
    select
        p1_0.id,
        p1_0.actives,
        p1_0.quantities,
        p1_0.cods,
        p1_0.images,
        p1_0.names,
        s1_0.id,
        s1_0.actives,
        s1_0.columns,
        s1_0.row_data,
        s1_0.sector,
        s1_0.shelves,
        s1_0.version,
        p1_0.version 
    from
        parts p1_0 
    left join
        sectors s1_0 
            on s1_0.id=p1_0.sector 
    where
        p1_0.id=?
2025-01-03 18:34:29 [main] DEBUG org.hibernate.SQL - 
    delete 
    from
        parts 
    where
        id=? 
        and version=?
2025-01-03 18:34:29 [main] DEBUG org.hibernate.SQL - 
    select
        s1_0.id,
        s1_0.actives,
        s1_0.columns,
        s1_0.row_data,
        s1_0.sector,
        s1_0.shelves,
        s1_0.version 
    from
        sectors s1_0 
    where
        s1_0.id=?
2025-01-03 18:34:29 [main] DEBUG org.hibernate.SQL - 
    select
        p1_0.sector,
        p1_0.id,
        p1_0.actives,
        p1_0.quantities,
        p1_0.cods,
        p1_0.images,
        p1_0.names,
        p1_0.version 
    from
        parts p1_0 
    where
        p1_0.sector=?
2025-01-03 18:34:29 [main] DEBUG org.hibernate.SQL - 
    delete 
    from
        sectors 
    where
        id=? 
        and version=?
2025-01-03 18:34:29 [main] DEBUG org.hibernate.SQL - 
    select
        p1_0.id,
        p1_0.actives,
        p1_0.quantities,
        p1_0.cods,
        p1_0.images,
        p1_0.names,
        p1_0.sector,
        p1_0.version 
    from
        parts p1_0 
    where
        p1_0.actives 
    order by
        p1_0.id 
    fetch
        first ? rows only
2025-01-03 18:34:29 [main] DEBUG org.hibernate.SQL - 
    insert 
    into
        sectors
        (actives, columns, row_data, sector, shelves, version, id) 
    values
        (?, ?, ?, ?, ?, ?, default)
2025-01-03 18:34:29 [main] DEBUG org.hibernate.SQL - 
    insert 
    into
        parts
        (actives, quantities, cods, images, names, sector, version, id) 
    values
        (?, ?, ?, ?, ?, ?, ?, default)
2025-01-03 18:34:29 [main] DEBUG org.hibernate.SQL - 
    select
        p1_0.id,
        p1_0.actives,
        p1_0.quantities,
        p1_0.cods,
        p1_0.images,
        p1_0.names,
        s1_0.id,
        s1_0.actives,
        s1_0.columns,
        s1_0.row_data,
        s1_0.sector,
        s1_0.shelves,
        s1_0.version,
        p1_0.version 
    from
        parts p1_0 
    left join
        sectors s1_0 
            on s1_0.id=p1_0.sector 
    where
        p1_0.id=?
2025-01-03 18:34:29 [main] DEBUG org.hibernate.SQL - 
    update
        parts 
    set
        actives=?,
        quantities=?,
        cods=?,
        images=?,
        names=?,
        sector=?,
        version=? 
    where
        id=? 
        and version=?
2025-01-03 18:34:29 [main] DEBUG org.hibernate.SQL - 
    select
        p1_0.id,
        p1_0.actives,
        p1_0.quantities,
        p1_0.cods,
        p1_0.images,
        p1_0.names,
        s1_0.id,
        s1_0.actives,
        s1_0.columns,
        s1_0.row_data,
        s1_0.sector,
        s1_0.shelves,
        s1_0.version,
        p1_0.version 
    from
        parts p1_0 
    left join
        sectors s1_0 
            on s1_0.id=p1_0.sector 
    where
        p1_0.id=?
2025-01-03 18:34:29 [main] DEBUG org.hibernate.SQL - 
    delete 
    from
        parts 
    where
        id=? 
        and version=?
2025-01-03 18:34:29 [main] DEBUG org.hibernate.SQL - 
    select
        s1_0.id,
        s1_0.actives,
        s1_0.columns,
        s1_0.row_data,
        s1_0.sector,
        s1_0.shelves,
        s1_0.version 
    from
        sectors s1_0 
    where
        s1_0.id=?
2025-01-03 18:34:29 [main] DEBUG org.hibernate.SQL - 
    select
        p1_0.sector,
        p1_0.id,
        p1_0.actives,
        p1_0.quantities,
        p1_0.cods,
        p1_0.images,
        p1_0.names,
        p1_0.version 
    from
        parts p1_0 
    where
        p1_0.sector=?
2025-01-03 18:34:29 [main] DEBUG org.hibernate.SQL - 
    delete 
    from
        sectors 
    where
        id=? 
        and version=?
2025-01-03 18:34:29 [main] DEBUG org.hibernate.SQL - 
    insert 
    into
        sectors
        (actives, columns, row_data, sector, shelves, version, id) 
    values
        (?, ?, ?, ?, ?, ?, default)
2025-01-03 18:34:29 [main] DEBUG org.hibernate.SQL - 
    insert 
    into
        parts
        (actives, quantities, cods, images, names, sector, version, id) 
    values
        (?, ?, ?, ?, ?, ?, ?, default)
2025-01-03 18:34:29 [main] DEBUG org.hibernate.SQL - 
    select
        p1_0.id,
        p1_0.actives,
        p1_0.quantities,
        p1_0.cods,
        p1_0.images,
        p1_0.names,
        p1_0.sector,
        p1_0.version 
    from
        parts p1_0 
    where
        p1_0.id=? 
        and p1_0.actives
2025-01-03 18:34:29 [main] DEBUG org.hibernate.SQL - 
    select
        s1_0.id,
        s1_0.actives,
        s1_0.columns,
        s1_0.row_data,
        s1_0.sector,
        s1_0.shelves,
        s1_0.version 
    from
        sectors s1_0 
    where
        s1_0.id=?
2025-01-03 18:34:29 [main] DEBUG org.hibernate.SQL - 
    select
        p1_0.id,
        p1_0.actives,
        p1_0.quantities,
        p1_0.cods,
        p1_0.images,
        p1_0.names,
        s1_0.id,
        s1_0.actives,
        s1_0.columns,
        s1_0.row_data,
        s1_0.sector,
        s1_0.shelves,
        s1_0.version,
        p1_0.version 
    from
        parts p1_0 
    left join
        sectors s1_0 
            on s1_0.id=p1_0.sector 
    where
        p1_0.id=?
2025-01-03 18:34:29 [main] DEBUG org.hibernate.SQL - 
    delete 
    from
        parts 
    where
        id=? 
        and version=?
2025-01-03 18:34:29 [main] DEBUG org.hibernate.SQL - 
    select
        s1_0.id,
        s1_0.actives,
        s1_0.columns,
        s1_0.row_data,
        s1_0.sector,
        s1_0.shelves,
        s1_0.version 
    from
        sectors s1_0 
    where
        s1_0.id=?
2025-01-03 18:34:29 [main] DEBUG org.hibernate.SQL - 
    select
        p1_0.sector,
        p1_0.id,
        p1_0.actives,
        p1_0.quantities,
        p1_0.cods,
        p1_0.images,
        p1_0.names,
        p1_0.version 
    from
        parts p1_0 
    where
        p1_0.sector=?
2025-01-03 18:34:29 [main] DEBUG org.hibernate.SQL - 
    delete 
    from
        sectors 
    where
        id=? 
        and version=?
2025-01-03 18:34:30 [main] DEBUG org.hibernate.SQL - 
    insert 
    into
        sectors
        (actives, columns, row_data, sector, shelves, version, id) 
    values
        (?, ?, ?, ?, ?, ?, default)
2025-01-03 18:34:30 [main] DEBUG org.hibernate.SQL - 
    select
        s1_0.id,
        s1_0.actives,
        s1_0.columns,
        s1_0.row_data,
        s1_0.sector,
        s1_0.shelves,
        s1_0.version 
    from
        sectors s1_0 
    where
        s1_0.id=?
2025-01-03 18:34:30 [main] DEBUG org.hibernate.SQL - 
    select
        p1_0.id 
    from
        parts p1_0 
    where
        p1_0.cods=? 
        and p1_0.names=? 
        and p1_0.sector=? 
    fetch
        first ? rows only
2025-01-03 18:34:30 [main] DEBUG org.hibernate.SQL - 
    insert 
    into
        parts
        (actives, quantities, cods, images, names, sector, version, id) 
    values
        (?, ?, ?, ?, ?, ?, ?, default)
2025-01-03 18:34:30 [main] DEBUG org.hibernate.SQL - 
    insert 
    into
        sectors
        (actives, columns, row_data, sector, shelves, version, id) 
    values
        (?, ?, ?, ?, ?, ?, default)
2025-01-03 18:34:30 [main] DEBUG org.hibernate.SQL - 
    insert 
    into
        parts
        (actives, quantities, cods, images, names, sector, version, id) 
    values
        (?, ?, ?, ?, ?, ?, ?, default)
2025-01-03 18:34:30 [main] DEBUG org.hibernate.SQL - 
    insert 
    into
        sectors
        (actives, columns, row_data, sector, shelves, version, id) 
    values
        (?, ?, ?, ?, ?, ?, default)
2025-01-03 18:34:30 [main] DEBUG org.hibernate.SQL - 
    insert 
    into
        parts
        (actives, quantities, cods, images, names, sector, version, id) 
    values
        (?, ?, ?, ?, ?, ?, ?, default)
2025-01-03 18:34:30 [main] DEBUG org.hibernate.SQL - 
    select
        p1_0.id,
        p1_0.actives,
        p1_0.quantities,
        p1_0.cods,
        p1_0.images,
        p1_0.names,
        p1_0.sector,
        p1_0.version 
    from
        parts p1_0 
    where
        upper(p1_0.names) like upper(?) escape '\' 
        and p1_0.actives 
    order by
        p1_0.id 
    fetch
        first ? rows only
2025-01-03 18:34:30 [main] DEBUG org.hibernate.SQL - 
    select
        s1_0.id,
        s1_0.actives,
        s1_0.columns,
        s1_0.row_data,
        s1_0.sector,
        s1_0.shelves,
        s1_0.version 
    from
        sectors s1_0 
    where
        s1_0.id=?
2025-01-03 18:34:30 [main] DEBUG org.hibernate.SQL - 
    select
        s1_0.id,
        s1_0.actives,
        s1_0.columns,
        s1_0.row_data,
        s1_0.sector,
        s1_0.shelves,
        s1_0.version 
    from
        sectors s1_0 
    where
        s1_0.id=?
2025-01-03 18:34:30 [main] DEBUG org.hibernate.SQL - 
    select
        p1_0.id,
        p1_0.actives,
        p1_0.quantities,
        p1_0.cods,
        p1_0.images,
        p1_0.names,
        s1_0.id,
        s1_0.actives,
        s1_0.columns,
        s1_0.row_data,
        s1_0.sector,
        s1_0.shelves,
        s1_0.version,
        p1_0.version 
    from
        parts p1_0 
    left join
        sectors s1_0 
            on s1_0.id=p1_0.sector 
    where
        p1_0.id=?
2025-01-03 18:34:30 [main] DEBUG org.hibernate.SQL - 
    delete 
    from
        parts 
    where
        id=? 
        and version=?
2025-01-03 18:34:30 [main] DEBUG org.hibernate.SQL - 
    select
        s1_0.id,
        s1_0.actives,
        s1_0.columns,
        s1_0.row_data,
        s1_0.sector,
        s1_0.shelves,
        s1_0.version 
    from
        sectors s1_0 
    where
        s1_0.id=?
2025-01-03 18:34:30 [main] DEBUG org.hibernate.SQL - 
    select
        p1_0.sector,
        p1_0.id,
        p1_0.actives,
        p1_0.quantities,
        p1_0.cods,
        p1_0.images,
        p1_0.names,
        p1_0.version 
    from
        parts p1_0 
    where
        p1_0.sector=?
2025-01-03 18:34:30 [main] DEBUG org.hibernate.SQL - 
    delete 
    from
        sectors 
    where
        id=? 
        and version=?
2025-01-03 18:34:30 [main] DEBUG org.hibernate.SQL - 
    select
        p1_0.id,
        p1_0.actives,
        p1_0.quantities,
        p1_0.cods,
        p1_0.images,
        p1_0.names,
        s1_0.id,
        s1_0.actives,
        s1_0.columns,
        s1_0.row_data,
        s1_0.sector,
        s1_0.shelves,
        s1_0.version,
        p1_0.version 
    from
        parts p1_0 
    left join
        sectors s1_0 
            on s1_0.id=p1_0.sector 
    where
        p1_0.id=?
2025-01-03 18:34:30 [main] DEBUG org.hibernate.SQL - 
    delete 
    from
        parts 
    where
        id=? 
        and version=?
2025-01-03 18:34:30 [main] DEBUG org.hibernate.SQL - 
    select
        s1_0.id,
        s1_0.actives,
        s1_0.columns,
        s1_0.row_data,
        s1_0.sector,
        s1_0.shelves,
        s1_0.version 
    from
        sectors s1_0 
    where
        s1_0.id=?
2025-01-03 18:34:30 [main] DEBUG org.hibernate.SQL - 
    select
        p1_0.sector,
        p1_0.id,
        p1_0.actives,
        p1_0.quantities,
        p1_0.cods,
        p1_0.images,
        p1_0.names,
        p1_0.version 
    from
        parts p1_0 
    where
        p1_0.sector=?
2025-01-03 18:34:30 [main] DEBUG org.hibernate.SQL - 
    delete 
    from
        sectors 
    where
        id=? 
        and version=?
2025-01-03 18:34:30 [main] DEBUG org.hibernate.SQL - 
    insert 
    into
        sectors
        (actives, columns, row_data, sector, shelves, version, id) 
    values
        (?, ?, ?, ?, ?, ?, default)
2025-01-03 18:34:30 [main] DEBUG org.hibernate.SQL - 
    insert 
    into
        parts
        (actives, quantities, cods, images, names, sector, version, id) 
    values
        (?, ?, ?, ?, ?, ?, ?, default)
2025-01-03 18:34:30 [main] DEBUG org.hibernate.SQL - 
    select
        p1_0.id,
        p1_0.actives,
        p1_0.quantities,
        p1_0.cods,
        p1_0.images,
        p1_0.names,
        p1_0.sector,
        p1_0.version 
    from
        parts p1_0 
    where
        p1_0.cods=? 
        and p1_0.actives
2025-01-03 18:34:30 [main] DEBUG org.hibernate.SQL - 
    select
        s1_0.id,
        s1_0.actives,
        s1_0.columns,
        s1_0.row_data,
        s1_0.sector,
        s1_0.shelves,
        s1_0.version 
    from
        sectors s1_0 
    where
        s1_0.id=?
2025-01-03 18:34:30 [main] DEBUG org.hibernate.SQL - 
    select
        p1_0.id,
        p1_0.actives,
        p1_0.quantities,
        p1_0.cods,
        p1_0.images,
        p1_0.names,
        s1_0.id,
        s1_0.actives,
        s1_0.columns,
        s1_0.row_data,
        s1_0.sector,
        s1_0.shelves,
        s1_0.version,
        p1_0.version 
    from
        parts p1_0 
    left join
        sectors s1_0 
            on s1_0.id=p1_0.sector 
    where
        p1_0.id=?
2025-01-03 18:34:30 [main] DEBUG org.hibernate.SQL - 
    delete 
    from
        parts 
    where
        id=? 
        and version=?
2025-01-03 18:34:30 [main] DEBUG org.hibernate.SQL - 
    select
        s1_0.id,
        s1_0.actives,
        s1_0.columns,
        s1_0.row_data,
        s1_0.sector,
        s1_0.shelves,
        s1_0.version 
    from
        sectors s1_0 
    where
        s1_0.id=?
2025-01-03 18:34:30 [main] DEBUG org.hibernate.SQL - 
    select
        p1_0.sector,
        p1_0.id,
        p1_0.actives,
        p1_0.quantities,
        p1_0.cods,
        p1_0.images,
        p1_0.names,
        p1_0.version 
    from
        parts p1_0 
    where
        p1_0.sector=?
2025-01-03 18:34:30 [main] DEBUG org.hibernate.SQL - 
    delete 
    from
        sectors 
    where
        id=? 
        and version=?
2025-01-03 18:34:30 [main] DEBUG org.hibernate.SQL - 
    insert 
    into
        sectors
        (actives, columns, row_data, sector, shelves, version, id) 
    values
        (?, ?, ?, ?, ?, ?, default)
2025-01-03 18:34:30 [main] DEBUG org.hibernate.SQL - 
    insert 
    into
        parts
        (actives, quantities, cods, images, names, sector, version, id) 
    values
        (?, ?, ?, ?, ?, ?, ?, default)
2025-01-03 18:34:30 [main] DEBUG org.hibernate.SQL - 
    select
        p1_0.id,
        p1_0.actives,
        p1_0.quantities,
        p1_0.cods,
        p1_0.images,
        p1_0.names,
        p1_0.sector,
        p1_0.version 
    from
        parts p1_0 
    where
        p1_0.cods=? 
        or upper(p1_0.names) like upper(?) escape '\' 
        and p1_0.actives 
    order by
        p1_0.id 
    fetch
        first ? rows only
2025-01-03 18:34:30 [main] DEBUG org.hibernate.SQL - 
    select
        s1_0.id,
        s1_0.actives,
        s1_0.columns,
        s1_0.row_data,
        s1_0.sector,
        s1_0.shelves,
        s1_0.version 
    from
        sectors s1_0 
    where
        s1_0.id=?
2025-01-03 18:34:30 [main] DEBUG org.hibernate.SQL - 
    select
        p1_0.id,
        p1_0.actives,
        p1_0.quantities,
        p1_0.cods,
        p1_0.images,
        p1_0.names,
        s1_0.id,
        s1_0.actives,
        s1_0.columns,
        s1_0.row_data,
        s1_0.sector,
        s1_0.shelves,
        s1_0.version,
        p1_0.version 
    from
        parts p1_0 
    left join
        sectors s1_0 
            on s1_0.id=p1_0.sector 
    where
        p1_0.id=?
2025-01-03 18:34:30 [main] DEBUG org.hibernate.SQL - 
    delete 
    from
        parts 
    where
        id=? 
        and version=?
2025-01-03 18:34:30 [main] DEBUG org.hibernate.SQL - 
    select
        s1_0.id,
        s1_0.actives,
        s1_0.columns,
        s1_0.row_data,
        s1_0.sector,
        s1_0.shelves,
        s1_0.version 
    from
        sectors s1_0 
    where
        s1_0.id=?
2025-01-03 18:34:30 [main] DEBUG org.hibernate.SQL - 
    select
        p1_0.sector,
        p1_0.id,
        p1_0.actives,
        p1_0.quantities,
        p1_0.cods,
        p1_0.images,
        p1_0.names,
        p1_0.version 
    from
        parts p1_0 
    where
        p1_0.sector=?
2025-01-03 18:34:30 [main] DEBUG org.hibernate.SQL - 
    delete 
    from
        sectors 
    where
        id=? 
        and version=?
2025-01-03 18:34:31 [main] DEBUG org.hibernate.SQL - 
    select
        s1_0.id,
        s1_0.actives,
        s1_0.columns,
        s1_0.row_data,
        s1_0.sector,
        s1_0.shelves,
        s1_0.version 
    from
        sectors s1_0 
    where
        s1_0.actives 
    order by
        s1_0.id 
    fetch
        first ? rows only
2025-01-03 18:34:31 [main] DEBUG org.hibernate.SQL - 
    select
        p1_0.sector,
        p1_0.id,
        p1_0.actives,
        p1_0.quantities,
        p1_0.cods,
        p1_0.images,
        p1_0.names,
        p1_0.version 
    from
        parts p1_0 
    where
        p1_0.sector=?
2025-01-03 18:34:31 [main] DEBUG org.hibernate.SQL - 
    select
        p1_0.sector,
        p1_0.id,
        p1_0.actives,
        p1_0.quantities,
        p1_0.cods,
        p1_0.images,
        p1_0.names,
        p1_0.version 
    from
        parts p1_0 
    where
        p1_0.sector=?
2025-01-03 18:34:31 [main] DEBUG org.hibernate.SQL - 
    insert 
    into
        sectors
        (actives, columns, row_data, sector, shelves, version, id) 
    values
        (?, ?, ?, ?, ?, ?, default)
2025-01-03 18:34:31 [main] DEBUG org.hibernate.SQL - 
    select
        s1_0.id,
        s1_0.actives,
        s1_0.columns,
        s1_0.row_data,
        s1_0.sector,
        s1_0.shelves,
        s1_0.version 
    from
        sectors s1_0 
    where
        s1_0.id=? 
        and s1_0.actives
2025-01-03 18:34:31 [main] DEBUG org.hibernate.SQL - 
    update
        sectors 
    set
        actives=?,
        columns=?,
        row_data=?,
        sector=?,
        shelves=?,
        version=? 
    where
        id=? 
        and version=?
2025-01-03 18:34:31 [main] DEBUG org.hibernate.SQL - 
    select
        s1_0.id,
        s1_0.actives,
        s1_0.columns,
        s1_0.row_data,
        s1_0.sector,
        s1_0.shelves,
        s1_0.version 
    from
        sectors s1_0 
    where
        s1_0.id=?
2025-01-03 18:34:31 [main] DEBUG org.hibernate.SQL - 
    select
        p1_0.sector,
        p1_0.id,
        p1_0.actives,
        p1_0.quantities,
        p1_0.cods,
        p1_0.images,
        p1_0.names,
        p1_0.version 
    from
        parts p1_0 
    where
        p1_0.sector=?
2025-01-03 18:34:31 [main] DEBUG org.hibernate.SQL - 
    delete 
    from
        sectors 
    where
        id=? 
        and version=?
2025-01-03 18:34:31 [main] DEBUG org.hibernate.SQL - 
    insert 
    into
        sectors
        (actives, columns, row_data, sector, shelves, version, id) 
    values
        (?, ?, ?, ?, ?, ?, default)
2025-01-03 18:34:31 [main] DEBUG org.hibernate.SQL - 
    select
        s1_0.id,
        s1_0.actives,
        s1_0.columns,
        s1_0.row_data,
        s1_0.sector,
        s1_0.shelves,
        s1_0.version 
    from
        sectors s1_0 
    where
        s1_0.id=? 
        and s1_0.actives
2025-01-03 18:34:31 [main] DEBUG org.hibernate.SQL - 
    select
        p1_0.sector,
        p1_0.id,
        p1_0.actives,
        p1_0.quantities,
        p1_0.cods,
        p1_0.images,
        p1_0.names,
        p1_0.version 
    from
        parts p1_0 
    where
        p1_0.sector=?
2025-01-03 18:34:31 [main] DEBUG org.hibernate.SQL - 
    select
        s1_0.id,
        s1_0.actives,
        s1_0.columns,
        s1_0.row_data,
        s1_0.sector,
        s1_0.shelves,
        s1_0.version 
    from
        sectors s1_0 
    where
        s1_0.id=?
2025-01-03 18:34:31 [main] DEBUG org.hibernate.SQL - 
    select
        p1_0.sector,
        p1_0.id,
        p1_0.actives,
        p1_0.quantities,
        p1_0.cods,
        p1_0.images,
        p1_0.names,
        p1_0.version 
    from
        parts p1_0 
    where
        p1_0.sector=?
2025-01-03 18:34:31 [main] DEBUG org.hibernate.SQL - 
    delete 
    from
        sectors 
    where
        id=? 
        and version=?
2025-01-03 18:34:31 [main] DEBUG org.hibernate.SQL - 
    select
        s1_0.id 
    from
        sectors s1_0 
    where
        s1_0.sector=? 
        and s1_0.shelves=? 
        and s1_0.columns=? 
        and s1_0.row_data=? 
    fetch
        first ? rows only
2025-01-03 18:34:31 [main] DEBUG org.hibernate.SQL - 
    insert 
    into
        sectors
        (actives, columns, row_data, sector, shelves, version, id) 
    values
        (?, ?, ?, ?, ?, ?, default)
2025-01-03 18:34:31 [main] DEBUG org.hibernate.SQL - 
    insert 
    into
        sectors
        (actives, columns, row_data, sector, shelves, version, id) 
    values
        (?, ?, ?, ?, ?, ?, default)
2025-01-03 18:34:31 [main] DEBUG org.hibernate.SQL - 
    select
        s1_0.id,
        s1_0.actives,
        s1_0.columns,
        s1_0.row_data,
        s1_0.sector,
        s1_0.shelves,
        s1_0.version 
    from
        sectors s1_0 
    where
        s1_0.id=? 
        and s1_0.actives
2025-01-03 18:34:31 [main] DEBUG org.hibernate.SQL - 
    select
        p1_0.sector,
        p1_0.id,
        p1_0.actives,
        p1_0.quantities,
        p1_0.cods,
        p1_0.images,
        p1_0.names,
        p1_0.version 
    from
        parts p1_0 
    where
        p1_0.sector=?
2025-01-03 18:34:31 [main] DEBUG org.hibernate.SQL - 
    select
        s1_0.id,
        s1_0.actives,
        s1_0.columns,
        s1_0.row_data,
        s1_0.sector,
        s1_0.shelves,
        s1_0.version 
    from
        sectors s1_0 
    where
        s1_0.id=?
2025-01-03 18:34:31 [main] DEBUG org.hibernate.SQL - 
    select
        p1_0.sector,
        p1_0.id,
        p1_0.actives,
        p1_0.quantities,
        p1_0.cods,
        p1_0.images,
        p1_0.names,
        p1_0.version 
    from
        parts p1_0 
    where
        p1_0.sector=?
2025-01-03 18:34:31 [main] DEBUG org.hibernate.SQL - 
    delete 
    from
        sectors 
    where
        id=? 
        and version=?
2025-01-03 18:34:34 [SpringApplicationShutdownHook] DEBUG org.hibernate.SQL - 
    drop table if exists parts cascade 
2025-01-03 18:34:34 [SpringApplicationShutdownHook] DEBUG org.hibernate.SQL - 
    drop table if exists sectors cascade 
2025-01-03 19:37:04 [main] DEBUG org.hibernate.SQL - 
    drop table if exists parts cascade 
2025-01-03 19:37:04 [main] DEBUG org.hibernate.SQL - 
    drop table if exists sectors cascade 
2025-01-03 19:37:04 [main] DEBUG org.hibernate.SQL - 
    create table parts (
        actives boolean not null,
        quantities float(53) not null,
        version integer,
        cods bigint not null,
        id bigint generated by default as identity,
        sector bigint,
        names varchar(255) not null,
        images blob not null,
        primary key (id)
    )
2025-01-03 19:37:04 [main] DEBUG org.hibernate.SQL - 
    create table sectors (
        actives boolean not null,
        version integer,
        id bigint generated by default as identity,
        columns varchar(255) not null,
        row_data varchar(255) not null,
        sector varchar(255) not null,
        shelves varchar(255) not null,
        primary key (id)
    )
2025-01-03 19:37:04 [main] DEBUG org.hibernate.SQL - 
    alter table if exists parts 
       add constraint FK44bpbjjhvt2bd6spralcvfki7 
       foreign key (sector) 
       references sectors
2025-01-03 19:37:08 [main] DEBUG org.hibernate.SQL - 
    insert 
    into
        sectors
        (actives, columns, row_data, sector, shelves, version, id) 
    values
        (?, ?, ?, ?, ?, ?, default)
2025-01-03 19:37:08 [main] DEBUG org.hibernate.SQL - 
    insert 
    into
        parts
        (actives, quantities, cods, images, names, sector, version, id) 
    values
        (?, ?, ?, ?, ?, ?, ?, default)
2025-01-03 19:37:08 [main] DEBUG org.hibernate.SQL - 
    insert 
    into
        sectors
        (actives, columns, row_data, sector, shelves, version, id) 
    values
        (?, ?, ?, ?, ?, ?, default)
2025-01-03 19:37:08 [main] DEBUG org.hibernate.SQL - 
    select
        p1_0.id,
        p1_0.actives,
        p1_0.quantities,
        p1_0.cods,
        p1_0.images,
        p1_0.names,
        s1_0.id,
        s1_0.actives,
        s1_0.columns,
        s1_0.row_data,
        s1_0.sector,
        s1_0.shelves,
        s1_0.version,
        p1_0.version 
    from
        parts p1_0 
    left join
        sectors s1_0 
            on s1_0.id=p1_0.sector 
    where
        p1_0.id=?
2025-01-03 19:37:09 [main] DEBUG org.hibernate.SQL - 
    select
        s1_0.id,
        s1_0.actives,
        s1_0.columns,
        s1_0.row_data,
        s1_0.sector,
        s1_0.shelves,
        s1_0.version 
    from
        sectors s1_0 
    where
        s1_0.id=? 
        and s1_0.actives
2025-01-03 19:37:09 [main] DEBUG org.hibernate.SQL - 
    update
        parts 
    set
        actives=?,
        quantities=?,
        cods=?,
        images=?,
        names=?,
        sector=?,
        version=? 
    where
        id=? 
        and version=?
2025-01-03 19:37:09 [main] DEBUG org.hibernate.SQL - 
    select
        p1_0.id,
        p1_0.actives,
        p1_0.quantities,
        p1_0.cods,
        p1_0.images,
        p1_0.names,
        s1_0.id,
        s1_0.actives,
        s1_0.columns,
        s1_0.row_data,
        s1_0.sector,
        s1_0.shelves,
        s1_0.version,
        p1_0.version 
    from
        parts p1_0 
    left join
        sectors s1_0 
            on s1_0.id=p1_0.sector 
    where
        p1_0.id=?
2025-01-03 19:37:09 [main] DEBUG org.hibernate.SQL - 
    delete 
    from
        parts 
    where
        id=? 
        and version=?
2025-01-03 19:37:09 [main] DEBUG org.hibernate.SQL - 
    select
        s1_0.id,
        s1_0.actives,
        s1_0.columns,
        s1_0.row_data,
        s1_0.sector,
        s1_0.shelves,
        s1_0.version 
    from
        sectors s1_0 
    where
        s1_0.id=?
2025-01-03 19:37:09 [main] DEBUG org.hibernate.SQL - 
    select
        p1_0.sector,
        p1_0.id,
        p1_0.actives,
        p1_0.quantities,
        p1_0.cods,
        p1_0.images,
        p1_0.names,
        p1_0.version 
    from
        parts p1_0 
    where
        p1_0.sector=?
2025-01-03 19:37:09 [main] DEBUG org.hibernate.SQL - 
    delete 
    from
        sectors 
    where
        id=? 
        and version=?
2025-01-03 19:37:09 [main] DEBUG org.hibernate.SQL - 
    select
        p1_0.id,
        p1_0.actives,
        p1_0.quantities,
        p1_0.cods,
        p1_0.images,
        p1_0.names,
        p1_0.sector,
        p1_0.version 
    from
        parts p1_0 
    where
        p1_0.actives 
    order by
        p1_0.id 
    fetch
        first ? rows only
2025-01-03 19:37:09 [main] DEBUG org.hibernate.SQL - 
    insert 
    into
        sectors
        (actives, columns, row_data, sector, shelves, version, id) 
    values
        (?, ?, ?, ?, ?, ?, default)
2025-01-03 19:37:09 [main] DEBUG org.hibernate.SQL - 
    insert 
    into
        parts
        (actives, quantities, cods, images, names, sector, version, id) 
    values
        (?, ?, ?, ?, ?, ?, ?, default)
2025-01-03 19:37:09 [main] DEBUG org.hibernate.SQL - 
    select
        p1_0.id,
        p1_0.actives,
        p1_0.quantities,
        p1_0.cods,
        p1_0.images,
        p1_0.names,
        s1_0.id,
        s1_0.actives,
        s1_0.columns,
        s1_0.row_data,
        s1_0.sector,
        s1_0.shelves,
        s1_0.version,
        p1_0.version 
    from
        parts p1_0 
    left join
        sectors s1_0 
            on s1_0.id=p1_0.sector 
    where
        p1_0.id=?
2025-01-03 19:37:09 [main] DEBUG org.hibernate.SQL - 
    update
        parts 
    set
        actives=?,
        quantities=?,
        cods=?,
        images=?,
        names=?,
        sector=?,
        version=? 
    where
        id=? 
        and version=?
2025-01-03 19:37:09 [main] DEBUG org.hibernate.SQL - 
    select
        p1_0.id,
        p1_0.actives,
        p1_0.quantities,
        p1_0.cods,
        p1_0.images,
        p1_0.names,
        s1_0.id,
        s1_0.actives,
        s1_0.columns,
        s1_0.row_data,
        s1_0.sector,
        s1_0.shelves,
        s1_0.version,
        p1_0.version 
    from
        parts p1_0 
    left join
        sectors s1_0 
            on s1_0.id=p1_0.sector 
    where
        p1_0.id=?
2025-01-03 19:37:09 [main] DEBUG org.hibernate.SQL - 
    delete 
    from
        parts 
    where
        id=? 
        and version=?
2025-01-03 19:37:09 [main] DEBUG org.hibernate.SQL - 
    select
        s1_0.id,
        s1_0.actives,
        s1_0.columns,
        s1_0.row_data,
        s1_0.sector,
        s1_0.shelves,
        s1_0.version 
    from
        sectors s1_0 
    where
        s1_0.id=?
2025-01-03 19:37:09 [main] DEBUG org.hibernate.SQL - 
    select
        p1_0.sector,
        p1_0.id,
        p1_0.actives,
        p1_0.quantities,
        p1_0.cods,
        p1_0.images,
        p1_0.names,
        p1_0.version 
    from
        parts p1_0 
    where
        p1_0.sector=?
2025-01-03 19:37:09 [main] DEBUG org.hibernate.SQL - 
    delete 
    from
        sectors 
    where
        id=? 
        and version=?
2025-01-03 19:37:09 [main] DEBUG org.hibernate.SQL - 
    insert 
    into
        sectors
        (actives, columns, row_data, sector, shelves, version, id) 
    values
        (?, ?, ?, ?, ?, ?, default)
2025-01-03 19:37:09 [main] DEBUG org.hibernate.SQL - 
    insert 
    into
        parts
        (actives, quantities, cods, images, names, sector, version, id) 
    values
        (?, ?, ?, ?, ?, ?, ?, default)
2025-01-03 19:37:09 [main] DEBUG org.hibernate.SQL - 
    select
        p1_0.id,
        p1_0.actives,
        p1_0.quantities,
        p1_0.cods,
        p1_0.images,
        p1_0.names,
        p1_0.sector,
        p1_0.version 
    from
        parts p1_0 
    where
        p1_0.id=? 
        and p1_0.actives
2025-01-03 19:37:09 [main] DEBUG org.hibernate.SQL - 
    select
        s1_0.id,
        s1_0.actives,
        s1_0.columns,
        s1_0.row_data,
        s1_0.sector,
        s1_0.shelves,
        s1_0.version 
    from
        sectors s1_0 
    where
        s1_0.id=?
2025-01-03 19:37:09 [main] DEBUG org.hibernate.SQL - 
    select
        p1_0.id,
        p1_0.actives,
        p1_0.quantities,
        p1_0.cods,
        p1_0.images,
        p1_0.names,
        s1_0.id,
        s1_0.actives,
        s1_0.columns,
        s1_0.row_data,
        s1_0.sector,
        s1_0.shelves,
        s1_0.version,
        p1_0.version 
    from
        parts p1_0 
    left join
        sectors s1_0 
            on s1_0.id=p1_0.sector 
    where
        p1_0.id=?
2025-01-03 19:37:09 [main] DEBUG org.hibernate.SQL - 
    delete 
    from
        parts 
    where
        id=? 
        and version=?
2025-01-03 19:37:09 [main] DEBUG org.hibernate.SQL - 
    select
        s1_0.id,
        s1_0.actives,
        s1_0.columns,
        s1_0.row_data,
        s1_0.sector,
        s1_0.shelves,
        s1_0.version 
    from
        sectors s1_0 
    where
        s1_0.id=?
2025-01-03 19:37:09 [main] DEBUG org.hibernate.SQL - 
    select
        p1_0.sector,
        p1_0.id,
        p1_0.actives,
        p1_0.quantities,
        p1_0.cods,
        p1_0.images,
        p1_0.names,
        p1_0.version 
    from
        parts p1_0 
    where
        p1_0.sector=?
2025-01-03 19:37:09 [main] DEBUG org.hibernate.SQL - 
    delete 
    from
        sectors 
    where
        id=? 
        and version=?
2025-01-03 19:37:09 [main] DEBUG org.hibernate.SQL - 
    insert 
    into
        sectors
        (actives, columns, row_data, sector, shelves, version, id) 
    values
        (?, ?, ?, ?, ?, ?, default)
2025-01-03 19:37:09 [main] DEBUG org.hibernate.SQL - 
    select
        s1_0.id,
        s1_0.actives,
        s1_0.columns,
        s1_0.row_data,
        s1_0.sector,
        s1_0.shelves,
        s1_0.version 
    from
        sectors s1_0 
    where
        s1_0.id=?
2025-01-03 19:37:09 [main] DEBUG org.hibernate.SQL - 
    select
        p1_0.id 
    from
        parts p1_0 
    where
        p1_0.cods=? 
        and p1_0.names=? 
        and p1_0.sector=? 
    fetch
        first ? rows only
2025-01-03 19:37:10 [main] DEBUG org.hibernate.SQL - 
    insert 
    into
        parts
        (actives, quantities, cods, images, names, sector, version, id) 
    values
        (?, ?, ?, ?, ?, ?, ?, default)
2025-01-03 19:37:10 [main] DEBUG org.hibernate.SQL - 
    select
        s1_0.id,
        s1_0.actives,
        s1_0.columns,
        s1_0.row_data,
        s1_0.sector,
        s1_0.shelves,
        s1_0.version 
    from
        sectors s1_0 
    where
        s1_0.id=?
2025-01-03 19:37:10 [main] DEBUG org.hibernate.SQL - 
    select
        p1_0.sector,
        p1_0.id,
        p1_0.actives,
        p1_0.quantities,
        p1_0.cods,
        p1_0.images,
        p1_0.names,
        p1_0.version 
    from
        parts p1_0 
    where
        p1_0.sector=?
2025-01-03 19:37:10 [main] DEBUG org.hibernate.SQL - 
    delete 
    from
        parts 
    where
        id=? 
        and version=?
2025-01-03 19:37:10 [main] DEBUG org.hibernate.SQL - 
    delete 
    from
        sectors 
    where
        id=? 
        and version=?
2025-01-03 19:37:10 [main] DEBUG org.hibernate.SQL - 
    insert 
    into
        sectors
        (actives, columns, row_data, sector, shelves, version, id) 
    values
        (?, ?, ?, ?, ?, ?, default)
2025-01-03 19:37:10 [main] DEBUG org.hibernate.SQL - 
    insert 
    into
        parts
        (actives, quantities, cods, images, names, sector, version, id) 
    values
        (?, ?, ?, ?, ?, ?, ?, default)
2025-01-03 19:37:10 [main] DEBUG org.hibernate.SQL - 
    insert 
    into
        sectors
        (actives, columns, row_data, sector, shelves, version, id) 
    values
        (?, ?, ?, ?, ?, ?, default)
2025-01-03 19:37:10 [main] DEBUG org.hibernate.SQL - 
    insert 
    into
        parts
        (actives, quantities, cods, images, names, sector, version, id) 
    values
        (?, ?, ?, ?, ?, ?, ?, default)
2025-01-03 19:37:10 [main] DEBUG org.hibernate.SQL - 
    select
        p1_0.id,
        p1_0.actives,
        p1_0.quantities,
        p1_0.cods,
        p1_0.images,
        p1_0.names,
        p1_0.sector,
        p1_0.version 
    from
        parts p1_0 
    where
        upper(p1_0.names) like upper(?) escape '\' 
        and p1_0.actives 
    order by
        p1_0.id 
    fetch
        first ? rows only
2025-01-03 19:37:10 [main] DEBUG org.hibernate.SQL - 
    select
        s1_0.id,
        s1_0.actives,
        s1_0.columns,
        s1_0.row_data,
        s1_0.sector,
        s1_0.shelves,
        s1_0.version 
    from
        sectors s1_0 
    where
        s1_0.id=?
2025-01-03 19:37:10 [main] DEBUG org.hibernate.SQL - 
    select
        s1_0.id,
        s1_0.actives,
        s1_0.columns,
        s1_0.row_data,
        s1_0.sector,
        s1_0.shelves,
        s1_0.version 
    from
        sectors s1_0 
    where
        s1_0.id=?
2025-01-03 19:37:10 [main] DEBUG org.hibernate.SQL - 
    select
        p1_0.id,
        p1_0.actives,
        p1_0.quantities,
        p1_0.cods,
        p1_0.images,
        p1_0.names,
        s1_0.id,
        s1_0.actives,
        s1_0.columns,
        s1_0.row_data,
        s1_0.sector,
        s1_0.shelves,
        s1_0.version,
        p1_0.version 
    from
        parts p1_0 
    left join
        sectors s1_0 
            on s1_0.id=p1_0.sector 
    where
        p1_0.id=?
2025-01-03 19:37:10 [main] DEBUG org.hibernate.SQL - 
    delete 
    from
        parts 
    where
        id=? 
        and version=?
2025-01-03 19:37:10 [main] DEBUG org.hibernate.SQL - 
    select
        s1_0.id,
        s1_0.actives,
        s1_0.columns,
        s1_0.row_data,
        s1_0.sector,
        s1_0.shelves,
        s1_0.version 
    from
        sectors s1_0 
    where
        s1_0.id=?
2025-01-03 19:37:10 [main] DEBUG org.hibernate.SQL - 
    select
        p1_0.sector,
        p1_0.id,
        p1_0.actives,
        p1_0.quantities,
        p1_0.cods,
        p1_0.images,
        p1_0.names,
        p1_0.version 
    from
        parts p1_0 
    where
        p1_0.sector=?
2025-01-03 19:37:10 [main] DEBUG org.hibernate.SQL - 
    delete 
    from
        sectors 
    where
        id=? 
        and version=?
2025-01-03 19:37:10 [main] DEBUG org.hibernate.SQL - 
    select
        p1_0.id,
        p1_0.actives,
        p1_0.quantities,
        p1_0.cods,
        p1_0.images,
        p1_0.names,
        s1_0.id,
        s1_0.actives,
        s1_0.columns,
        s1_0.row_data,
        s1_0.sector,
        s1_0.shelves,
        s1_0.version,
        p1_0.version 
    from
        parts p1_0 
    left join
        sectors s1_0 
            on s1_0.id=p1_0.sector 
    where
        p1_0.id=?
2025-01-03 19:37:10 [main] DEBUG org.hibernate.SQL - 
    delete 
    from
        parts 
    where
        id=? 
        and version=?
2025-01-03 19:37:10 [main] DEBUG org.hibernate.SQL - 
    select
        s1_0.id,
        s1_0.actives,
        s1_0.columns,
        s1_0.row_data,
        s1_0.sector,
        s1_0.shelves,
        s1_0.version 
    from
        sectors s1_0 
    where
        s1_0.id=?
2025-01-03 19:37:10 [main] DEBUG org.hibernate.SQL - 
    select
        p1_0.sector,
        p1_0.id,
        p1_0.actives,
        p1_0.quantities,
        p1_0.cods,
        p1_0.images,
        p1_0.names,
        p1_0.version 
    from
        parts p1_0 
    where
        p1_0.sector=?
2025-01-03 19:37:10 [main] DEBUG org.hibernate.SQL - 
    delete 
    from
        sectors 
    where
        id=? 
        and version=?
2025-01-03 19:37:10 [main] DEBUG org.hibernate.SQL - 
    insert 
    into
        sectors
        (actives, columns, row_data, sector, shelves, version, id) 
    values
        (?, ?, ?, ?, ?, ?, default)
2025-01-03 19:37:10 [main] DEBUG org.hibernate.SQL - 
    insert 
    into
        parts
        (actives, quantities, cods, images, names, sector, version, id) 
    values
        (?, ?, ?, ?, ?, ?, ?, default)
2025-01-03 19:37:10 [main] DEBUG org.hibernate.SQL - 
    select
        p1_0.id,
        p1_0.actives,
        p1_0.quantities,
        p1_0.cods,
        p1_0.images,
        p1_0.names,
        p1_0.sector,
        p1_0.version 
    from
        parts p1_0 
    where
        p1_0.cods=? 
        and p1_0.actives
2025-01-03 19:37:10 [main] DEBUG org.hibernate.SQL - 
    select
        s1_0.id,
        s1_0.actives,
        s1_0.columns,
        s1_0.row_data,
        s1_0.sector,
        s1_0.shelves,
        s1_0.version 
    from
        sectors s1_0 
    where
        s1_0.id=?
2025-01-03 19:37:10 [main] DEBUG org.hibernate.SQL - 
    select
        p1_0.id,
        p1_0.actives,
        p1_0.quantities,
        p1_0.cods,
        p1_0.images,
        p1_0.names,
        s1_0.id,
        s1_0.actives,
        s1_0.columns,
        s1_0.row_data,
        s1_0.sector,
        s1_0.shelves,
        s1_0.version,
        p1_0.version 
    from
        parts p1_0 
    left join
        sectors s1_0 
            on s1_0.id=p1_0.sector 
    where
        p1_0.id=?
2025-01-03 19:37:10 [main] DEBUG org.hibernate.SQL - 
    delete 
    from
        parts 
    where
        id=? 
        and version=?
2025-01-03 19:37:10 [main] DEBUG org.hibernate.SQL - 
    select
        s1_0.id,
        s1_0.actives,
        s1_0.columns,
        s1_0.row_data,
        s1_0.sector,
        s1_0.shelves,
        s1_0.version 
    from
        sectors s1_0 
    where
        s1_0.id=?
2025-01-03 19:37:10 [main] DEBUG org.hibernate.SQL - 
    select
        p1_0.sector,
        p1_0.id,
        p1_0.actives,
        p1_0.quantities,
        p1_0.cods,
        p1_0.images,
        p1_0.names,
        p1_0.version 
    from
        parts p1_0 
    where
        p1_0.sector=?
2025-01-03 19:37:10 [main] DEBUG org.hibernate.SQL - 
    delete 
    from
        sectors 
    where
        id=? 
        and version=?
2025-01-03 19:37:10 [main] DEBUG org.hibernate.SQL - 
    insert 
    into
        sectors
        (actives, columns, row_data, sector, shelves, version, id) 
    values
        (?, ?, ?, ?, ?, ?, default)
2025-01-03 19:37:10 [main] DEBUG org.hibernate.SQL - 
    insert 
    into
        parts
        (actives, quantities, cods, images, names, sector, version, id) 
    values
        (?, ?, ?, ?, ?, ?, ?, default)
2025-01-03 19:37:10 [main] DEBUG org.hibernate.SQL - 
    select
        p1_0.id,
        p1_0.actives,
        p1_0.quantities,
        p1_0.cods,
        p1_0.images,
        p1_0.names,
        p1_0.sector,
        p1_0.version 
    from
        parts p1_0 
    where
        p1_0.cods=? 
        or upper(p1_0.names) like upper(?) escape '\' 
        and p1_0.actives 
    order by
        p1_0.id 
    fetch
        first ? rows only
2025-01-03 19:37:10 [main] DEBUG org.hibernate.SQL - 
    select
        s1_0.id,
        s1_0.actives,
        s1_0.columns,
        s1_0.row_data,
        s1_0.sector,
        s1_0.shelves,
        s1_0.version 
    from
        sectors s1_0 
    where
        s1_0.id=?
2025-01-03 19:37:10 [main] DEBUG org.hibernate.SQL - 
    select
        p1_0.id,
        p1_0.actives,
        p1_0.quantities,
        p1_0.cods,
        p1_0.images,
        p1_0.names,
        s1_0.id,
        s1_0.actives,
        s1_0.columns,
        s1_0.row_data,
        s1_0.sector,
        s1_0.shelves,
        s1_0.version,
        p1_0.version 
    from
        parts p1_0 
    left join
        sectors s1_0 
            on s1_0.id=p1_0.sector 
    where
        p1_0.id=?
2025-01-03 19:37:10 [main] DEBUG org.hibernate.SQL - 
    delete 
    from
        parts 
    where
        id=? 
        and version=?
2025-01-03 19:37:10 [main] DEBUG org.hibernate.SQL - 
    select
        s1_0.id,
        s1_0.actives,
        s1_0.columns,
        s1_0.row_data,
        s1_0.sector,
        s1_0.shelves,
        s1_0.version 
    from
        sectors s1_0 
    where
        s1_0.id=?
2025-01-03 19:37:10 [main] DEBUG org.hibernate.SQL - 
    select
        p1_0.sector,
        p1_0.id,
        p1_0.actives,
        p1_0.quantities,
        p1_0.cods,
        p1_0.images,
        p1_0.names,
        p1_0.version 
    from
        parts p1_0 
    where
        p1_0.sector=?
2025-01-03 19:37:10 [main] DEBUG org.hibernate.SQL - 
    delete 
    from
        sectors 
    where
        id=? 
        and version=?
2025-01-03 19:37:10 [main] DEBUG org.hibernate.SQL - 
    select
        s1_0.id,
        s1_0.actives,
        s1_0.columns,
        s1_0.row_data,
        s1_0.sector,
        s1_0.shelves,
        s1_0.version 
    from
        sectors s1_0 
    where
        s1_0.actives 
    order by
        s1_0.id 
    fetch
        first ? rows only
2025-01-03 19:37:10 [main] DEBUG org.hibernate.SQL - 
    select
        p1_0.sector,
        p1_0.id,
        p1_0.actives,
        p1_0.quantities,
        p1_0.cods,
        p1_0.images,
        p1_0.names,
        p1_0.version 
    from
        parts p1_0 
    where
        p1_0.sector=?
2025-01-03 19:37:10 [main] DEBUG org.hibernate.SQL - 
    insert 
    into
        sectors
        (actives, columns, row_data, sector, shelves, version, id) 
    values
        (?, ?, ?, ?, ?, ?, default)
2025-01-03 19:37:10 [main] DEBUG org.hibernate.SQL - 
    select
        s1_0.id,
        s1_0.actives,
        s1_0.columns,
        s1_0.row_data,
        s1_0.sector,
        s1_0.shelves,
        s1_0.version 
    from
        sectors s1_0 
    where
        s1_0.id=? 
        and s1_0.actives
2025-01-03 19:37:10 [main] DEBUG org.hibernate.SQL - 
    update
        sectors 
    set
        actives=?,
        columns=?,
        row_data=?,
        sector=?,
        shelves=?,
        version=? 
    where
        id=? 
        and version=?
2025-01-03 19:37:10 [main] DEBUG org.hibernate.SQL - 
    select
        s1_0.id,
        s1_0.actives,
        s1_0.columns,
        s1_0.row_data,
        s1_0.sector,
        s1_0.shelves,
        s1_0.version 
    from
        sectors s1_0 
    where
        s1_0.id=?
2025-01-03 19:37:10 [main] DEBUG org.hibernate.SQL - 
    select
        p1_0.sector,
        p1_0.id,
        p1_0.actives,
        p1_0.quantities,
        p1_0.cods,
        p1_0.images,
        p1_0.names,
        p1_0.version 
    from
        parts p1_0 
    where
        p1_0.sector=?
2025-01-03 19:37:10 [main] DEBUG org.hibernate.SQL - 
    delete 
    from
        sectors 
    where
        id=? 
        and version=?
2025-01-03 19:37:10 [main] DEBUG org.hibernate.SQL - 
    insert 
    into
        sectors
        (actives, columns, row_data, sector, shelves, version, id) 
    values
        (?, ?, ?, ?, ?, ?, default)
2025-01-03 19:37:10 [main] DEBUG org.hibernate.SQL - 
    select
        s1_0.id,
        s1_0.actives,
        s1_0.columns,
        s1_0.row_data,
        s1_0.sector,
        s1_0.shelves,
        s1_0.version 
    from
        sectors s1_0 
    where
        s1_0.id=? 
        and s1_0.actives
2025-01-03 19:37:10 [main] DEBUG org.hibernate.SQL - 
    select
        p1_0.sector,
        p1_0.id,
        p1_0.actives,
        p1_0.quantities,
        p1_0.cods,
        p1_0.images,
        p1_0.names,
        p1_0.version 
    from
        parts p1_0 
    where
        p1_0.sector=?
2025-01-03 19:37:10 [main] DEBUG org.hibernate.SQL - 
    select
        s1_0.id,
        s1_0.actives,
        s1_0.columns,
        s1_0.row_data,
        s1_0.sector,
        s1_0.shelves,
        s1_0.version 
    from
        sectors s1_0 
    where
        s1_0.id=?
2025-01-03 19:37:10 [main] DEBUG org.hibernate.SQL - 
    select
        p1_0.sector,
        p1_0.id,
        p1_0.actives,
        p1_0.quantities,
        p1_0.cods,
        p1_0.images,
        p1_0.names,
        p1_0.version 
    from
        parts p1_0 
    where
        p1_0.sector=?
2025-01-03 19:37:10 [main] DEBUG org.hibernate.SQL - 
    delete 
    from
        sectors 
    where
        id=? 
        and version=?
2025-01-03 19:37:10 [main] DEBUG org.hibernate.SQL - 
    select
        s1_0.id 
    from
        sectors s1_0 
    where
        s1_0.sector=? 
        and s1_0.shelves=? 
        and s1_0.columns=? 
        and s1_0.row_data=? 
    fetch
        first ? rows only
2025-01-03 19:37:10 [main] DEBUG org.hibernate.SQL - 
    insert 
    into
        sectors
        (actives, columns, row_data, sector, shelves, version, id) 
    values
        (?, ?, ?, ?, ?, ?, default)
2025-01-03 19:37:10 [main] DEBUG org.hibernate.SQL - 
    insert 
    into
        sectors
        (actives, columns, row_data, sector, shelves, version, id) 
    values
        (?, ?, ?, ?, ?, ?, default)
2025-01-03 19:37:10 [main] DEBUG org.hibernate.SQL - 
    select
        s1_0.id,
        s1_0.actives,
        s1_0.columns,
        s1_0.row_data,
        s1_0.sector,
        s1_0.shelves,
        s1_0.version 
    from
        sectors s1_0 
    where
        s1_0.id=? 
        and s1_0.actives
2025-01-03 19:37:10 [main] DEBUG org.hibernate.SQL - 
    select
        p1_0.sector,
        p1_0.id,
        p1_0.actives,
        p1_0.quantities,
        p1_0.cods,
        p1_0.images,
        p1_0.names,
        p1_0.version 
    from
        parts p1_0 
    where
        p1_0.sector=?
2025-01-03 19:37:10 [main] DEBUG org.hibernate.SQL - 
    select
        s1_0.id,
        s1_0.actives,
        s1_0.columns,
        s1_0.row_data,
        s1_0.sector,
        s1_0.shelves,
        s1_0.version 
    from
        sectors s1_0 
    where
        s1_0.id=?
2025-01-03 19:37:10 [main] DEBUG org.hibernate.SQL - 
    select
        p1_0.sector,
        p1_0.id,
        p1_0.actives,
        p1_0.quantities,
        p1_0.cods,
        p1_0.images,
        p1_0.names,
        p1_0.version 
    from
        parts p1_0 
    where
        p1_0.sector=?
2025-01-03 19:37:10 [main] DEBUG org.hibernate.SQL - 
    delete 
    from
        sectors 
    where
        id=? 
        and version=?
2025-01-03 19:37:14 [SpringApplicationShutdownHook] DEBUG org.hibernate.SQL - 
    drop table if exists parts cascade 
2025-01-03 19:37:14 [SpringApplicationShutdownHook] DEBUG org.hibernate.SQL - 
    drop table if exists sectors cascade 
2025-01-03 19:41:23 [main] DEBUG org.hibernate.SQL - 
    drop table if exists parts cascade 
2025-01-03 19:41:23 [main] DEBUG org.hibernate.SQL - 
    drop table if exists sectors cascade 
2025-01-03 19:41:23 [main] DEBUG org.hibernate.SQL - 
    create table parts (
        actives boolean not null,
        quantities float(53) not null,
        version integer,
        cods bigint not null,
        id bigint generated by default as identity,
        sector bigint,
        names varchar(255) not null,
        images blob not null,
        primary key (id)
    )
2025-01-03 19:41:23 [main] DEBUG org.hibernate.SQL - 
    create table sectors (
        actives boolean not null,
        version integer,
        id bigint generated by default as identity,
        columns varchar(255) not null,
        row_data varchar(255) not null,
        sector varchar(255) not null,
        shelves varchar(255) not null,
        primary key (id)
    )
2025-01-03 19:41:23 [main] DEBUG org.hibernate.SQL - 
    alter table if exists parts 
       add constraint FK44bpbjjhvt2bd6spralcvfki7 
       foreign key (sector) 
       references sectors
2025-01-03 19:41:27 [SpringApplicationShutdownHook] DEBUG org.hibernate.SQL - 
    drop table if exists parts cascade 
2025-01-03 19:41:27 [SpringApplicationShutdownHook] DEBUG org.hibernate.SQL - 
    drop table if exists sectors cascade 
2025-01-03 19:41:48 [main] DEBUG org.hibernate.SQL - 
    drop table if exists parts cascade 
2025-01-03 19:41:48 [main] DEBUG org.hibernate.SQL - 
    drop table if exists sectors cascade 
2025-01-03 19:41:48 [main] DEBUG org.hibernate.SQL - 
    create table parts (
        actives boolean not null,
        quantities float(53) not null,
        version integer,
        cods bigint not null,
        id bigint generated by default as identity,
        sector bigint,
        names varchar(255) not null,
        images blob not null,
        primary key (id)
    )
2025-01-03 19:41:48 [main] DEBUG org.hibernate.SQL - 
    create table sectors (
        actives boolean not null,
        version integer,
        id bigint generated by default as identity,
        columns varchar(255) not null,
        row_data varchar(255) not null,
        sector varchar(255) not null,
        shelves varchar(255) not null,
        primary key (id)
    )
2025-01-03 19:41:48 [main] DEBUG org.hibernate.SQL - 
    alter table if exists parts 
       add constraint FK44bpbjjhvt2bd6spralcvfki7 
       foreign key (sector) 
       references sectors
2025-01-03 19:41:54 [main] DEBUG org.hibernate.SQL - 
    insert 
    into
        sectors
        (actives, columns, row_data, sector, shelves, version, id) 
    values
        (?, ?, ?, ?, ?, ?, default)
2025-01-03 19:41:55 [main] DEBUG org.hibernate.SQL - 
    insert 
    into
        parts
        (actives, quantities, cods, images, names, sector, version, id) 
    values
        (?, ?, ?, ?, ?, ?, ?, default)
2025-01-03 19:41:55 [main] DEBUG org.hibernate.SQL - 
    insert 
    into
        sectors
        (actives, columns, row_data, sector, shelves, version, id) 
    values
        (?, ?, ?, ?, ?, ?, default)
2025-01-03 19:41:55 [main] DEBUG org.hibernate.SQL - 
    select
        p1_0.id,
        p1_0.actives,
        p1_0.quantities,
        p1_0.cods,
        p1_0.images,
        p1_0.names,
        s1_0.id,
        s1_0.actives,
        s1_0.columns,
        s1_0.row_data,
        s1_0.sector,
        s1_0.shelves,
        s1_0.version,
        p1_0.version 
    from
        parts p1_0 
    left join
        sectors s1_0 
            on s1_0.id=p1_0.sector 
    where
        p1_0.id=?
2025-01-03 19:41:55 [main] DEBUG org.hibernate.SQL - 
    select
        s1_0.id,
        s1_0.actives,
        s1_0.columns,
        s1_0.row_data,
        s1_0.sector,
        s1_0.shelves,
        s1_0.version 
    from
        sectors s1_0 
    where
        s1_0.id=? 
        and s1_0.actives
2025-01-03 19:41:55 [main] DEBUG org.hibernate.SQL - 
    update
        parts 
    set
        actives=?,
        quantities=?,
        cods=?,
        images=?,
        names=?,
        sector=?,
        version=? 
    where
        id=? 
        and version=?
2025-01-03 19:41:55 [main] DEBUG org.hibernate.SQL - 
    select
        p1_0.id,
        p1_0.actives,
        p1_0.quantities,
        p1_0.cods,
        p1_0.images,
        p1_0.names,
        s1_0.id,
        s1_0.actives,
        s1_0.columns,
        s1_0.row_data,
        s1_0.sector,
        s1_0.shelves,
        s1_0.version,
        p1_0.version 
    from
        parts p1_0 
    left join
        sectors s1_0 
            on s1_0.id=p1_0.sector 
    where
        p1_0.id=?
2025-01-03 19:41:55 [main] DEBUG org.hibernate.SQL - 
    delete 
    from
        parts 
    where
        id=? 
        and version=?
2025-01-03 19:41:55 [main] DEBUG org.hibernate.SQL - 
    select
        s1_0.id,
        s1_0.actives,
        s1_0.columns,
        s1_0.row_data,
        s1_0.sector,
        s1_0.shelves,
        s1_0.version 
    from
        sectors s1_0 
    where
        s1_0.id=?
2025-01-03 19:41:55 [main] DEBUG org.hibernate.SQL - 
    select
        p1_0.sector,
        p1_0.id,
        p1_0.actives,
        p1_0.quantities,
        p1_0.cods,
        p1_0.images,
        p1_0.names,
        p1_0.version 
    from
        parts p1_0 
    where
        p1_0.sector=?
2025-01-03 19:41:55 [main] DEBUG org.hibernate.SQL - 
    delete 
    from
        sectors 
    where
        id=? 
        and version=?
2025-01-03 19:41:55 [main] DEBUG org.hibernate.SQL - 
    select
        p1_0.id,
        p1_0.actives,
        p1_0.quantities,
        p1_0.cods,
        p1_0.images,
        p1_0.names,
        p1_0.sector,
        p1_0.version 
    from
        parts p1_0 
    where
        p1_0.actives 
    order by
        p1_0.id 
    fetch
        first ? rows only
2025-01-03 19:41:56 [main] DEBUG org.hibernate.SQL - 
    insert 
    into
        sectors
        (actives, columns, row_data, sector, shelves, version, id) 
    values
        (?, ?, ?, ?, ?, ?, default)
2025-01-03 19:41:56 [main] DEBUG org.hibernate.SQL - 
    insert 
    into
        parts
        (actives, quantities, cods, images, names, sector, version, id) 
    values
        (?, ?, ?, ?, ?, ?, ?, default)
2025-01-03 19:41:56 [main] DEBUG org.hibernate.SQL - 
    select
        p1_0.id,
        p1_0.actives,
        p1_0.quantities,
        p1_0.cods,
        p1_0.images,
        p1_0.names,
        s1_0.id,
        s1_0.actives,
        s1_0.columns,
        s1_0.row_data,
        s1_0.sector,
        s1_0.shelves,
        s1_0.version,
        p1_0.version 
    from
        parts p1_0 
    left join
        sectors s1_0 
            on s1_0.id=p1_0.sector 
    where
        p1_0.id=?
2025-01-03 19:41:56 [main] DEBUG org.hibernate.SQL - 
    update
        parts 
    set
        actives=?,
        quantities=?,
        cods=?,
        images=?,
        names=?,
        sector=?,
        version=? 
    where
        id=? 
        and version=?
2025-01-03 19:41:56 [main] DEBUG org.hibernate.SQL - 
    select
        p1_0.id,
        p1_0.actives,
        p1_0.quantities,
        p1_0.cods,
        p1_0.images,
        p1_0.names,
        s1_0.id,
        s1_0.actives,
        s1_0.columns,
        s1_0.row_data,
        s1_0.sector,
        s1_0.shelves,
        s1_0.version,
        p1_0.version 
    from
        parts p1_0 
    left join
        sectors s1_0 
            on s1_0.id=p1_0.sector 
    where
        p1_0.id=?
2025-01-03 19:41:56 [main] DEBUG org.hibernate.SQL - 
    delete 
    from
        parts 
    where
        id=? 
        and version=?
2025-01-03 19:41:56 [main] DEBUG org.hibernate.SQL - 
    select
        s1_0.id,
        s1_0.actives,
        s1_0.columns,
        s1_0.row_data,
        s1_0.sector,
        s1_0.shelves,
        s1_0.version 
    from
        sectors s1_0 
    where
        s1_0.id=?
2025-01-03 19:41:56 [main] DEBUG org.hibernate.SQL - 
    select
        p1_0.sector,
        p1_0.id,
        p1_0.actives,
        p1_0.quantities,
        p1_0.cods,
        p1_0.images,
        p1_0.names,
        p1_0.version 
    from
        parts p1_0 
    where
        p1_0.sector=?
2025-01-03 19:41:56 [main] DEBUG org.hibernate.SQL - 
    delete 
    from
        sectors 
    where
        id=? 
        and version=?
2025-01-03 19:41:56 [main] DEBUG org.hibernate.SQL - 
    insert 
    into
        sectors
        (actives, columns, row_data, sector, shelves, version, id) 
    values
        (?, ?, ?, ?, ?, ?, default)
2025-01-03 19:41:56 [main] DEBUG org.hibernate.SQL - 
    insert 
    into
        parts
        (actives, quantities, cods, images, names, sector, version, id) 
    values
        (?, ?, ?, ?, ?, ?, ?, default)
2025-01-03 19:41:56 [main] DEBUG org.hibernate.SQL - 
    select
        p1_0.id,
        p1_0.actives,
        p1_0.quantities,
        p1_0.cods,
        p1_0.images,
        p1_0.names,
        p1_0.sector,
        p1_0.version 
    from
        parts p1_0 
    where
        p1_0.id=? 
        and p1_0.actives
2025-01-03 19:41:56 [main] DEBUG org.hibernate.SQL - 
    select
        s1_0.id,
        s1_0.actives,
        s1_0.columns,
        s1_0.row_data,
        s1_0.sector,
        s1_0.shelves,
        s1_0.version 
    from
        sectors s1_0 
    where
        s1_0.id=?
2025-01-03 19:41:56 [main] DEBUG org.hibernate.SQL - 
    select
        p1_0.id,
        p1_0.actives,
        p1_0.quantities,
        p1_0.cods,
        p1_0.images,
        p1_0.names,
        s1_0.id,
        s1_0.actives,
        s1_0.columns,
        s1_0.row_data,
        s1_0.sector,
        s1_0.shelves,
        s1_0.version,
        p1_0.version 
    from
        parts p1_0 
    left join
        sectors s1_0 
            on s1_0.id=p1_0.sector 
    where
        p1_0.id=?
2025-01-03 19:41:56 [main] DEBUG org.hibernate.SQL - 
    delete 
    from
        parts 
    where
        id=? 
        and version=?
2025-01-03 19:41:56 [main] DEBUG org.hibernate.SQL - 
    select
        s1_0.id,
        s1_0.actives,
        s1_0.columns,
        s1_0.row_data,
        s1_0.sector,
        s1_0.shelves,
        s1_0.version 
    from
        sectors s1_0 
    where
        s1_0.id=?
2025-01-03 19:41:56 [main] DEBUG org.hibernate.SQL - 
    select
        p1_0.sector,
        p1_0.id,
        p1_0.actives,
        p1_0.quantities,
        p1_0.cods,
        p1_0.images,
        p1_0.names,
        p1_0.version 
    from
        parts p1_0 
    where
        p1_0.sector=?
2025-01-03 19:41:56 [main] DEBUG org.hibernate.SQL - 
    delete 
    from
        sectors 
    where
        id=? 
        and version=?
2025-01-03 19:41:56 [main] DEBUG org.hibernate.SQL - 
    insert 
    into
        sectors
        (actives, columns, row_data, sector, shelves, version, id) 
    values
        (?, ?, ?, ?, ?, ?, default)
2025-01-03 19:41:56 [main] DEBUG org.hibernate.SQL - 
    select
        s1_0.id,
        s1_0.actives,
        s1_0.columns,
        s1_0.row_data,
        s1_0.sector,
        s1_0.shelves,
        s1_0.version 
    from
        sectors s1_0 
    where
        s1_0.id=?
2025-01-03 19:41:56 [main] DEBUG org.hibernate.SQL - 
    select
        p1_0.id 
    from
        parts p1_0 
    where
        p1_0.cods=? 
        and p1_0.names=? 
        and p1_0.sector=? 
    fetch
        first ? rows only
2025-01-03 19:41:56 [main] DEBUG org.hibernate.SQL - 
    insert 
    into
        parts
        (actives, quantities, cods, images, names, sector, version, id) 
    values
        (?, ?, ?, ?, ?, ?, ?, default)
2025-01-03 19:41:56 [main] DEBUG org.hibernate.SQL - 
    select
        s1_0.id,
        s1_0.actives,
        s1_0.columns,
        s1_0.row_data,
        s1_0.sector,
        s1_0.shelves,
        s1_0.version 
    from
        sectors s1_0 
    where
        s1_0.id=?
2025-01-03 19:41:56 [main] DEBUG org.hibernate.SQL - 
    select
        p1_0.sector,
        p1_0.id,
        p1_0.actives,
        p1_0.quantities,
        p1_0.cods,
        p1_0.images,
        p1_0.names,
        p1_0.version 
    from
        parts p1_0 
    where
        p1_0.sector=?
2025-01-03 19:41:56 [main] DEBUG org.hibernate.SQL - 
    delete 
    from
        parts 
    where
        id=? 
        and version=?
2025-01-03 19:41:56 [main] DEBUG org.hibernate.SQL - 
    delete 
    from
        sectors 
    where
        id=? 
        and version=?
2025-01-03 19:41:56 [main] DEBUG org.hibernate.SQL - 
    insert 
    into
        sectors
        (actives, columns, row_data, sector, shelves, version, id) 
    values
        (?, ?, ?, ?, ?, ?, default)
2025-01-03 19:41:56 [main] DEBUG org.hibernate.SQL - 
    insert 
    into
        parts
        (actives, quantities, cods, images, names, sector, version, id) 
    values
        (?, ?, ?, ?, ?, ?, ?, default)
2025-01-03 19:41:56 [main] DEBUG org.hibernate.SQL - 
    insert 
    into
        sectors
        (actives, columns, row_data, sector, shelves, version, id) 
    values
        (?, ?, ?, ?, ?, ?, default)
2025-01-03 19:41:56 [main] DEBUG org.hibernate.SQL - 
    insert 
    into
        parts
        (actives, quantities, cods, images, names, sector, version, id) 
    values
        (?, ?, ?, ?, ?, ?, ?, default)
2025-01-03 19:41:56 [main] DEBUG org.hibernate.SQL - 
    select
        p1_0.id,
        p1_0.actives,
        p1_0.quantities,
        p1_0.cods,
        p1_0.images,
        p1_0.names,
        p1_0.sector,
        p1_0.version 
    from
        parts p1_0 
    where
        upper(p1_0.names) like upper(?) escape '\' 
        and p1_0.actives 
    order by
        p1_0.id 
    fetch
        first ? rows only
2025-01-03 19:41:56 [main] DEBUG org.hibernate.SQL - 
    select
        s1_0.id,
        s1_0.actives,
        s1_0.columns,
        s1_0.row_data,
        s1_0.sector,
        s1_0.shelves,
        s1_0.version 
    from
        sectors s1_0 
    where
        s1_0.id=?
2025-01-03 19:41:56 [main] DEBUG org.hibernate.SQL - 
    select
        s1_0.id,
        s1_0.actives,
        s1_0.columns,
        s1_0.row_data,
        s1_0.sector,
        s1_0.shelves,
        s1_0.version 
    from
        sectors s1_0 
    where
        s1_0.id=?
2025-01-03 19:41:56 [main] DEBUG org.hibernate.SQL - 
    select
        p1_0.id,
        p1_0.actives,
        p1_0.quantities,
        p1_0.cods,
        p1_0.images,
        p1_0.names,
        s1_0.id,
        s1_0.actives,
        s1_0.columns,
        s1_0.row_data,
        s1_0.sector,
        s1_0.shelves,
        s1_0.version,
        p1_0.version 
    from
        parts p1_0 
    left join
        sectors s1_0 
            on s1_0.id=p1_0.sector 
    where
        p1_0.id=?
2025-01-03 19:41:56 [main] DEBUG org.hibernate.SQL - 
    delete 
    from
        parts 
    where
        id=? 
        and version=?
2025-01-03 19:41:56 [main] DEBUG org.hibernate.SQL - 
    select
        s1_0.id,
        s1_0.actives,
        s1_0.columns,
        s1_0.row_data,
        s1_0.sector,
        s1_0.shelves,
        s1_0.version 
    from
        sectors s1_0 
    where
        s1_0.id=?
2025-01-03 19:41:56 [main] DEBUG org.hibernate.SQL - 
    select
        p1_0.sector,
        p1_0.id,
        p1_0.actives,
        p1_0.quantities,
        p1_0.cods,
        p1_0.images,
        p1_0.names,
        p1_0.version 
    from
        parts p1_0 
    where
        p1_0.sector=?
2025-01-03 19:41:56 [main] DEBUG org.hibernate.SQL - 
    delete 
    from
        sectors 
    where
        id=? 
        and version=?
2025-01-03 19:41:56 [main] DEBUG org.hibernate.SQL - 
    select
        p1_0.id,
        p1_0.actives,
        p1_0.quantities,
        p1_0.cods,
        p1_0.images,
        p1_0.names,
        s1_0.id,
        s1_0.actives,
        s1_0.columns,
        s1_0.row_data,
        s1_0.sector,
        s1_0.shelves,
        s1_0.version,
        p1_0.version 
    from
        parts p1_0 
    left join
        sectors s1_0 
            on s1_0.id=p1_0.sector 
    where
        p1_0.id=?
2025-01-03 19:41:56 [main] DEBUG org.hibernate.SQL - 
    delete 
    from
        parts 
    where
        id=? 
        and version=?
2025-01-03 19:41:56 [main] DEBUG org.hibernate.SQL - 
    select
        s1_0.id,
        s1_0.actives,
        s1_0.columns,
        s1_0.row_data,
        s1_0.sector,
        s1_0.shelves,
        s1_0.version 
    from
        sectors s1_0 
    where
        s1_0.id=?
2025-01-03 19:41:56 [main] DEBUG org.hibernate.SQL - 
    select
        p1_0.sector,
        p1_0.id,
        p1_0.actives,
        p1_0.quantities,
        p1_0.cods,
        p1_0.images,
        p1_0.names,
        p1_0.version 
    from
        parts p1_0 
    where
        p1_0.sector=?
2025-01-03 19:41:56 [main] DEBUG org.hibernate.SQL - 
    delete 
    from
        sectors 
    where
        id=? 
        and version=?
2025-01-03 19:41:56 [main] DEBUG org.hibernate.SQL - 
    insert 
    into
        sectors
        (actives, columns, row_data, sector, shelves, version, id) 
    values
        (?, ?, ?, ?, ?, ?, default)
2025-01-03 19:41:56 [main] DEBUG org.hibernate.SQL - 
    insert 
    into
        parts
        (actives, quantities, cods, images, names, sector, version, id) 
    values
        (?, ?, ?, ?, ?, ?, ?, default)
2025-01-03 19:41:57 [main] DEBUG org.hibernate.SQL - 
    select
        p1_0.id,
        p1_0.actives,
        p1_0.quantities,
        p1_0.cods,
        p1_0.images,
        p1_0.names,
        p1_0.sector,
        p1_0.version 
    from
        parts p1_0 
    where
        p1_0.cods=? 
        and p1_0.actives
2025-01-03 19:41:57 [main] DEBUG org.hibernate.SQL - 
    select
        s1_0.id,
        s1_0.actives,
        s1_0.columns,
        s1_0.row_data,
        s1_0.sector,
        s1_0.shelves,
        s1_0.version 
    from
        sectors s1_0 
    where
        s1_0.id=?
2025-01-03 19:41:57 [main] DEBUG org.hibernate.SQL - 
    select
        p1_0.id,
        p1_0.actives,
        p1_0.quantities,
        p1_0.cods,
        p1_0.images,
        p1_0.names,
        s1_0.id,
        s1_0.actives,
        s1_0.columns,
        s1_0.row_data,
        s1_0.sector,
        s1_0.shelves,
        s1_0.version,
        p1_0.version 
    from
        parts p1_0 
    left join
        sectors s1_0 
            on s1_0.id=p1_0.sector 
    where
        p1_0.id=?
2025-01-03 19:41:57 [main] DEBUG org.hibernate.SQL - 
    delete 
    from
        parts 
    where
        id=? 
        and version=?
2025-01-03 19:41:57 [main] DEBUG org.hibernate.SQL - 
    select
        s1_0.id,
        s1_0.actives,
        s1_0.columns,
        s1_0.row_data,
        s1_0.sector,
        s1_0.shelves,
        s1_0.version 
    from
        sectors s1_0 
    where
        s1_0.id=?
2025-01-03 19:41:57 [main] DEBUG org.hibernate.SQL - 
    select
        p1_0.sector,
        p1_0.id,
        p1_0.actives,
        p1_0.quantities,
        p1_0.cods,
        p1_0.images,
        p1_0.names,
        p1_0.version 
    from
        parts p1_0 
    where
        p1_0.sector=?
2025-01-03 19:41:57 [main] DEBUG org.hibernate.SQL - 
    delete 
    from
        sectors 
    where
        id=? 
        and version=?
2025-01-03 19:41:57 [main] DEBUG org.hibernate.SQL - 
    insert 
    into
        sectors
        (actives, columns, row_data, sector, shelves, version, id) 
    values
        (?, ?, ?, ?, ?, ?, default)
2025-01-03 19:41:57 [main] DEBUG org.hibernate.SQL - 
    insert 
    into
        parts
        (actives, quantities, cods, images, names, sector, version, id) 
    values
        (?, ?, ?, ?, ?, ?, ?, default)
2025-01-03 19:41:57 [main] DEBUG org.hibernate.SQL - 
    select
        p1_0.id,
        p1_0.actives,
        p1_0.quantities,
        p1_0.cods,
        p1_0.images,
        p1_0.names,
        p1_0.sector,
        p1_0.version 
    from
        parts p1_0 
    where
        p1_0.cods=? 
        or upper(p1_0.names) like upper(?) escape '\' 
        and p1_0.actives 
    order by
        p1_0.id 
    fetch
        first ? rows only
2025-01-03 19:41:57 [main] DEBUG org.hibernate.SQL - 
    select
        s1_0.id,
        s1_0.actives,
        s1_0.columns,
        s1_0.row_data,
        s1_0.sector,
        s1_0.shelves,
        s1_0.version 
    from
        sectors s1_0 
    where
        s1_0.id=?
2025-01-03 19:41:57 [main] DEBUG org.hibernate.SQL - 
    select
        p1_0.id,
        p1_0.actives,
        p1_0.quantities,
        p1_0.cods,
        p1_0.images,
        p1_0.names,
        s1_0.id,
        s1_0.actives,
        s1_0.columns,
        s1_0.row_data,
        s1_0.sector,
        s1_0.shelves,
        s1_0.version,
        p1_0.version 
    from
        parts p1_0 
    left join
        sectors s1_0 
            on s1_0.id=p1_0.sector 
    where
        p1_0.id=?
2025-01-03 19:41:57 [main] DEBUG org.hibernate.SQL - 
    delete 
    from
        parts 
    where
        id=? 
        and version=?
2025-01-03 19:41:57 [main] DEBUG org.hibernate.SQL - 
    select
        s1_0.id,
        s1_0.actives,
        s1_0.columns,
        s1_0.row_data,
        s1_0.sector,
        s1_0.shelves,
        s1_0.version 
    from
        sectors s1_0 
    where
        s1_0.id=?
2025-01-03 19:41:57 [main] DEBUG org.hibernate.SQL - 
    select
        p1_0.sector,
        p1_0.id,
        p1_0.actives,
        p1_0.quantities,
        p1_0.cods,
        p1_0.images,
        p1_0.names,
        p1_0.version 
    from
        parts p1_0 
    where
        p1_0.sector=?
2025-01-03 19:41:57 [main] DEBUG org.hibernate.SQL - 
    delete 
    from
        sectors 
    where
        id=? 
        and version=?
2025-01-03 19:41:57 [SpringApplicationShutdownHook] DEBUG org.hibernate.SQL - 
    drop table if exists parts cascade 
2025-01-03 19:41:57 [SpringApplicationShutdownHook] DEBUG org.hibernate.SQL - 
    drop table if exists sectors cascade 
2025-01-03 19:43:36 [main] DEBUG org.hibernate.SQL - 
    drop table if exists parts cascade 
2025-01-03 19:43:36 [main] DEBUG org.hibernate.SQL - 
    drop table if exists sectors cascade 
2025-01-03 19:43:36 [main] DEBUG org.hibernate.SQL - 
    create table parts (
        actives boolean not null,
        quantities float(53) not null,
        version integer,
        cods bigint not null,
        id bigint generated by default as identity,
        sector bigint,
        names varchar(255) not null,
        images blob not null,
        primary key (id)
    )
2025-01-03 19:43:36 [main] DEBUG org.hibernate.SQL - 
    create table sectors (
        actives boolean not null,
        version integer,
        id bigint generated by default as identity,
        columns varchar(255) not null,
        row_data varchar(255) not null,
        sector varchar(255) not null,
        shelves varchar(255) not null,
        primary key (id)
    )
2025-01-03 19:43:36 [main] DEBUG org.hibernate.SQL - 
    alter table if exists parts 
       add constraint FK44bpbjjhvt2bd6spralcvfki7 
       foreign key (sector) 
       references sectors
2025-01-03 19:43:39 [main] DEBUG org.hibernate.SQL - 
    insert 
    into
        sectors
        (actives, columns, row_data, sector, shelves, version, id) 
    values
        (?, ?, ?, ?, ?, ?, default)
2025-01-03 19:43:39 [main] DEBUG org.hibernate.SQL - 
    insert 
    into
        parts
        (actives, quantities, cods, images, names, sector, version, id) 
    values
        (?, ?, ?, ?, ?, ?, ?, default)
2025-01-03 19:43:39 [main] DEBUG org.hibernate.SQL - 
    insert 
    into
        sectors
        (actives, columns, row_data, sector, shelves, version, id) 
    values
        (?, ?, ?, ?, ?, ?, default)
2025-01-03 19:43:40 [main] DEBUG org.hibernate.SQL - 
    select
        p1_0.id,
        p1_0.actives,
        p1_0.quantities,
        p1_0.cods,
        p1_0.images,
        p1_0.names,
        s1_0.id,
        s1_0.actives,
        s1_0.columns,
        s1_0.row_data,
        s1_0.sector,
        s1_0.shelves,
        s1_0.version,
        p1_0.version 
    from
        parts p1_0 
    left join
        sectors s1_0 
            on s1_0.id=p1_0.sector 
    where
        p1_0.id=?
2025-01-03 19:43:40 [main] DEBUG org.hibernate.SQL - 
    select
        s1_0.id,
        s1_0.actives,
        s1_0.columns,
        s1_0.row_data,
        s1_0.sector,
        s1_0.shelves,
        s1_0.version 
    from
        sectors s1_0 
    where
        s1_0.id=? 
        and s1_0.actives
2025-01-03 19:43:40 [main] DEBUG org.hibernate.SQL - 
    update
        parts 
    set
        actives=?,
        quantities=?,
        cods=?,
        images=?,
        names=?,
        sector=?,
        version=? 
    where
        id=? 
        and version=?
2025-01-03 19:43:40 [main] DEBUG org.hibernate.SQL - 
    select
        p1_0.id,
        p1_0.actives,
        p1_0.quantities,
        p1_0.cods,
        p1_0.images,
        p1_0.names,
        s1_0.id,
        s1_0.actives,
        s1_0.columns,
        s1_0.row_data,
        s1_0.sector,
        s1_0.shelves,
        s1_0.version,
        p1_0.version 
    from
        parts p1_0 
    left join
        sectors s1_0 
            on s1_0.id=p1_0.sector 
    where
        p1_0.id=?
2025-01-03 19:43:40 [main] DEBUG org.hibernate.SQL - 
    delete 
    from
        parts 
    where
        id=? 
        and version=?
2025-01-03 19:43:40 [main] DEBUG org.hibernate.SQL - 
    select
        s1_0.id,
        s1_0.actives,
        s1_0.columns,
        s1_0.row_data,
        s1_0.sector,
        s1_0.shelves,
        s1_0.version 
    from
        sectors s1_0 
    where
        s1_0.id=?
2025-01-03 19:43:40 [main] DEBUG org.hibernate.SQL - 
    select
        p1_0.sector,
        p1_0.id,
        p1_0.actives,
        p1_0.quantities,
        p1_0.cods,
        p1_0.images,
        p1_0.names,
        p1_0.version 
    from
        parts p1_0 
    where
        p1_0.sector=?
2025-01-03 19:43:40 [main] DEBUG org.hibernate.SQL - 
    delete 
    from
        sectors 
    where
        id=? 
        and version=?
2025-01-03 19:43:40 [main] DEBUG org.hibernate.SQL - 
    select
        p1_0.id,
        p1_0.actives,
        p1_0.quantities,
        p1_0.cods,
        p1_0.images,
        p1_0.names,
        p1_0.sector,
        p1_0.version 
    from
        parts p1_0 
    where
        p1_0.actives 
    order by
        p1_0.id 
    fetch
        first ? rows only
2025-01-03 19:43:40 [main] DEBUG org.hibernate.SQL - 
    insert 
    into
        sectors
        (actives, columns, row_data, sector, shelves, version, id) 
    values
        (?, ?, ?, ?, ?, ?, default)
2025-01-03 19:43:40 [main] DEBUG org.hibernate.SQL - 
    insert 
    into
        parts
        (actives, quantities, cods, images, names, sector, version, id) 
    values
        (?, ?, ?, ?, ?, ?, ?, default)
2025-01-03 19:43:40 [main] DEBUG org.hibernate.SQL - 
    select
        p1_0.id,
        p1_0.actives,
        p1_0.quantities,
        p1_0.cods,
        p1_0.images,
        p1_0.names,
        s1_0.id,
        s1_0.actives,
        s1_0.columns,
        s1_0.row_data,
        s1_0.sector,
        s1_0.shelves,
        s1_0.version,
        p1_0.version 
    from
        parts p1_0 
    left join
        sectors s1_0 
            on s1_0.id=p1_0.sector 
    where
        p1_0.id=?
2025-01-03 19:43:40 [main] DEBUG org.hibernate.SQL - 
    update
        parts 
    set
        actives=?,
        quantities=?,
        cods=?,
        images=?,
        names=?,
        sector=?,
        version=? 
    where
        id=? 
        and version=?
2025-01-03 19:43:40 [main] DEBUG org.hibernate.SQL - 
    select
        p1_0.id,
        p1_0.actives,
        p1_0.quantities,
        p1_0.cods,
        p1_0.images,
        p1_0.names,
        s1_0.id,
        s1_0.actives,
        s1_0.columns,
        s1_0.row_data,
        s1_0.sector,
        s1_0.shelves,
        s1_0.version,
        p1_0.version 
    from
        parts p1_0 
    left join
        sectors s1_0 
            on s1_0.id=p1_0.sector 
    where
        p1_0.id=?
2025-01-03 19:43:40 [main] DEBUG org.hibernate.SQL - 
    delete 
    from
        parts 
    where
        id=? 
        and version=?
2025-01-03 19:43:40 [main] DEBUG org.hibernate.SQL - 
    select
        s1_0.id,
        s1_0.actives,
        s1_0.columns,
        s1_0.row_data,
        s1_0.sector,
        s1_0.shelves,
        s1_0.version 
    from
        sectors s1_0 
    where
        s1_0.id=?
2025-01-03 19:43:40 [main] DEBUG org.hibernate.SQL - 
    select
        p1_0.sector,
        p1_0.id,
        p1_0.actives,
        p1_0.quantities,
        p1_0.cods,
        p1_0.images,
        p1_0.names,
        p1_0.version 
    from
        parts p1_0 
    where
        p1_0.sector=?
2025-01-03 19:43:40 [main] DEBUG org.hibernate.SQL - 
    delete 
    from
        sectors 
    where
        id=? 
        and version=?
2025-01-03 19:43:40 [main] DEBUG org.hibernate.SQL - 
    insert 
    into
        sectors
        (actives, columns, row_data, sector, shelves, version, id) 
    values
        (?, ?, ?, ?, ?, ?, default)
2025-01-03 19:43:40 [main] DEBUG org.hibernate.SQL - 
    insert 
    into
        parts
        (actives, quantities, cods, images, names, sector, version, id) 
    values
        (?, ?, ?, ?, ?, ?, ?, default)
2025-01-03 19:43:40 [main] DEBUG org.hibernate.SQL - 
    select
        p1_0.id,
        p1_0.actives,
        p1_0.quantities,
        p1_0.cods,
        p1_0.images,
        p1_0.names,
        p1_0.sector,
        p1_0.version 
    from
        parts p1_0 
    where
        p1_0.id=? 
        and p1_0.actives
2025-01-03 19:43:40 [main] DEBUG org.hibernate.SQL - 
    select
        s1_0.id,
        s1_0.actives,
        s1_0.columns,
        s1_0.row_data,
        s1_0.sector,
        s1_0.shelves,
        s1_0.version 
    from
        sectors s1_0 
    where
        s1_0.id=?
2025-01-03 19:43:40 [main] DEBUG org.hibernate.SQL - 
    select
        p1_0.id,
        p1_0.actives,
        p1_0.quantities,
        p1_0.cods,
        p1_0.images,
        p1_0.names,
        s1_0.id,
        s1_0.actives,
        s1_0.columns,
        s1_0.row_data,
        s1_0.sector,
        s1_0.shelves,
        s1_0.version,
        p1_0.version 
    from
        parts p1_0 
    left join
        sectors s1_0 
            on s1_0.id=p1_0.sector 
    where
        p1_0.id=?
2025-01-03 19:43:40 [main] DEBUG org.hibernate.SQL - 
    delete 
    from
        parts 
    where
        id=? 
        and version=?
2025-01-03 19:43:40 [main] DEBUG org.hibernate.SQL - 
    select
        s1_0.id,
        s1_0.actives,
        s1_0.columns,
        s1_0.row_data,
        s1_0.sector,
        s1_0.shelves,
        s1_0.version 
    from
        sectors s1_0 
    where
        s1_0.id=?
2025-01-03 19:43:40 [main] DEBUG org.hibernate.SQL - 
    select
        p1_0.sector,
        p1_0.id,
        p1_0.actives,
        p1_0.quantities,
        p1_0.cods,
        p1_0.images,
        p1_0.names,
        p1_0.version 
    from
        parts p1_0 
    where
        p1_0.sector=?
2025-01-03 19:43:40 [main] DEBUG org.hibernate.SQL - 
    delete 
    from
        sectors 
    where
        id=? 
        and version=?
2025-01-03 19:43:40 [main] DEBUG org.hibernate.SQL - 
    insert 
    into
        sectors
        (actives, columns, row_data, sector, shelves, version, id) 
    values
        (?, ?, ?, ?, ?, ?, default)
2025-01-03 19:43:40 [main] DEBUG org.hibernate.SQL - 
    select
        s1_0.id,
        s1_0.actives,
        s1_0.columns,
        s1_0.row_data,
        s1_0.sector,
        s1_0.shelves,
        s1_0.version 
    from
        sectors s1_0 
    where
        s1_0.id=?
2025-01-03 19:43:40 [main] DEBUG org.hibernate.SQL - 
    select
        p1_0.id 
    from
        parts p1_0 
    where
        p1_0.cods=? 
        and p1_0.names=? 
        and p1_0.sector=? 
    fetch
        first ? rows only
2025-01-03 19:43:41 [main] DEBUG org.hibernate.SQL - 
    insert 
    into
        parts
        (actives, quantities, cods, images, names, sector, version, id) 
    values
        (?, ?, ?, ?, ?, ?, ?, default)
2025-01-03 19:43:41 [main] DEBUG org.hibernate.SQL - 
    select
        s1_0.id,
        s1_0.actives,
        s1_0.columns,
        s1_0.row_data,
        s1_0.sector,
        s1_0.shelves,
        s1_0.version 
    from
        sectors s1_0 
    where
        s1_0.id=?
2025-01-03 19:43:41 [main] DEBUG org.hibernate.SQL - 
    select
        p1_0.sector,
        p1_0.id,
        p1_0.actives,
        p1_0.quantities,
        p1_0.cods,
        p1_0.images,
        p1_0.names,
        p1_0.version 
    from
        parts p1_0 
    where
        p1_0.sector=?
2025-01-03 19:43:41 [main] DEBUG org.hibernate.SQL - 
    delete 
    from
        parts 
    where
        id=? 
        and version=?
2025-01-03 19:43:41 [main] DEBUG org.hibernate.SQL - 
    delete 
    from
        sectors 
    where
        id=? 
        and version=?
2025-01-03 19:43:41 [main] DEBUG org.hibernate.SQL - 
    insert 
    into
        sectors
        (actives, columns, row_data, sector, shelves, version, id) 
    values
        (?, ?, ?, ?, ?, ?, default)
2025-01-03 19:43:41 [main] DEBUG org.hibernate.SQL - 
    insert 
    into
        parts
        (actives, quantities, cods, images, names, sector, version, id) 
    values
        (?, ?, ?, ?, ?, ?, ?, default)
2025-01-03 19:43:41 [main] DEBUG org.hibernate.SQL - 
    insert 
    into
        sectors
        (actives, columns, row_data, sector, shelves, version, id) 
    values
        (?, ?, ?, ?, ?, ?, default)
2025-01-03 19:43:41 [main] DEBUG org.hibernate.SQL - 
    insert 
    into
        parts
        (actives, quantities, cods, images, names, sector, version, id) 
    values
        (?, ?, ?, ?, ?, ?, ?, default)
2025-01-03 19:43:41 [main] DEBUG org.hibernate.SQL - 
    select
        p1_0.id,
        p1_0.actives,
        p1_0.quantities,
        p1_0.cods,
        p1_0.images,
        p1_0.names,
        p1_0.sector,
        p1_0.version 
    from
        parts p1_0 
    where
        upper(p1_0.names) like upper(?) escape '\' 
        and p1_0.actives 
    order by
        p1_0.id 
    fetch
        first ? rows only
2025-01-03 19:43:41 [main] DEBUG org.hibernate.SQL - 
    select
        s1_0.id,
        s1_0.actives,
        s1_0.columns,
        s1_0.row_data,
        s1_0.sector,
        s1_0.shelves,
        s1_0.version 
    from
        sectors s1_0 
    where
        s1_0.id=?
2025-01-03 19:43:41 [main] DEBUG org.hibernate.SQL - 
    select
        s1_0.id,
        s1_0.actives,
        s1_0.columns,
        s1_0.row_data,
        s1_0.sector,
        s1_0.shelves,
        s1_0.version 
    from
        sectors s1_0 
    where
        s1_0.id=?
2025-01-03 19:43:41 [main] DEBUG org.hibernate.SQL - 
    select
        p1_0.id,
        p1_0.actives,
        p1_0.quantities,
        p1_0.cods,
        p1_0.images,
        p1_0.names,
        s1_0.id,
        s1_0.actives,
        s1_0.columns,
        s1_0.row_data,
        s1_0.sector,
        s1_0.shelves,
        s1_0.version,
        p1_0.version 
    from
        parts p1_0 
    left join
        sectors s1_0 
            on s1_0.id=p1_0.sector 
    where
        p1_0.id=?
2025-01-03 19:43:41 [main] DEBUG org.hibernate.SQL - 
    delete 
    from
        parts 
    where
        id=? 
        and version=?
2025-01-03 19:43:41 [main] DEBUG org.hibernate.SQL - 
    select
        s1_0.id,
        s1_0.actives,
        s1_0.columns,
        s1_0.row_data,
        s1_0.sector,
        s1_0.shelves,
        s1_0.version 
    from
        sectors s1_0 
    where
        s1_0.id=?
2025-01-03 19:43:41 [main] DEBUG org.hibernate.SQL - 
    select
        p1_0.sector,
        p1_0.id,
        p1_0.actives,
        p1_0.quantities,
        p1_0.cods,
        p1_0.images,
        p1_0.names,
        p1_0.version 
    from
        parts p1_0 
    where
        p1_0.sector=?
2025-01-03 19:43:41 [main] DEBUG org.hibernate.SQL - 
    delete 
    from
        sectors 
    where
        id=? 
        and version=?
2025-01-03 19:43:41 [main] DEBUG org.hibernate.SQL - 
    select
        p1_0.id,
        p1_0.actives,
        p1_0.quantities,
        p1_0.cods,
        p1_0.images,
        p1_0.names,
        s1_0.id,
        s1_0.actives,
        s1_0.columns,
        s1_0.row_data,
        s1_0.sector,
        s1_0.shelves,
        s1_0.version,
        p1_0.version 
    from
        parts p1_0 
    left join
        sectors s1_0 
            on s1_0.id=p1_0.sector 
    where
        p1_0.id=?
2025-01-03 19:43:41 [main] DEBUG org.hibernate.SQL - 
    delete 
    from
        parts 
    where
        id=? 
        and version=?
2025-01-03 19:43:41 [main] DEBUG org.hibernate.SQL - 
    select
        s1_0.id,
        s1_0.actives,
        s1_0.columns,
        s1_0.row_data,
        s1_0.sector,
        s1_0.shelves,
        s1_0.version 
    from
        sectors s1_0 
    where
        s1_0.id=?
2025-01-03 19:43:41 [main] DEBUG org.hibernate.SQL - 
    select
        p1_0.sector,
        p1_0.id,
        p1_0.actives,
        p1_0.quantities,
        p1_0.cods,
        p1_0.images,
        p1_0.names,
        p1_0.version 
    from
        parts p1_0 
    where
        p1_0.sector=?
2025-01-03 19:43:41 [main] DEBUG org.hibernate.SQL - 
    delete 
    from
        sectors 
    where
        id=? 
        and version=?
2025-01-03 19:43:41 [main] DEBUG org.hibernate.SQL - 
    insert 
    into
        sectors
        (actives, columns, row_data, sector, shelves, version, id) 
    values
        (?, ?, ?, ?, ?, ?, default)
2025-01-03 19:43:41 [main] DEBUG org.hibernate.SQL - 
    insert 
    into
        parts
        (actives, quantities, cods, images, names, sector, version, id) 
    values
        (?, ?, ?, ?, ?, ?, ?, default)
2025-01-03 19:43:41 [main] DEBUG org.hibernate.SQL - 
    select
        p1_0.id,
        p1_0.actives,
        p1_0.quantities,
        p1_0.cods,
        p1_0.images,
        p1_0.names,
        p1_0.sector,
        p1_0.version 
    from
        parts p1_0 
    where
        p1_0.cods=? 
        and p1_0.actives
2025-01-03 19:43:41 [main] DEBUG org.hibernate.SQL - 
    select
        s1_0.id,
        s1_0.actives,
        s1_0.columns,
        s1_0.row_data,
        s1_0.sector,
        s1_0.shelves,
        s1_0.version 
    from
        sectors s1_0 
    where
        s1_0.id=?
2025-01-03 19:43:41 [main] DEBUG org.hibernate.SQL - 
    select
        p1_0.id,
        p1_0.actives,
        p1_0.quantities,
        p1_0.cods,
        p1_0.images,
        p1_0.names,
        s1_0.id,
        s1_0.actives,
        s1_0.columns,
        s1_0.row_data,
        s1_0.sector,
        s1_0.shelves,
        s1_0.version,
        p1_0.version 
    from
        parts p1_0 
    left join
        sectors s1_0 
            on s1_0.id=p1_0.sector 
    where
        p1_0.id=?
2025-01-03 19:43:41 [main] DEBUG org.hibernate.SQL - 
    delete 
    from
        parts 
    where
        id=? 
        and version=?
2025-01-03 19:43:41 [main] DEBUG org.hibernate.SQL - 
    select
        s1_0.id,
        s1_0.actives,
        s1_0.columns,
        s1_0.row_data,
        s1_0.sector,
        s1_0.shelves,
        s1_0.version 
    from
        sectors s1_0 
    where
        s1_0.id=?
2025-01-03 19:43:41 [main] DEBUG org.hibernate.SQL - 
    select
        p1_0.sector,
        p1_0.id,
        p1_0.actives,
        p1_0.quantities,
        p1_0.cods,
        p1_0.images,
        p1_0.names,
        p1_0.version 
    from
        parts p1_0 
    where
        p1_0.sector=?
2025-01-03 19:43:41 [main] DEBUG org.hibernate.SQL - 
    delete 
    from
        sectors 
    where
        id=? 
        and version=?
2025-01-03 19:43:41 [main] DEBUG org.hibernate.SQL - 
    insert 
    into
        sectors
        (actives, columns, row_data, sector, shelves, version, id) 
    values
        (?, ?, ?, ?, ?, ?, default)
2025-01-03 19:43:41 [main] DEBUG org.hibernate.SQL - 
    insert 
    into
        parts
        (actives, quantities, cods, images, names, sector, version, id) 
    values
        (?, ?, ?, ?, ?, ?, ?, default)
2025-01-03 19:43:41 [main] DEBUG org.hibernate.SQL - 
    select
        p1_0.id,
        p1_0.actives,
        p1_0.quantities,
        p1_0.cods,
        p1_0.images,
        p1_0.names,
        p1_0.sector,
        p1_0.version 
    from
        parts p1_0 
    where
        p1_0.cods=? 
        or upper(p1_0.names) like upper(?) escape '\' 
        and p1_0.actives 
    order by
        p1_0.id 
    fetch
        first ? rows only
2025-01-03 19:43:41 [main] DEBUG org.hibernate.SQL - 
    select
        s1_0.id,
        s1_0.actives,
        s1_0.columns,
        s1_0.row_data,
        s1_0.sector,
        s1_0.shelves,
        s1_0.version 
    from
        sectors s1_0 
    where
        s1_0.id=?
2025-01-03 19:43:41 [main] DEBUG org.hibernate.SQL - 
    select
        p1_0.id,
        p1_0.actives,
        p1_0.quantities,
        p1_0.cods,
        p1_0.images,
        p1_0.names,
        s1_0.id,
        s1_0.actives,
        s1_0.columns,
        s1_0.row_data,
        s1_0.sector,
        s1_0.shelves,
        s1_0.version,
        p1_0.version 
    from
        parts p1_0 
    left join
        sectors s1_0 
            on s1_0.id=p1_0.sector 
    where
        p1_0.id=?
2025-01-03 19:43:41 [main] DEBUG org.hibernate.SQL - 
    delete 
    from
        parts 
    where
        id=? 
        and version=?
2025-01-03 19:43:41 [main] DEBUG org.hibernate.SQL - 
    select
        s1_0.id,
        s1_0.actives,
        s1_0.columns,
        s1_0.row_data,
        s1_0.sector,
        s1_0.shelves,
        s1_0.version 
    from
        sectors s1_0 
    where
        s1_0.id=?
2025-01-03 19:43:41 [main] DEBUG org.hibernate.SQL - 
    select
        p1_0.sector,
        p1_0.id,
        p1_0.actives,
        p1_0.quantities,
        p1_0.cods,
        p1_0.images,
        p1_0.names,
        p1_0.version 
    from
        parts p1_0 
    where
        p1_0.sector=?
2025-01-03 19:43:41 [main] DEBUG org.hibernate.SQL - 
    delete 
    from
        sectors 
    where
        id=? 
        and version=?
2025-01-03 19:43:41 [SpringApplicationShutdownHook] DEBUG org.hibernate.SQL - 
    drop table if exists parts cascade 
2025-01-03 19:43:41 [SpringApplicationShutdownHook] DEBUG org.hibernate.SQL - 
    drop table if exists sectors cascade 
2025-01-03 19:47:20 [main] DEBUG org.hibernate.SQL - 
    drop table if exists parts cascade 
2025-01-03 19:47:20 [main] DEBUG org.hibernate.SQL - 
    drop table if exists sectors cascade 
2025-01-03 19:47:20 [main] DEBUG org.hibernate.SQL - 
    create table parts (
        actives boolean not null,
        quantities float(53) not null,
        version integer,
        cods bigint not null,
        id bigint generated by default as identity,
        sector bigint,
        names varchar(255) not null,
        images blob not null,
        primary key (id)
    )
2025-01-03 19:47:20 [main] DEBUG org.hibernate.SQL - 
    create table sectors (
        actives boolean not null,
        version integer,
        id bigint generated by default as identity,
        columns varchar(255) not null,
        row_data varchar(255) not null,
        sector varchar(255) not null,
        shelves varchar(255) not null,
        primary key (id)
    )
2025-01-03 19:47:20 [main] DEBUG org.hibernate.SQL - 
    alter table if exists parts 
       add constraint FK44bpbjjhvt2bd6spralcvfki7 
       foreign key (sector) 
       references sectors
2025-01-03 19:47:24 [main] DEBUG org.hibernate.SQL - 
    insert 
    into
        sectors
        (actives, columns, row_data, sector, shelves, version, id) 
    values
        (?, ?, ?, ?, ?, ?, default)
2025-01-03 19:47:24 [main] DEBUG org.hibernate.SQL - 
    insert 
    into
        parts
        (actives, quantities, cods, images, names, sector, version, id) 
    values
        (?, ?, ?, ?, ?, ?, ?, default)
2025-01-03 19:47:24 [main] DEBUG org.hibernate.SQL - 
    insert 
    into
        sectors
        (actives, columns, row_data, sector, shelves, version, id) 
    values
        (?, ?, ?, ?, ?, ?, default)
2025-01-03 19:47:24 [main] DEBUG org.hibernate.SQL - 
    select
        p1_0.id,
        p1_0.actives,
        p1_0.quantities,
        p1_0.cods,
        p1_0.images,
        p1_0.names,
        s1_0.id,
        s1_0.actives,
        s1_0.columns,
        s1_0.row_data,
        s1_0.sector,
        s1_0.shelves,
        s1_0.version,
        p1_0.version 
    from
        parts p1_0 
    left join
        sectors s1_0 
            on s1_0.id=p1_0.sector 
    where
        p1_0.id=?
2025-01-03 19:47:25 [main] DEBUG org.hibernate.SQL - 
    select
        s1_0.id,
        s1_0.actives,
        s1_0.columns,
        s1_0.row_data,
        s1_0.sector,
        s1_0.shelves,
        s1_0.version 
    from
        sectors s1_0 
    where
        s1_0.id=? 
        and s1_0.actives
2025-01-03 19:47:25 [main] DEBUG org.hibernate.SQL - 
    update
        parts 
    set
        actives=?,
        quantities=?,
        cods=?,
        images=?,
        names=?,
        sector=?,
        version=? 
    where
        id=? 
        and version=?
2025-01-03 19:47:25 [main] DEBUG org.hibernate.SQL - 
    select
        p1_0.id,
        p1_0.actives,
        p1_0.quantities,
        p1_0.cods,
        p1_0.images,
        p1_0.names,
        s1_0.id,
        s1_0.actives,
        s1_0.columns,
        s1_0.row_data,
        s1_0.sector,
        s1_0.shelves,
        s1_0.version,
        p1_0.version 
    from
        parts p1_0 
    left join
        sectors s1_0 
            on s1_0.id=p1_0.sector 
    where
        p1_0.id=?
2025-01-03 19:47:25 [main] DEBUG org.hibernate.SQL - 
    delete 
    from
        parts 
    where
        id=? 
        and version=?
2025-01-03 19:47:25 [main] DEBUG org.hibernate.SQL - 
    select
        s1_0.id,
        s1_0.actives,
        s1_0.columns,
        s1_0.row_data,
        s1_0.sector,
        s1_0.shelves,
        s1_0.version 
    from
        sectors s1_0 
    where
        s1_0.id=?
2025-01-03 19:47:25 [main] DEBUG org.hibernate.SQL - 
    select
        p1_0.sector,
        p1_0.id,
        p1_0.actives,
        p1_0.quantities,
        p1_0.cods,
        p1_0.images,
        p1_0.names,
        p1_0.version 
    from
        parts p1_0 
    where
        p1_0.sector=?
2025-01-03 19:47:25 [main] DEBUG org.hibernate.SQL - 
    delete 
    from
        sectors 
    where
        id=? 
        and version=?
2025-01-03 19:47:25 [main] DEBUG org.hibernate.SQL - 
    select
        s1_0.id,
        s1_0.actives,
        s1_0.columns,
        s1_0.row_data,
        s1_0.sector,
        s1_0.shelves,
        s1_0.version 
    from
        sectors s1_0 
    where
        s1_0.id=?
2025-01-03 19:47:25 [main] DEBUG org.hibernate.SQL - 
    select
        p1_0.sector,
        p1_0.id,
        p1_0.actives,
        p1_0.quantities,
        p1_0.cods,
        p1_0.images,
        p1_0.names,
        p1_0.version 
    from
        parts p1_0 
    where
        p1_0.sector=?
2025-01-03 19:47:25 [main] DEBUG org.hibernate.SQL - 
    delete 
    from
        sectors 
    where
        id=? 
        and version=?
2025-01-03 19:47:25 [main] DEBUG org.hibernate.SQL - 
    select
        p1_0.id,
        p1_0.actives,
        p1_0.quantities,
        p1_0.cods,
        p1_0.images,
        p1_0.names,
        p1_0.sector,
        p1_0.version 
    from
        parts p1_0 
    where
        p1_0.actives 
    order by
        p1_0.id 
    fetch
        first ? rows only
2025-01-03 19:47:25 [main] DEBUG org.hibernate.SQL - 
    insert 
    into
        sectors
        (actives, columns, row_data, sector, shelves, version, id) 
    values
        (?, ?, ?, ?, ?, ?, default)
2025-01-03 19:47:25 [main] DEBUG org.hibernate.SQL - 
    insert 
    into
        parts
        (actives, quantities, cods, images, names, sector, version, id) 
    values
        (?, ?, ?, ?, ?, ?, ?, default)
2025-01-03 19:47:25 [main] DEBUG org.hibernate.SQL - 
    select
        p1_0.id,
        p1_0.actives,
        p1_0.quantities,
        p1_0.cods,
        p1_0.images,
        p1_0.names,
        s1_0.id,
        s1_0.actives,
        s1_0.columns,
        s1_0.row_data,
        s1_0.sector,
        s1_0.shelves,
        s1_0.version,
        p1_0.version 
    from
        parts p1_0 
    left join
        sectors s1_0 
            on s1_0.id=p1_0.sector 
    where
        p1_0.id=?
2025-01-03 19:47:25 [main] DEBUG org.hibernate.SQL - 
    update
        parts 
    set
        actives=?,
        quantities=?,
        cods=?,
        images=?,
        names=?,
        sector=?,
        version=? 
    where
        id=? 
        and version=?
2025-01-03 19:47:25 [main] DEBUG org.hibernate.SQL - 
    select
        p1_0.id,
        p1_0.actives,
        p1_0.quantities,
        p1_0.cods,
        p1_0.images,
        p1_0.names,
        s1_0.id,
        s1_0.actives,
        s1_0.columns,
        s1_0.row_data,
        s1_0.sector,
        s1_0.shelves,
        s1_0.version,
        p1_0.version 
    from
        parts p1_0 
    left join
        sectors s1_0 
            on s1_0.id=p1_0.sector 
    where
        p1_0.id=?
2025-01-03 19:47:25 [main] DEBUG org.hibernate.SQL - 
    delete 
    from
        parts 
    where
        id=? 
        and version=?
2025-01-03 19:47:25 [main] DEBUG org.hibernate.SQL - 
    select
        s1_0.id,
        s1_0.actives,
        s1_0.columns,
        s1_0.row_data,
        s1_0.sector,
        s1_0.shelves,
        s1_0.version 
    from
        sectors s1_0 
    where
        s1_0.id=?
2025-01-03 19:47:25 [main] DEBUG org.hibernate.SQL - 
    select
        p1_0.sector,
        p1_0.id,
        p1_0.actives,
        p1_0.quantities,
        p1_0.cods,
        p1_0.images,
        p1_0.names,
        p1_0.version 
    from
        parts p1_0 
    where
        p1_0.sector=?
2025-01-03 19:47:25 [main] DEBUG org.hibernate.SQL - 
    delete 
    from
        sectors 
    where
        id=? 
        and version=?
2025-01-03 19:47:25 [main] DEBUG org.hibernate.SQL - 
    insert 
    into
        sectors
        (actives, columns, row_data, sector, shelves, version, id) 
    values
        (?, ?, ?, ?, ?, ?, default)
2025-01-03 19:47:25 [main] DEBUG org.hibernate.SQL - 
    insert 
    into
        parts
        (actives, quantities, cods, images, names, sector, version, id) 
    values
        (?, ?, ?, ?, ?, ?, ?, default)
2025-01-03 19:47:25 [main] DEBUG org.hibernate.SQL - 
    select
        p1_0.id,
        p1_0.actives,
        p1_0.quantities,
        p1_0.cods,
        p1_0.images,
        p1_0.names,
        p1_0.sector,
        p1_0.version 
    from
        parts p1_0 
    where
        p1_0.id=? 
        and p1_0.actives
2025-01-03 19:47:25 [main] DEBUG org.hibernate.SQL - 
    select
        s1_0.id,
        s1_0.actives,
        s1_0.columns,
        s1_0.row_data,
        s1_0.sector,
        s1_0.shelves,
        s1_0.version 
    from
        sectors s1_0 
    where
        s1_0.id=?
2025-01-03 19:47:25 [main] DEBUG org.hibernate.SQL - 
    select
        p1_0.id,
        p1_0.actives,
        p1_0.quantities,
        p1_0.cods,
        p1_0.images,
        p1_0.names,
        s1_0.id,
        s1_0.actives,
        s1_0.columns,
        s1_0.row_data,
        s1_0.sector,
        s1_0.shelves,
        s1_0.version,
        p1_0.version 
    from
        parts p1_0 
    left join
        sectors s1_0 
            on s1_0.id=p1_0.sector 
    where
        p1_0.id=?
2025-01-03 19:47:25 [main] DEBUG org.hibernate.SQL - 
    delete 
    from
        parts 
    where
        id=? 
        and version=?
2025-01-03 19:47:25 [main] DEBUG org.hibernate.SQL - 
    select
        s1_0.id,
        s1_0.actives,
        s1_0.columns,
        s1_0.row_data,
        s1_0.sector,
        s1_0.shelves,
        s1_0.version 
    from
        sectors s1_0 
    where
        s1_0.id=?
2025-01-03 19:47:25 [main] DEBUG org.hibernate.SQL - 
    select
        p1_0.sector,
        p1_0.id,
        p1_0.actives,
        p1_0.quantities,
        p1_0.cods,
        p1_0.images,
        p1_0.names,
        p1_0.version 
    from
        parts p1_0 
    where
        p1_0.sector=?
2025-01-03 19:47:25 [main] DEBUG org.hibernate.SQL - 
    delete 
    from
        sectors 
    where
        id=? 
        and version=?
2025-01-03 19:47:25 [main] DEBUG org.hibernate.SQL - 
    insert 
    into
        sectors
        (actives, columns, row_data, sector, shelves, version, id) 
    values
        (?, ?, ?, ?, ?, ?, default)
2025-01-03 19:47:25 [main] DEBUG org.hibernate.SQL - 
    select
        s1_0.id,
        s1_0.actives,
        s1_0.columns,
        s1_0.row_data,
        s1_0.sector,
        s1_0.shelves,
        s1_0.version 
    from
        sectors s1_0 
    where
        s1_0.id=?
2025-01-03 19:47:25 [main] DEBUG org.hibernate.SQL - 
    select
        p1_0.id 
    from
        parts p1_0 
    where
        p1_0.cods=? 
        and p1_0.names=? 
        and p1_0.sector=? 
    fetch
        first ? rows only
2025-01-03 19:47:26 [main] DEBUG org.hibernate.SQL - 
    insert 
    into
        parts
        (actives, quantities, cods, images, names, sector, version, id) 
    values
        (?, ?, ?, ?, ?, ?, ?, default)
2025-01-03 19:47:26 [main] DEBUG org.hibernate.SQL - 
    select
        s1_0.id,
        s1_0.actives,
        s1_0.columns,
        s1_0.row_data,
        s1_0.sector,
        s1_0.shelves,
        s1_0.version 
    from
        sectors s1_0 
    where
        s1_0.id=?
2025-01-03 19:47:26 [main] DEBUG org.hibernate.SQL - 
    select
        p1_0.sector,
        p1_0.id,
        p1_0.actives,
        p1_0.quantities,
        p1_0.cods,
        p1_0.images,
        p1_0.names,
        p1_0.version 
    from
        parts p1_0 
    where
        p1_0.sector=?
2025-01-03 19:47:26 [main] DEBUG org.hibernate.SQL - 
    delete 
    from
        parts 
    where
        id=? 
        and version=?
2025-01-03 19:47:26 [main] DEBUG org.hibernate.SQL - 
    delete 
    from
        sectors 
    where
        id=? 
        and version=?
2025-01-03 19:47:26 [main] DEBUG org.hibernate.SQL - 
    insert 
    into
        sectors
        (actives, columns, row_data, sector, shelves, version, id) 
    values
        (?, ?, ?, ?, ?, ?, default)
2025-01-03 19:47:26 [main] DEBUG org.hibernate.SQL - 
    insert 
    into
        parts
        (actives, quantities, cods, images, names, sector, version, id) 
    values
        (?, ?, ?, ?, ?, ?, ?, default)
2025-01-03 19:47:26 [main] DEBUG org.hibernate.SQL - 
    insert 
    into
        sectors
        (actives, columns, row_data, sector, shelves, version, id) 
    values
        (?, ?, ?, ?, ?, ?, default)
2025-01-03 19:47:26 [main] DEBUG org.hibernate.SQL - 
    insert 
    into
        parts
        (actives, quantities, cods, images, names, sector, version, id) 
    values
        (?, ?, ?, ?, ?, ?, ?, default)
2025-01-03 19:47:26 [main] DEBUG org.hibernate.SQL - 
    select
        p1_0.id,
        p1_0.actives,
        p1_0.quantities,
        p1_0.cods,
        p1_0.images,
        p1_0.names,
        p1_0.sector,
        p1_0.version 
    from
        parts p1_0 
    where
        upper(p1_0.names) like upper(?) escape '\' 
        and p1_0.actives 
    order by
        p1_0.id 
    fetch
        first ? rows only
2025-01-03 19:47:26 [main] DEBUG org.hibernate.SQL - 
    select
        s1_0.id,
        s1_0.actives,
        s1_0.columns,
        s1_0.row_data,
        s1_0.sector,
        s1_0.shelves,
        s1_0.version 
    from
        sectors s1_0 
    where
        s1_0.id=?
2025-01-03 19:47:26 [main] DEBUG org.hibernate.SQL - 
    select
        s1_0.id,
        s1_0.actives,
        s1_0.columns,
        s1_0.row_data,
        s1_0.sector,
        s1_0.shelves,
        s1_0.version 
    from
        sectors s1_0 
    where
        s1_0.id=?
2025-01-03 19:47:26 [main] DEBUG org.hibernate.SQL - 
    select
        p1_0.id,
        p1_0.actives,
        p1_0.quantities,
        p1_0.cods,
        p1_0.images,
        p1_0.names,
        s1_0.id,
        s1_0.actives,
        s1_0.columns,
        s1_0.row_data,
        s1_0.sector,
        s1_0.shelves,
        s1_0.version,
        p1_0.version 
    from
        parts p1_0 
    left join
        sectors s1_0 
            on s1_0.id=p1_0.sector 
    where
        p1_0.id=?
2025-01-03 19:47:26 [main] DEBUG org.hibernate.SQL - 
    delete 
    from
        parts 
    where
        id=? 
        and version=?
2025-01-03 19:47:26 [main] DEBUG org.hibernate.SQL - 
    select
        s1_0.id,
        s1_0.actives,
        s1_0.columns,
        s1_0.row_data,
        s1_0.sector,
        s1_0.shelves,
        s1_0.version 
    from
        sectors s1_0 
    where
        s1_0.id=?
2025-01-03 19:47:26 [main] DEBUG org.hibernate.SQL - 
    select
        p1_0.sector,
        p1_0.id,
        p1_0.actives,
        p1_0.quantities,
        p1_0.cods,
        p1_0.images,
        p1_0.names,
        p1_0.version 
    from
        parts p1_0 
    where
        p1_0.sector=?
2025-01-03 19:47:26 [main] DEBUG org.hibernate.SQL - 
    delete 
    from
        sectors 
    where
        id=? 
        and version=?
2025-01-03 19:47:26 [main] DEBUG org.hibernate.SQL - 
    select
        p1_0.id,
        p1_0.actives,
        p1_0.quantities,
        p1_0.cods,
        p1_0.images,
        p1_0.names,
        s1_0.id,
        s1_0.actives,
        s1_0.columns,
        s1_0.row_data,
        s1_0.sector,
        s1_0.shelves,
        s1_0.version,
        p1_0.version 
    from
        parts p1_0 
    left join
        sectors s1_0 
            on s1_0.id=p1_0.sector 
    where
        p1_0.id=?
2025-01-03 19:47:26 [main] DEBUG org.hibernate.SQL - 
    delete 
    from
        parts 
    where
        id=? 
        and version=?
2025-01-03 19:47:26 [main] DEBUG org.hibernate.SQL - 
    select
        s1_0.id,
        s1_0.actives,
        s1_0.columns,
        s1_0.row_data,
        s1_0.sector,
        s1_0.shelves,
        s1_0.version 
    from
        sectors s1_0 
    where
        s1_0.id=?
2025-01-03 19:47:26 [main] DEBUG org.hibernate.SQL - 
    select
        p1_0.sector,
        p1_0.id,
        p1_0.actives,
        p1_0.quantities,
        p1_0.cods,
        p1_0.images,
        p1_0.names,
        p1_0.version 
    from
        parts p1_0 
    where
        p1_0.sector=?
2025-01-03 19:47:26 [main] DEBUG org.hibernate.SQL - 
    delete 
    from
        sectors 
    where
        id=? 
        and version=?
2025-01-03 19:47:26 [main] DEBUG org.hibernate.SQL - 
    insert 
    into
        sectors
        (actives, columns, row_data, sector, shelves, version, id) 
    values
        (?, ?, ?, ?, ?, ?, default)
2025-01-03 19:47:26 [main] DEBUG org.hibernate.SQL - 
    insert 
    into
        parts
        (actives, quantities, cods, images, names, sector, version, id) 
    values
        (?, ?, ?, ?, ?, ?, ?, default)
2025-01-03 19:47:26 [main] DEBUG org.hibernate.SQL - 
    select
        p1_0.id,
        p1_0.actives,
        p1_0.quantities,
        p1_0.cods,
        p1_0.images,
        p1_0.names,
        p1_0.sector,
        p1_0.version 
    from
        parts p1_0 
    where
        p1_0.cods=? 
        and p1_0.actives
2025-01-03 19:47:26 [main] DEBUG org.hibernate.SQL - 
    select
        s1_0.id,
        s1_0.actives,
        s1_0.columns,
        s1_0.row_data,
        s1_0.sector,
        s1_0.shelves,
        s1_0.version 
    from
        sectors s1_0 
    where
        s1_0.id=?
2025-01-03 19:47:26 [main] DEBUG org.hibernate.SQL - 
    select
        p1_0.id,
        p1_0.actives,
        p1_0.quantities,
        p1_0.cods,
        p1_0.images,
        p1_0.names,
        s1_0.id,
        s1_0.actives,
        s1_0.columns,
        s1_0.row_data,
        s1_0.sector,
        s1_0.shelves,
        s1_0.version,
        p1_0.version 
    from
        parts p1_0 
    left join
        sectors s1_0 
            on s1_0.id=p1_0.sector 
    where
        p1_0.id=?
2025-01-03 19:47:26 [main] DEBUG org.hibernate.SQL - 
    delete 
    from
        parts 
    where
        id=? 
        and version=?
2025-01-03 19:47:26 [main] DEBUG org.hibernate.SQL - 
    select
        s1_0.id,
        s1_0.actives,
        s1_0.columns,
        s1_0.row_data,
        s1_0.sector,
        s1_0.shelves,
        s1_0.version 
    from
        sectors s1_0 
    where
        s1_0.id=?
2025-01-03 19:47:26 [main] DEBUG org.hibernate.SQL - 
    select
        p1_0.sector,
        p1_0.id,
        p1_0.actives,
        p1_0.quantities,
        p1_0.cods,
        p1_0.images,
        p1_0.names,
        p1_0.version 
    from
        parts p1_0 
    where
        p1_0.sector=?
2025-01-03 19:47:26 [main] DEBUG org.hibernate.SQL - 
    delete 
    from
        sectors 
    where
        id=? 
        and version=?
2025-01-03 19:47:26 [main] DEBUG org.hibernate.SQL - 
    insert 
    into
        sectors
        (actives, columns, row_data, sector, shelves, version, id) 
    values
        (?, ?, ?, ?, ?, ?, default)
2025-01-03 19:47:26 [main] DEBUG org.hibernate.SQL - 
    insert 
    into
        parts
        (actives, quantities, cods, images, names, sector, version, id) 
    values
        (?, ?, ?, ?, ?, ?, ?, default)
2025-01-03 19:47:26 [main] DEBUG org.hibernate.SQL - 
    select
        p1_0.id,
        p1_0.actives,
        p1_0.quantities,
        p1_0.cods,
        p1_0.images,
        p1_0.names,
        p1_0.sector,
        p1_0.version 
    from
        parts p1_0 
    where
        p1_0.cods=? 
        or upper(p1_0.names) like upper(?) escape '\' 
        and p1_0.actives 
    order by
        p1_0.id 
    fetch
        first ? rows only
2025-01-03 19:47:26 [main] DEBUG org.hibernate.SQL - 
    select
        s1_0.id,
        s1_0.actives,
        s1_0.columns,
        s1_0.row_data,
        s1_0.sector,
        s1_0.shelves,
        s1_0.version 
    from
        sectors s1_0 
    where
        s1_0.id=?
2025-01-03 19:47:26 [main] DEBUG org.hibernate.SQL - 
    select
        p1_0.id,
        p1_0.actives,
        p1_0.quantities,
        p1_0.cods,
        p1_0.images,
        p1_0.names,
        s1_0.id,
        s1_0.actives,
        s1_0.columns,
        s1_0.row_data,
        s1_0.sector,
        s1_0.shelves,
        s1_0.version,
        p1_0.version 
    from
        parts p1_0 
    left join
        sectors s1_0 
            on s1_0.id=p1_0.sector 
    where
        p1_0.id=?
2025-01-03 19:47:26 [main] DEBUG org.hibernate.SQL - 
    delete 
    from
        parts 
    where
        id=? 
        and version=?
2025-01-03 19:47:26 [main] DEBUG org.hibernate.SQL - 
    select
        s1_0.id,
        s1_0.actives,
        s1_0.columns,
        s1_0.row_data,
        s1_0.sector,
        s1_0.shelves,
        s1_0.version 
    from
        sectors s1_0 
    where
        s1_0.id=?
2025-01-03 19:47:26 [main] DEBUG org.hibernate.SQL - 
    select
        p1_0.sector,
        p1_0.id,
        p1_0.actives,
        p1_0.quantities,
        p1_0.cods,
        p1_0.images,
        p1_0.names,
        p1_0.version 
    from
        parts p1_0 
    where
        p1_0.sector=?
2025-01-03 19:47:26 [main] DEBUG org.hibernate.SQL - 
    delete 
    from
        sectors 
    where
        id=? 
        and version=?
2025-01-03 19:47:26 [main] DEBUG org.hibernate.SQL - 
    select
        s1_0.id,
        s1_0.actives,
        s1_0.columns,
        s1_0.row_data,
        s1_0.sector,
        s1_0.shelves,
        s1_0.version 
    from
        sectors s1_0 
    where
        s1_0.actives 
    order by
        s1_0.id 
    fetch
        first ? rows only
2025-01-03 19:47:26 [main] DEBUG org.hibernate.SQL - 
    insert 
    into
        sectors
        (actives, columns, row_data, sector, shelves, version, id) 
    values
        (?, ?, ?, ?, ?, ?, default)
2025-01-03 19:47:26 [main] DEBUG org.hibernate.SQL - 
    select
        s1_0.id,
        s1_0.actives,
        s1_0.columns,
        s1_0.row_data,
        s1_0.sector,
        s1_0.shelves,
        s1_0.version 
    from
        sectors s1_0 
    where
        s1_0.id=? 
        and s1_0.actives
2025-01-03 19:47:26 [main] DEBUG org.hibernate.SQL - 
    update
        sectors 
    set
        actives=?,
        columns=?,
        row_data=?,
        sector=?,
        shelves=?,
        version=? 
    where
        id=? 
        and version=?
2025-01-03 19:47:26 [main] DEBUG org.hibernate.SQL - 
    select
        s1_0.id,
        s1_0.actives,
        s1_0.columns,
        s1_0.row_data,
        s1_0.sector,
        s1_0.shelves,
        s1_0.version 
    from
        sectors s1_0 
    where
        s1_0.id=?
2025-01-03 19:47:26 [main] DEBUG org.hibernate.SQL - 
    select
        p1_0.sector,
        p1_0.id,
        p1_0.actives,
        p1_0.quantities,
        p1_0.cods,
        p1_0.images,
        p1_0.names,
        p1_0.version 
    from
        parts p1_0 
    where
        p1_0.sector=?
2025-01-03 19:47:26 [main] DEBUG org.hibernate.SQL - 
    delete 
    from
        sectors 
    where
        id=? 
        and version=?
2025-01-03 19:47:26 [main] DEBUG org.hibernate.SQL - 
    insert 
    into
        sectors
        (actives, columns, row_data, sector, shelves, version, id) 
    values
        (?, ?, ?, ?, ?, ?, default)
2025-01-03 19:47:26 [main] DEBUG org.hibernate.SQL - 
    select
        s1_0.id,
        s1_0.actives,
        s1_0.columns,
        s1_0.row_data,
        s1_0.sector,
        s1_0.shelves,
        s1_0.version 
    from
        sectors s1_0 
    where
        s1_0.id=? 
        and s1_0.actives
2025-01-03 19:47:26 [main] DEBUG org.hibernate.SQL - 
    select
        p1_0.sector,
        p1_0.id,
        p1_0.actives,
        p1_0.quantities,
        p1_0.cods,
        p1_0.images,
        p1_0.names,
        p1_0.version 
    from
        parts p1_0 
    where
        p1_0.sector=?
2025-01-03 19:47:26 [main] DEBUG org.hibernate.SQL - 
    select
        s1_0.id,
        s1_0.actives,
        s1_0.columns,
        s1_0.row_data,
        s1_0.sector,
        s1_0.shelves,
        s1_0.version 
    from
        sectors s1_0 
    where
        s1_0.id=?
2025-01-03 19:47:26 [main] DEBUG org.hibernate.SQL - 
    select
        p1_0.sector,
        p1_0.id,
        p1_0.actives,
        p1_0.quantities,
        p1_0.cods,
        p1_0.images,
        p1_0.names,
        p1_0.version 
    from
        parts p1_0 
    where
        p1_0.sector=?
2025-01-03 19:47:26 [main] DEBUG org.hibernate.SQL - 
    delete 
    from
        sectors 
    where
        id=? 
        and version=?
2025-01-03 19:47:26 [main] DEBUG org.hibernate.SQL - 
    select
        s1_0.id 
    from
        sectors s1_0 
    where
        s1_0.sector=? 
        and s1_0.shelves=? 
        and s1_0.columns=? 
        and s1_0.row_data=? 
    fetch
        first ? rows only
2025-01-03 19:47:26 [main] DEBUG org.hibernate.SQL - 
    insert 
    into
        sectors
        (actives, columns, row_data, sector, shelves, version, id) 
    values
        (?, ?, ?, ?, ?, ?, default)
2025-01-03 19:47:26 [main] DEBUG org.hibernate.SQL - 
    insert 
    into
        sectors
        (actives, columns, row_data, sector, shelves, version, id) 
    values
        (?, ?, ?, ?, ?, ?, default)
2025-01-03 19:47:26 [main] DEBUG org.hibernate.SQL - 
    select
        s1_0.id,
        s1_0.actives,
        s1_0.columns,
        s1_0.row_data,
        s1_0.sector,
        s1_0.shelves,
        s1_0.version 
    from
        sectors s1_0 
    where
        s1_0.id=? 
        and s1_0.actives
2025-01-03 19:47:26 [main] DEBUG org.hibernate.SQL - 
    select
        p1_0.sector,
        p1_0.id,
        p1_0.actives,
        p1_0.quantities,
        p1_0.cods,
        p1_0.images,
        p1_0.names,
        p1_0.version 
    from
        parts p1_0 
    where
        p1_0.sector=?
2025-01-03 19:47:26 [main] DEBUG org.hibernate.SQL - 
    select
        s1_0.id,
        s1_0.actives,
        s1_0.columns,
        s1_0.row_data,
        s1_0.sector,
        s1_0.shelves,
        s1_0.version 
    from
        sectors s1_0 
    where
        s1_0.id=?
2025-01-03 19:47:26 [main] DEBUG org.hibernate.SQL - 
    select
        p1_0.sector,
        p1_0.id,
        p1_0.actives,
        p1_0.quantities,
        p1_0.cods,
        p1_0.images,
        p1_0.names,
        p1_0.version 
    from
        parts p1_0 
    where
        p1_0.sector=?
2025-01-03 19:47:26 [main] DEBUG org.hibernate.SQL - 
    delete 
    from
        sectors 
    where
        id=? 
        and version=?
2025-01-03 19:47:29 [SpringApplicationShutdownHook] DEBUG org.hibernate.SQL - 
    drop table if exists parts cascade 
2025-01-03 19:47:29 [SpringApplicationShutdownHook] DEBUG org.hibernate.SQL - 
    drop table if exists sectors cascade 
2025-01-03 19:48:09 [main] DEBUG org.hibernate.SQL - 
    drop table if exists parts cascade 
2025-01-03 19:48:09 [main] DEBUG org.hibernate.SQL - 
    drop table if exists sectors cascade 
2025-01-03 19:48:09 [main] DEBUG org.hibernate.SQL - 
    create table parts (
        actives boolean not null,
        quantities float(53) not null,
        version integer,
        cods bigint not null,
        id bigint generated by default as identity,
        sector bigint,
        names varchar(255) not null,
        images blob not null,
        primary key (id)
    )
2025-01-03 19:48:09 [main] DEBUG org.hibernate.SQL - 
    create table sectors (
        actives boolean not null,
        version integer,
        id bigint generated by default as identity,
        columns varchar(255) not null,
        row_data varchar(255) not null,
        sector varchar(255) not null,
        shelves varchar(255) not null,
        primary key (id)
    )
2025-01-03 19:48:09 [main] DEBUG org.hibernate.SQL - 
    alter table if exists parts 
       add constraint FK44bpbjjhvt2bd6spralcvfki7 
       foreign key (sector) 
       references sectors
2025-01-03 19:48:13 [main] DEBUG org.hibernate.SQL - 
    insert 
    into
        sectors
        (actives, columns, row_data, sector, shelves, version, id) 
    values
        (?, ?, ?, ?, ?, ?, default)
2025-01-03 19:48:13 [main] DEBUG org.hibernate.SQL - 
    insert 
    into
        parts
        (actives, quantities, cods, images, names, sector, version, id) 
    values
        (?, ?, ?, ?, ?, ?, ?, default)
2025-01-03 19:48:13 [main] DEBUG org.hibernate.SQL - 
    insert 
    into
        sectors
        (actives, columns, row_data, sector, shelves, version, id) 
    values
        (?, ?, ?, ?, ?, ?, default)
2025-01-03 19:48:13 [main] DEBUG org.hibernate.SQL - 
    select
        p1_0.id,
        p1_0.actives,
        p1_0.quantities,
        p1_0.cods,
        p1_0.images,
        p1_0.names,
        s1_0.id,
        s1_0.actives,
        s1_0.columns,
        s1_0.row_data,
        s1_0.sector,
        s1_0.shelves,
        s1_0.version,
        p1_0.version 
    from
        parts p1_0 
    left join
        sectors s1_0 
            on s1_0.id=p1_0.sector 
    where
        p1_0.id=?
2025-01-03 19:48:13 [main] DEBUG org.hibernate.SQL - 
    select
        s1_0.id,
        s1_0.actives,
        s1_0.columns,
        s1_0.row_data,
        s1_0.sector,
        s1_0.shelves,
        s1_0.version 
    from
        sectors s1_0 
    where
        s1_0.id=? 
        and s1_0.actives
2025-01-03 19:48:13 [main] DEBUG org.hibernate.SQL - 
    update
        parts 
    set
        actives=?,
        quantities=?,
        cods=?,
        images=?,
        names=?,
        sector=?,
        version=? 
    where
        id=? 
        and version=?
2025-01-03 19:48:13 [main] DEBUG org.hibernate.SQL - 
    select
        p1_0.id,
        p1_0.actives,
        p1_0.quantities,
        p1_0.cods,
        p1_0.images,
        p1_0.names,
        s1_0.id,
        s1_0.actives,
        s1_0.columns,
        s1_0.row_data,
        s1_0.sector,
        s1_0.shelves,
        s1_0.version,
        p1_0.version 
    from
        parts p1_0 
    left join
        sectors s1_0 
            on s1_0.id=p1_0.sector 
    where
        p1_0.id=?
2025-01-03 19:48:13 [main] DEBUG org.hibernate.SQL - 
    delete 
    from
        parts 
    where
        id=? 
        and version=?
2025-01-03 19:48:13 [main] DEBUG org.hibernate.SQL - 
    select
        s1_0.id,
        s1_0.actives,
        s1_0.columns,
        s1_0.row_data,
        s1_0.sector,
        s1_0.shelves,
        s1_0.version 
    from
        sectors s1_0 
    where
        s1_0.id=?
2025-01-03 19:48:13 [main] DEBUG org.hibernate.SQL - 
    select
        p1_0.sector,
        p1_0.id,
        p1_0.actives,
        p1_0.quantities,
        p1_0.cods,
        p1_0.images,
        p1_0.names,
        p1_0.version 
    from
        parts p1_0 
    where
        p1_0.sector=?
2025-01-03 19:48:13 [main] DEBUG org.hibernate.SQL - 
    delete 
    from
        sectors 
    where
        id=? 
        and version=?
2025-01-03 19:48:13 [main] DEBUG org.hibernate.SQL - 
    select
        s1_0.id,
        s1_0.actives,
        s1_0.columns,
        s1_0.row_data,
        s1_0.sector,
        s1_0.shelves,
        s1_0.version 
    from
        sectors s1_0 
    where
        s1_0.id=?
2025-01-03 19:48:13 [main] DEBUG org.hibernate.SQL - 
    select
        p1_0.sector,
        p1_0.id,
        p1_0.actives,
        p1_0.quantities,
        p1_0.cods,
        p1_0.images,
        p1_0.names,
        p1_0.version 
    from
        parts p1_0 
    where
        p1_0.sector=?
2025-01-03 19:48:13 [main] DEBUG org.hibernate.SQL - 
    delete 
    from
        sectors 
    where
        id=? 
        and version=?
2025-01-03 19:48:14 [main] DEBUG org.hibernate.SQL - 
    select
        p1_0.id,
        p1_0.actives,
        p1_0.quantities,
        p1_0.cods,
        p1_0.images,
        p1_0.names,
        p1_0.sector,
        p1_0.version 
    from
        parts p1_0 
    where
        p1_0.actives 
    order by
        p1_0.id 
    fetch
        first ? rows only
2025-01-03 19:48:14 [main] DEBUG org.hibernate.SQL - 
    insert 
    into
        sectors
        (actives, columns, row_data, sector, shelves, version, id) 
    values
        (?, ?, ?, ?, ?, ?, default)
2025-01-03 19:48:14 [main] DEBUG org.hibernate.SQL - 
    insert 
    into
        parts
        (actives, quantities, cods, images, names, sector, version, id) 
    values
        (?, ?, ?, ?, ?, ?, ?, default)
2025-01-03 19:48:14 [main] DEBUG org.hibernate.SQL - 
    select
        p1_0.id,
        p1_0.actives,
        p1_0.quantities,
        p1_0.cods,
        p1_0.images,
        p1_0.names,
        s1_0.id,
        s1_0.actives,
        s1_0.columns,
        s1_0.row_data,
        s1_0.sector,
        s1_0.shelves,
        s1_0.version,
        p1_0.version 
    from
        parts p1_0 
    left join
        sectors s1_0 
            on s1_0.id=p1_0.sector 
    where
        p1_0.id=?
2025-01-03 19:48:14 [main] DEBUG org.hibernate.SQL - 
    update
        parts 
    set
        actives=?,
        quantities=?,
        cods=?,
        images=?,
        names=?,
        sector=?,
        version=? 
    where
        id=? 
        and version=?
2025-01-03 19:48:14 [main] DEBUG org.hibernate.SQL - 
    select
        p1_0.id,
        p1_0.actives,
        p1_0.quantities,
        p1_0.cods,
        p1_0.images,
        p1_0.names,
        s1_0.id,
        s1_0.actives,
        s1_0.columns,
        s1_0.row_data,
        s1_0.sector,
        s1_0.shelves,
        s1_0.version,
        p1_0.version 
    from
        parts p1_0 
    left join
        sectors s1_0 
            on s1_0.id=p1_0.sector 
    where
        p1_0.id=?
2025-01-03 19:48:14 [main] DEBUG org.hibernate.SQL - 
    delete 
    from
        parts 
    where
        id=? 
        and version=?
2025-01-03 19:48:14 [main] DEBUG org.hibernate.SQL - 
    select
        s1_0.id,
        s1_0.actives,
        s1_0.columns,
        s1_0.row_data,
        s1_0.sector,
        s1_0.shelves,
        s1_0.version 
    from
        sectors s1_0 
    where
        s1_0.id=?
2025-01-03 19:48:14 [main] DEBUG org.hibernate.SQL - 
    select
        p1_0.sector,
        p1_0.id,
        p1_0.actives,
        p1_0.quantities,
        p1_0.cods,
        p1_0.images,
        p1_0.names,
        p1_0.version 
    from
        parts p1_0 
    where
        p1_0.sector=?
2025-01-03 19:48:14 [main] DEBUG org.hibernate.SQL - 
    delete 
    from
        sectors 
    where
        id=? 
        and version=?
2025-01-03 19:48:14 [main] DEBUG org.hibernate.SQL - 
    insert 
    into
        sectors
        (actives, columns, row_data, sector, shelves, version, id) 
    values
        (?, ?, ?, ?, ?, ?, default)
2025-01-03 19:48:14 [main] DEBUG org.hibernate.SQL - 
    insert 
    into
        parts
        (actives, quantities, cods, images, names, sector, version, id) 
    values
        (?, ?, ?, ?, ?, ?, ?, default)
2025-01-03 19:48:14 [main] DEBUG org.hibernate.SQL - 
    select
        p1_0.id,
        p1_0.actives,
        p1_0.quantities,
        p1_0.cods,
        p1_0.images,
        p1_0.names,
        p1_0.sector,
        p1_0.version 
    from
        parts p1_0 
    where
        p1_0.id=? 
        and p1_0.actives
2025-01-03 19:48:14 [main] DEBUG org.hibernate.SQL - 
    select
        s1_0.id,
        s1_0.actives,
        s1_0.columns,
        s1_0.row_data,
        s1_0.sector,
        s1_0.shelves,
        s1_0.version 
    from
        sectors s1_0 
    where
        s1_0.id=?
2025-01-03 19:48:14 [main] DEBUG org.hibernate.SQL - 
    select
        p1_0.id,
        p1_0.actives,
        p1_0.quantities,
        p1_0.cods,
        p1_0.images,
        p1_0.names,
        s1_0.id,
        s1_0.actives,
        s1_0.columns,
        s1_0.row_data,
        s1_0.sector,
        s1_0.shelves,
        s1_0.version,
        p1_0.version 
    from
        parts p1_0 
    left join
        sectors s1_0 
            on s1_0.id=p1_0.sector 
    where
        p1_0.id=?
2025-01-03 19:48:14 [main] DEBUG org.hibernate.SQL - 
    delete 
    from
        parts 
    where
        id=? 
        and version=?
2025-01-03 19:48:14 [main] DEBUG org.hibernate.SQL - 
    select
        s1_0.id,
        s1_0.actives,
        s1_0.columns,
        s1_0.row_data,
        s1_0.sector,
        s1_0.shelves,
        s1_0.version 
    from
        sectors s1_0 
    where
        s1_0.id=?
2025-01-03 19:48:14 [main] DEBUG org.hibernate.SQL - 
    select
        p1_0.sector,
        p1_0.id,
        p1_0.actives,
        p1_0.quantities,
        p1_0.cods,
        p1_0.images,
        p1_0.names,
        p1_0.version 
    from
        parts p1_0 
    where
        p1_0.sector=?
2025-01-03 19:48:14 [main] DEBUG org.hibernate.SQL - 
    delete 
    from
        sectors 
    where
        id=? 
        and version=?
2025-01-03 19:48:14 [main] DEBUG org.hibernate.SQL - 
    insert 
    into
        sectors
        (actives, columns, row_data, sector, shelves, version, id) 
    values
        (?, ?, ?, ?, ?, ?, default)
2025-01-03 19:48:14 [main] DEBUG org.hibernate.SQL - 
    select
        s1_0.id,
        s1_0.actives,
        s1_0.columns,
        s1_0.row_data,
        s1_0.sector,
        s1_0.shelves,
        s1_0.version 
    from
        sectors s1_0 
    where
        s1_0.id=?
2025-01-03 19:48:14 [main] DEBUG org.hibernate.SQL - 
    select
        p1_0.id 
    from
        parts p1_0 
    where
        p1_0.cods=? 
        and p1_0.names=? 
        and p1_0.sector=? 
    fetch
        first ? rows only
2025-01-03 19:48:14 [main] DEBUG org.hibernate.SQL - 
    insert 
    into
        parts
        (actives, quantities, cods, images, names, sector, version, id) 
    values
        (?, ?, ?, ?, ?, ?, ?, default)
2025-01-03 19:48:14 [main] DEBUG org.hibernate.SQL - 
    select
        s1_0.id,
        s1_0.actives,
        s1_0.columns,
        s1_0.row_data,
        s1_0.sector,
        s1_0.shelves,
        s1_0.version 
    from
        sectors s1_0 
    where
        s1_0.id=?
2025-01-03 19:48:14 [main] DEBUG org.hibernate.SQL - 
    select
        p1_0.sector,
        p1_0.id,
        p1_0.actives,
        p1_0.quantities,
        p1_0.cods,
        p1_0.images,
        p1_0.names,
        p1_0.version 
    from
        parts p1_0 
    where
        p1_0.sector=?
2025-01-03 19:48:14 [main] DEBUG org.hibernate.SQL - 
    delete 
    from
        parts 
    where
        id=? 
        and version=?
2025-01-03 19:48:14 [main] DEBUG org.hibernate.SQL - 
    delete 
    from
        sectors 
    where
        id=? 
        and version=?
2025-01-03 19:48:14 [main] DEBUG org.hibernate.SQL - 
    insert 
    into
        sectors
        (actives, columns, row_data, sector, shelves, version, id) 
    values
        (?, ?, ?, ?, ?, ?, default)
2025-01-03 19:48:14 [main] DEBUG org.hibernate.SQL - 
    insert 
    into
        parts
        (actives, quantities, cods, images, names, sector, version, id) 
    values
        (?, ?, ?, ?, ?, ?, ?, default)
2025-01-03 19:48:14 [main] DEBUG org.hibernate.SQL - 
    insert 
    into
        sectors
        (actives, columns, row_data, sector, shelves, version, id) 
    values
        (?, ?, ?, ?, ?, ?, default)
2025-01-03 19:48:14 [main] DEBUG org.hibernate.SQL - 
    insert 
    into
        parts
        (actives, quantities, cods, images, names, sector, version, id) 
    values
        (?, ?, ?, ?, ?, ?, ?, default)
2025-01-03 19:48:14 [main] DEBUG org.hibernate.SQL - 
    select
        p1_0.id,
        p1_0.actives,
        p1_0.quantities,
        p1_0.cods,
        p1_0.images,
        p1_0.names,
        p1_0.sector,
        p1_0.version 
    from
        parts p1_0 
    where
        upper(p1_0.names) like upper(?) escape '\' 
        and p1_0.actives 
    order by
        p1_0.id 
    fetch
        first ? rows only
2025-01-03 19:48:14 [main] DEBUG org.hibernate.SQL - 
    select
        s1_0.id,
        s1_0.actives,
        s1_0.columns,
        s1_0.row_data,
        s1_0.sector,
        s1_0.shelves,
        s1_0.version 
    from
        sectors s1_0 
    where
        s1_0.id=?
2025-01-03 19:48:14 [main] DEBUG org.hibernate.SQL - 
    select
        s1_0.id,
        s1_0.actives,
        s1_0.columns,
        s1_0.row_data,
        s1_0.sector,
        s1_0.shelves,
        s1_0.version 
    from
        sectors s1_0 
    where
        s1_0.id=?
2025-01-03 19:48:14 [main] DEBUG org.hibernate.SQL - 
    select
        p1_0.id,
        p1_0.actives,
        p1_0.quantities,
        p1_0.cods,
        p1_0.images,
        p1_0.names,
        s1_0.id,
        s1_0.actives,
        s1_0.columns,
        s1_0.row_data,
        s1_0.sector,
        s1_0.shelves,
        s1_0.version,
        p1_0.version 
    from
        parts p1_0 
    left join
        sectors s1_0 
            on s1_0.id=p1_0.sector 
    where
        p1_0.id=?
2025-01-03 19:48:14 [main] DEBUG org.hibernate.SQL - 
    delete 
    from
        parts 
    where
        id=? 
        and version=?
2025-01-03 19:48:14 [main] DEBUG org.hibernate.SQL - 
    select
        s1_0.id,
        s1_0.actives,
        s1_0.columns,
        s1_0.row_data,
        s1_0.sector,
        s1_0.shelves,
        s1_0.version 
    from
        sectors s1_0 
    where
        s1_0.id=?
2025-01-03 19:48:14 [main] DEBUG org.hibernate.SQL - 
    select
        p1_0.sector,
        p1_0.id,
        p1_0.actives,
        p1_0.quantities,
        p1_0.cods,
        p1_0.images,
        p1_0.names,
        p1_0.version 
    from
        parts p1_0 
    where
        p1_0.sector=?
2025-01-03 19:48:14 [main] DEBUG org.hibernate.SQL - 
    delete 
    from
        sectors 
    where
        id=? 
        and version=?
2025-01-03 19:48:14 [main] DEBUG org.hibernate.SQL - 
    select
        p1_0.id,
        p1_0.actives,
        p1_0.quantities,
        p1_0.cods,
        p1_0.images,
        p1_0.names,
        s1_0.id,
        s1_0.actives,
        s1_0.columns,
        s1_0.row_data,
        s1_0.sector,
        s1_0.shelves,
        s1_0.version,
        p1_0.version 
    from
        parts p1_0 
    left join
        sectors s1_0 
            on s1_0.id=p1_0.sector 
    where
        p1_0.id=?
2025-01-03 19:48:14 [main] DEBUG org.hibernate.SQL - 
    delete 
    from
        parts 
    where
        id=? 
        and version=?
2025-01-03 19:48:14 [main] DEBUG org.hibernate.SQL - 
    select
        s1_0.id,
        s1_0.actives,
        s1_0.columns,
        s1_0.row_data,
        s1_0.sector,
        s1_0.shelves,
        s1_0.version 
    from
        sectors s1_0 
    where
        s1_0.id=?
2025-01-03 19:48:14 [main] DEBUG org.hibernate.SQL - 
    select
        p1_0.sector,
        p1_0.id,
        p1_0.actives,
        p1_0.quantities,
        p1_0.cods,
        p1_0.images,
        p1_0.names,
        p1_0.version 
    from
        parts p1_0 
    where
        p1_0.sector=?
2025-01-03 19:48:15 [main] DEBUG org.hibernate.SQL - 
    delete 
    from
        sectors 
    where
        id=? 
        and version=?
2025-01-03 19:48:15 [main] DEBUG org.hibernate.SQL - 
    insert 
    into
        sectors
        (actives, columns, row_data, sector, shelves, version, id) 
    values
        (?, ?, ?, ?, ?, ?, default)
2025-01-03 19:48:15 [main] DEBUG org.hibernate.SQL - 
    insert 
    into
        parts
        (actives, quantities, cods, images, names, sector, version, id) 
    values
        (?, ?, ?, ?, ?, ?, ?, default)
2025-01-03 19:48:15 [main] DEBUG org.hibernate.SQL - 
    select
        p1_0.id,
        p1_0.actives,
        p1_0.quantities,
        p1_0.cods,
        p1_0.images,
        p1_0.names,
        p1_0.sector,
        p1_0.version 
    from
        parts p1_0 
    where
        p1_0.cods=? 
        and p1_0.actives
2025-01-03 19:48:15 [main] DEBUG org.hibernate.SQL - 
    select
        s1_0.id,
        s1_0.actives,
        s1_0.columns,
        s1_0.row_data,
        s1_0.sector,
        s1_0.shelves,
        s1_0.version 
    from
        sectors s1_0 
    where
        s1_0.id=?
2025-01-03 19:48:15 [main] DEBUG org.hibernate.SQL - 
    select
        p1_0.id,
        p1_0.actives,
        p1_0.quantities,
        p1_0.cods,
        p1_0.images,
        p1_0.names,
        s1_0.id,
        s1_0.actives,
        s1_0.columns,
        s1_0.row_data,
        s1_0.sector,
        s1_0.shelves,
        s1_0.version,
        p1_0.version 
    from
        parts p1_0 
    left join
        sectors s1_0 
            on s1_0.id=p1_0.sector 
    where
        p1_0.id=?
2025-01-03 19:48:15 [main] DEBUG org.hibernate.SQL - 
    delete 
    from
        parts 
    where
        id=? 
        and version=?
2025-01-03 19:48:15 [main] DEBUG org.hibernate.SQL - 
    select
        s1_0.id,
        s1_0.actives,
        s1_0.columns,
        s1_0.row_data,
        s1_0.sector,
        s1_0.shelves,
        s1_0.version 
    from
        sectors s1_0 
    where
        s1_0.id=?
2025-01-03 19:48:15 [main] DEBUG org.hibernate.SQL - 
    select
        p1_0.sector,
        p1_0.id,
        p1_0.actives,
        p1_0.quantities,
        p1_0.cods,
        p1_0.images,
        p1_0.names,
        p1_0.version 
    from
        parts p1_0 
    where
        p1_0.sector=?
2025-01-03 19:48:15 [main] DEBUG org.hibernate.SQL - 
    delete 
    from
        sectors 
    where
        id=? 
        and version=?
2025-01-03 19:48:15 [main] DEBUG org.hibernate.SQL - 
    insert 
    into
        sectors
        (actives, columns, row_data, sector, shelves, version, id) 
    values
        (?, ?, ?, ?, ?, ?, default)
2025-01-03 19:48:15 [main] DEBUG org.hibernate.SQL - 
    insert 
    into
        parts
        (actives, quantities, cods, images, names, sector, version, id) 
    values
        (?, ?, ?, ?, ?, ?, ?, default)
2025-01-03 19:48:15 [main] DEBUG org.hibernate.SQL - 
    select
        p1_0.id,
        p1_0.actives,
        p1_0.quantities,
        p1_0.cods,
        p1_0.images,
        p1_0.names,
        p1_0.sector,
        p1_0.version 
    from
        parts p1_0 
    where
        p1_0.cods=? 
        or upper(p1_0.names) like upper(?) escape '\' 
        and p1_0.actives 
    order by
        p1_0.id 
    fetch
        first ? rows only
2025-01-03 19:48:15 [main] DEBUG org.hibernate.SQL - 
    select
        s1_0.id,
        s1_0.actives,
        s1_0.columns,
        s1_0.row_data,
        s1_0.sector,
        s1_0.shelves,
        s1_0.version 
    from
        sectors s1_0 
    where
        s1_0.id=?
2025-01-03 19:48:15 [main] DEBUG org.hibernate.SQL - 
    select
        p1_0.id,
        p1_0.actives,
        p1_0.quantities,
        p1_0.cods,
        p1_0.images,
        p1_0.names,
        s1_0.id,
        s1_0.actives,
        s1_0.columns,
        s1_0.row_data,
        s1_0.sector,
        s1_0.shelves,
        s1_0.version,
        p1_0.version 
    from
        parts p1_0 
    left join
        sectors s1_0 
            on s1_0.id=p1_0.sector 
    where
        p1_0.id=?
2025-01-03 19:48:15 [main] DEBUG org.hibernate.SQL - 
    delete 
    from
        parts 
    where
        id=? 
        and version=?
2025-01-03 19:48:15 [main] DEBUG org.hibernate.SQL - 
    select
        s1_0.id,
        s1_0.actives,
        s1_0.columns,
        s1_0.row_data,
        s1_0.sector,
        s1_0.shelves,
        s1_0.version 
    from
        sectors s1_0 
    where
        s1_0.id=?
2025-01-03 19:48:15 [main] DEBUG org.hibernate.SQL - 
    select
        p1_0.sector,
        p1_0.id,
        p1_0.actives,
        p1_0.quantities,
        p1_0.cods,
        p1_0.images,
        p1_0.names,
        p1_0.version 
    from
        parts p1_0 
    where
        p1_0.sector=?
2025-01-03 19:48:15 [main] DEBUG org.hibernate.SQL - 
    delete 
    from
        sectors 
    where
        id=? 
        and version=?
2025-01-03 19:48:15 [main] DEBUG org.hibernate.SQL - 
    select
        s1_0.id,
        s1_0.actives,
        s1_0.columns,
        s1_0.row_data,
        s1_0.sector,
        s1_0.shelves,
        s1_0.version 
    from
        sectors s1_0 
    where
        s1_0.actives 
    order by
        s1_0.id 
    fetch
        first ? rows only
2025-01-03 19:48:15 [main] DEBUG org.hibernate.SQL - 
    insert 
    into
        sectors
        (actives, columns, row_data, sector, shelves, version, id) 
    values
        (?, ?, ?, ?, ?, ?, default)
2025-01-03 19:48:15 [main] DEBUG org.hibernate.SQL - 
    select
        s1_0.id,
        s1_0.actives,
        s1_0.columns,
        s1_0.row_data,
        s1_0.sector,
        s1_0.shelves,
        s1_0.version 
    from
        sectors s1_0 
    where
        s1_0.id=? 
        and s1_0.actives
2025-01-03 19:48:15 [main] DEBUG org.hibernate.SQL - 
    update
        sectors 
    set
        actives=?,
        columns=?,
        row_data=?,
        sector=?,
        shelves=?,
        version=? 
    where
        id=? 
        and version=?
2025-01-03 19:48:15 [main] DEBUG org.hibernate.SQL - 
    select
        s1_0.id,
        s1_0.actives,
        s1_0.columns,
        s1_0.row_data,
        s1_0.sector,
        s1_0.shelves,
        s1_0.version 
    from
        sectors s1_0 
    where
        s1_0.id=?
2025-01-03 19:48:15 [main] DEBUG org.hibernate.SQL - 
    select
        p1_0.sector,
        p1_0.id,
        p1_0.actives,
        p1_0.quantities,
        p1_0.cods,
        p1_0.images,
        p1_0.names,
        p1_0.version 
    from
        parts p1_0 
    where
        p1_0.sector=?
2025-01-03 19:48:15 [main] DEBUG org.hibernate.SQL - 
    delete 
    from
        sectors 
    where
        id=? 
        and version=?
2025-01-03 19:48:15 [main] DEBUG org.hibernate.SQL - 
    insert 
    into
        sectors
        (actives, columns, row_data, sector, shelves, version, id) 
    values
        (?, ?, ?, ?, ?, ?, default)
2025-01-03 19:48:15 [main] DEBUG org.hibernate.SQL - 
    select
        s1_0.id,
        s1_0.actives,
        s1_0.columns,
        s1_0.row_data,
        s1_0.sector,
        s1_0.shelves,
        s1_0.version 
    from
        sectors s1_0 
    where
        s1_0.id=? 
        and s1_0.actives
2025-01-03 19:48:15 [main] DEBUG org.hibernate.SQL - 
    select
        p1_0.sector,
        p1_0.id,
        p1_0.actives,
        p1_0.quantities,
        p1_0.cods,
        p1_0.images,
        p1_0.names,
        p1_0.version 
    from
        parts p1_0 
    where
        p1_0.sector=?
2025-01-03 19:48:15 [main] DEBUG org.hibernate.SQL - 
    select
        s1_0.id,
        s1_0.actives,
        s1_0.columns,
        s1_0.row_data,
        s1_0.sector,
        s1_0.shelves,
        s1_0.version 
    from
        sectors s1_0 
    where
        s1_0.id=?
2025-01-03 19:48:15 [main] DEBUG org.hibernate.SQL - 
    select
        p1_0.sector,
        p1_0.id,
        p1_0.actives,
        p1_0.quantities,
        p1_0.cods,
        p1_0.images,
        p1_0.names,
        p1_0.version 
    from
        parts p1_0 
    where
        p1_0.sector=?
2025-01-03 19:48:15 [main] DEBUG org.hibernate.SQL - 
    delete 
    from
        sectors 
    where
        id=? 
        and version=?
2025-01-03 19:48:15 [main] DEBUG org.hibernate.SQL - 
    select
        s1_0.id 
    from
        sectors s1_0 
    where
        s1_0.sector=? 
        and s1_0.shelves=? 
        and s1_0.columns=? 
        and s1_0.row_data=? 
    fetch
        first ? rows only
2025-01-03 19:48:15 [main] DEBUG org.hibernate.SQL - 
    insert 
    into
        sectors
        (actives, columns, row_data, sector, shelves, version, id) 
    values
        (?, ?, ?, ?, ?, ?, default)
2025-01-03 19:48:15 [main] DEBUG org.hibernate.SQL - 
    insert 
    into
        sectors
        (actives, columns, row_data, sector, shelves, version, id) 
    values
        (?, ?, ?, ?, ?, ?, default)
2025-01-03 19:48:15 [main] DEBUG org.hibernate.SQL - 
    select
        s1_0.id,
        s1_0.actives,
        s1_0.columns,
        s1_0.row_data,
        s1_0.sector,
        s1_0.shelves,
        s1_0.version 
    from
        sectors s1_0 
    where
        s1_0.id=? 
        and s1_0.actives
2025-01-03 19:48:15 [main] DEBUG org.hibernate.SQL - 
    select
        p1_0.sector,
        p1_0.id,
        p1_0.actives,
        p1_0.quantities,
        p1_0.cods,
        p1_0.images,
        p1_0.names,
        p1_0.version 
    from
        parts p1_0 
    where
        p1_0.sector=?
2025-01-03 19:48:15 [main] DEBUG org.hibernate.SQL - 
    select
        s1_0.id,
        s1_0.actives,
        s1_0.columns,
        s1_0.row_data,
        s1_0.sector,
        s1_0.shelves,
        s1_0.version 
    from
        sectors s1_0 
    where
        s1_0.id=?
2025-01-03 19:48:15 [main] DEBUG org.hibernate.SQL - 
    select
        p1_0.sector,
        p1_0.id,
        p1_0.actives,
        p1_0.quantities,
        p1_0.cods,
        p1_0.images,
        p1_0.names,
        p1_0.version 
    from
        parts p1_0 
    where
        p1_0.sector=?
2025-01-03 19:48:15 [main] DEBUG org.hibernate.SQL - 
    delete 
    from
        sectors 
    where
        id=? 
        and version=?
2025-01-03 19:48:15 [SpringApplicationShutdownHook] DEBUG org.hibernate.SQL - 
    drop table if exists parts cascade 
2025-01-03 19:48:15 [SpringApplicationShutdownHook] DEBUG org.hibernate.SQL - 
    drop table if exists sectors cascade 
2025-01-03 19:55:36 [main] DEBUG org.hibernate.SQL - 
    drop table if exists parts cascade 
2025-01-03 19:55:36 [main] DEBUG org.hibernate.SQL - 
    drop table if exists sectors cascade 
2025-01-03 19:55:36 [main] DEBUG org.hibernate.SQL - 
    create table parts (
        actives boolean not null,
        quantities float(53) not null,
        version integer,
        cods bigint not null,
        id bigint generated by default as identity,
        sector bigint,
        names varchar(255) not null,
        images blob not null,
        primary key (id)
    )
2025-01-03 19:55:36 [main] DEBUG org.hibernate.SQL - 
    create table sectors (
        actives boolean not null,
        version integer,
        id bigint generated by default as identity,
        columns varchar(255) not null,
        row_data varchar(255) not null,
        sector varchar(255) not null,
        shelves varchar(255) not null,
        primary key (id)
    )
2025-01-03 19:55:36 [main] DEBUG org.hibernate.SQL - 
    alter table if exists parts 
       add constraint FK44bpbjjhvt2bd6spralcvfki7 
       foreign key (sector) 
       references sectors
2025-01-03 19:55:40 [main] DEBUG org.hibernate.SQL - 
    insert 
    into
        sectors
        (actives, columns, row_data, sector, shelves, version, id) 
    values
        (?, ?, ?, ?, ?, ?, default)
2025-01-03 19:55:40 [main] DEBUG org.hibernate.SQL - 
    insert 
    into
        parts
        (actives, quantities, cods, images, names, sector, version, id) 
    values
        (?, ?, ?, ?, ?, ?, ?, default)
2025-01-03 19:55:40 [main] DEBUG org.hibernate.SQL - 
    select
        p1_0.id,
        p1_0.actives,
        p1_0.quantities,
        p1_0.cods,
        p1_0.images,
        p1_0.names,
        p1_0.sector,
        p1_0.version 
    from
        parts p1_0 
    where
        p1_0.id=? 
        and p1_0.actives
2025-01-03 19:55:40 [main] DEBUG org.hibernate.SQL - 
    select
        s1_0.id,
        s1_0.actives,
        s1_0.columns,
        s1_0.row_data,
        s1_0.sector,
        s1_0.shelves,
        s1_0.version 
    from
        sectors s1_0 
    where
        s1_0.id=?
2025-01-03 19:55:40 [SpringApplicationShutdownHook] DEBUG org.hibernate.SQL - 
    drop table if exists parts cascade 
2025-01-03 19:55:40 [SpringApplicationShutdownHook] DEBUG org.hibernate.SQL - 
    drop table if exists sectors cascade 
2025-01-03 19:57:13 [main] DEBUG org.hibernate.SQL - 
    drop table if exists parts cascade 
2025-01-03 19:57:13 [main] DEBUG org.hibernate.SQL - 
    drop table if exists sectors cascade 
2025-01-03 19:57:13 [main] DEBUG org.hibernate.SQL - 
    create table parts (
        actives boolean not null,
        quantities float(53) not null,
        version integer,
        cods bigint not null,
        id bigint generated by default as identity,
        sector bigint,
        names varchar(255) not null,
        images blob not null,
        primary key (id)
    )
2025-01-03 19:57:13 [main] DEBUG org.hibernate.SQL - 
    create table sectors (
        actives boolean not null,
        version integer,
        id bigint generated by default as identity,
        columns varchar(255) not null,
        row_data varchar(255) not null,
        sector varchar(255) not null,
        shelves varchar(255) not null,
        primary key (id)
    )
2025-01-03 19:57:13 [main] DEBUG org.hibernate.SQL - 
    alter table if exists parts 
       add constraint FK44bpbjjhvt2bd6spralcvfki7 
       foreign key (sector) 
       references sectors
2025-01-03 19:57:19 [main] DEBUG org.hibernate.SQL - 
    insert 
    into
        sectors
        (actives, columns, row_data, sector, shelves, version, id) 
    values
        (?, ?, ?, ?, ?, ?, default)
2025-01-03 19:57:19 [main] DEBUG org.hibernate.SQL - 
    insert 
    into
        parts
        (actives, quantities, cods, images, names, sector, version, id) 
    values
        (?, ?, ?, ?, ?, ?, ?, default)
2025-01-03 19:57:19 [main] DEBUG org.hibernate.SQL - 
    select
        p1_0.id,
        p1_0.actives,
        p1_0.quantities,
        p1_0.cods,
        p1_0.images,
        p1_0.names,
        p1_0.sector,
        p1_0.version 
    from
        parts p1_0 
    where
        p1_0.id=? 
        and p1_0.actives
2025-01-03 19:57:19 [main] DEBUG org.hibernate.SQL - 
    select
        s1_0.id,
        s1_0.actives,
        s1_0.columns,
        s1_0.row_data,
        s1_0.sector,
        s1_0.shelves,
        s1_0.version 
    from
        sectors s1_0 
    where
        s1_0.id=?
2025-01-03 19:57:20 [SpringApplicationShutdownHook] DEBUG org.hibernate.SQL - 
    drop table if exists parts cascade 
2025-01-03 19:57:20 [SpringApplicationShutdownHook] DEBUG org.hibernate.SQL - 
    drop table if exists sectors cascade 
2025-01-03 19:58:32 [main] DEBUG org.hibernate.SQL - 
    drop table if exists parts cascade 
2025-01-03 19:58:32 [main] DEBUG org.hibernate.SQL - 
    drop table if exists sectors cascade 
2025-01-03 19:58:32 [main] DEBUG org.hibernate.SQL - 
    create table parts (
        actives boolean not null,
        quantities float(53) not null,
        version integer,
        cods bigint not null,
        id bigint generated by default as identity,
        sector bigint,
        names varchar(255) not null,
        images blob not null,
        primary key (id)
    )
2025-01-03 19:58:32 [main] DEBUG org.hibernate.SQL - 
    create table sectors (
        actives boolean not null,
        version integer,
        id bigint generated by default as identity,
        columns varchar(255) not null,
        row_data varchar(255) not null,
        sector varchar(255) not null,
        shelves varchar(255) not null,
        primary key (id)
    )
2025-01-03 19:58:32 [main] DEBUG org.hibernate.SQL - 
    alter table if exists parts 
       add constraint FK44bpbjjhvt2bd6spralcvfki7 
       foreign key (sector) 
       references sectors
2025-01-03 19:58:36 [main] DEBUG org.hibernate.SQL - 
    insert 
    into
        sectors
        (actives, columns, row_data, sector, shelves, version, id) 
    values
        (?, ?, ?, ?, ?, ?, default)
2025-01-03 19:58:37 [main] DEBUG org.hibernate.SQL - 
    insert 
    into
        parts
        (actives, quantities, cods, images, names, sector, version, id) 
    values
        (?, ?, ?, ?, ?, ?, ?, default)
2025-01-03 19:58:37 [main] DEBUG org.hibernate.SQL - 
    select
        p1_0.id,
        p1_0.actives,
        p1_0.quantities,
        p1_0.cods,
        p1_0.images,
        p1_0.names,
        p1_0.sector,
        p1_0.version 
    from
        parts p1_0 
    where
        p1_0.id=? 
        and p1_0.actives
2025-01-03 19:58:37 [main] DEBUG org.hibernate.SQL - 
    select
        s1_0.id,
        s1_0.actives,
        s1_0.columns,
        s1_0.row_data,
        s1_0.sector,
        s1_0.shelves,
        s1_0.version 
    from
        sectors s1_0 
    where
        s1_0.id=?
2025-01-03 19:58:37 [SpringApplicationShutdownHook] DEBUG org.hibernate.SQL - 
    drop table if exists parts cascade 
2025-01-03 19:58:37 [SpringApplicationShutdownHook] DEBUG org.hibernate.SQL - 
    drop table if exists sectors cascade 
2025-01-03 20:00:05 [main] DEBUG org.hibernate.SQL - 
    drop table if exists parts cascade 
2025-01-03 20:00:05 [main] DEBUG org.hibernate.SQL - 
    drop table if exists sectors cascade 
2025-01-03 20:00:05 [main] DEBUG org.hibernate.SQL - 
    create table parts (
        actives boolean not null,
        quantities float(53) not null,
        version integer,
        cods bigint not null,
        id bigint generated by default as identity,
        sector bigint,
        names varchar(255) not null,
        images blob not null,
        primary key (id)
    )
2025-01-03 20:00:05 [main] DEBUG org.hibernate.SQL - 
    create table sectors (
        actives boolean not null,
        version integer,
        id bigint generated by default as identity,
        columns varchar(255) not null,
        row_data varchar(255) not null,
        sector varchar(255) not null,
        shelves varchar(255) not null,
        primary key (id)
    )
2025-01-03 20:00:05 [main] DEBUG org.hibernate.SQL - 
    alter table if exists parts 
       add constraint FK44bpbjjhvt2bd6spralcvfki7 
       foreign key (sector) 
       references sectors
2025-01-03 20:00:10 [main] DEBUG org.hibernate.SQL - 
    insert 
    into
        sectors
        (actives, columns, row_data, sector, shelves, version, id) 
    values
        (?, ?, ?, ?, ?, ?, default)
2025-01-03 20:00:11 [main] DEBUG org.hibernate.SQL - 
    insert 
    into
        parts
        (actives, quantities, cods, images, names, sector, version, id) 
    values
        (?, ?, ?, ?, ?, ?, ?, default)
2025-01-03 20:00:11 [main] DEBUG org.hibernate.SQL - 
    select
        p1_0.id,
        p1_0.actives,
        p1_0.quantities,
        p1_0.cods,
        p1_0.images,
        p1_0.names,
        p1_0.sector,
        p1_0.version 
    from
        parts p1_0 
    where
        p1_0.id=? 
        and p1_0.actives
2025-01-03 20:00:11 [main] DEBUG org.hibernate.SQL - 
    select
        s1_0.id,
        s1_0.actives,
        s1_0.columns,
        s1_0.row_data,
        s1_0.sector,
        s1_0.shelves,
        s1_0.version 
    from
        sectors s1_0 
    where
        s1_0.id=?
2025-01-03 20:00:11 [SpringApplicationShutdownHook] DEBUG org.hibernate.SQL - 
    drop table if exists parts cascade 
2025-01-03 20:00:11 [SpringApplicationShutdownHook] DEBUG org.hibernate.SQL - 
    drop table if exists sectors cascade 
2025-01-03 20:01:56 [main] DEBUG org.hibernate.SQL - 
    drop table if exists parts cascade 
2025-01-03 20:01:56 [main] DEBUG org.hibernate.SQL - 
    drop table if exists sectors cascade 
2025-01-03 20:01:56 [main] DEBUG org.hibernate.SQL - 
    create table parts (
        actives boolean not null,
        quantities float(53) not null,
        version integer,
        cods bigint not null,
        id bigint generated by default as identity,
        sector bigint,
        names varchar(255) not null,
        images blob not null,
        primary key (id)
    )
2025-01-03 20:01:56 [main] DEBUG org.hibernate.SQL - 
    create table sectors (
        actives boolean not null,
        version integer,
        id bigint generated by default as identity,
        columns varchar(255) not null,
        row_data varchar(255) not null,
        sector varchar(255) not null,
        shelves varchar(255) not null,
        primary key (id)
    )
2025-01-03 20:01:56 [main] DEBUG org.hibernate.SQL - 
    alter table if exists parts 
       add constraint FK44bpbjjhvt2bd6spralcvfki7 
       foreign key (sector) 
       references sectors
2025-01-03 20:02:01 [main] DEBUG org.hibernate.SQL - 
    insert 
    into
        sectors
        (actives, columns, row_data, sector, shelves, version, id) 
    values
        (?, ?, ?, ?, ?, ?, default)
2025-01-03 20:02:01 [main] DEBUG org.hibernate.SQL - 
    insert 
    into
        parts
        (actives, quantities, cods, images, names, sector, version, id) 
    values
        (?, ?, ?, ?, ?, ?, ?, default)
2025-01-03 20:02:01 [main] DEBUG org.hibernate.SQL - 
    select
        p1_0.id,
        p1_0.actives,
        p1_0.quantities,
        p1_0.cods,
        p1_0.images,
        p1_0.names,
        p1_0.sector,
        p1_0.version 
    from
        parts p1_0 
    where
        p1_0.id=? 
        and p1_0.actives
2025-01-03 20:02:01 [main] DEBUG org.hibernate.SQL - 
    select
        s1_0.id,
        s1_0.actives,
        s1_0.columns,
        s1_0.row_data,
        s1_0.sector,
        s1_0.shelves,
        s1_0.version 
    from
        sectors s1_0 
    where
        s1_0.id=?
2025-01-03 20:02:01 [main] DEBUG org.hibernate.SQL - 
    select
        p1_0.id,
        p1_0.actives,
        p1_0.quantities,
        p1_0.cods,
        p1_0.images,
        p1_0.names,
        s1_0.id,
        s1_0.actives,
        s1_0.columns,
        s1_0.row_data,
        s1_0.sector,
        s1_0.shelves,
        s1_0.version,
        p1_0.version 
    from
        parts p1_0 
    left join
        sectors s1_0 
            on s1_0.id=p1_0.sector 
    where
        p1_0.id=?
2025-01-03 20:02:01 [main] DEBUG org.hibernate.SQL - 
    delete 
    from
        parts 
    where
        id=? 
        and version=?
2025-01-03 20:02:02 [main] DEBUG org.hibernate.SQL - 
    select
        s1_0.id,
        s1_0.actives,
        s1_0.columns,
        s1_0.row_data,
        s1_0.sector,
        s1_0.shelves,
        s1_0.version 
    from
        sectors s1_0 
    where
        s1_0.id=?
2025-01-03 20:02:02 [main] DEBUG org.hibernate.SQL - 
    select
        p1_0.sector,
        p1_0.id,
        p1_0.actives,
        p1_0.quantities,
        p1_0.cods,
        p1_0.images,
        p1_0.names,
        p1_0.version 
    from
        parts p1_0 
    where
        p1_0.sector=?
2025-01-03 20:02:02 [main] DEBUG org.hibernate.SQL - 
    delete 
    from
        sectors 
    where
        id=? 
        and version=?
2025-01-03 20:02:02 [SpringApplicationShutdownHook] DEBUG org.hibernate.SQL - 
    drop table if exists parts cascade 
2025-01-03 20:02:02 [SpringApplicationShutdownHook] DEBUG org.hibernate.SQL - 
    drop table if exists sectors cascade 
2025-01-03 20:03:46 [main] DEBUG org.hibernate.SQL - 
    drop table if exists parts cascade 
2025-01-03 20:03:46 [main] DEBUG org.hibernate.SQL - 
    drop table if exists sectors cascade 
2025-01-03 20:03:46 [main] DEBUG org.hibernate.SQL - 
    create table parts (
        actives boolean not null,
        quantities float(53) not null,
        version integer,
        cods bigint not null,
        id bigint generated by default as identity,
        sector bigint,
        names varchar(255) not null,
        images blob not null,
        primary key (id)
    )
2025-01-03 20:03:46 [main] DEBUG org.hibernate.SQL - 
    create table sectors (
        actives boolean not null,
        version integer,
        id bigint generated by default as identity,
        columns varchar(255) not null,
        row_data varchar(255) not null,
        sector varchar(255) not null,
        shelves varchar(255) not null,
        primary key (id)
    )
2025-01-03 20:03:46 [main] DEBUG org.hibernate.SQL - 
    alter table if exists parts 
       add constraint FK44bpbjjhvt2bd6spralcvfki7 
       foreign key (sector) 
       references sectors
2025-01-03 20:03:51 [main] DEBUG org.hibernate.SQL - 
    insert 
    into
        sectors
        (actives, columns, row_data, sector, shelves, version, id) 
    values
        (?, ?, ?, ?, ?, ?, default)
2025-01-03 20:03:51 [main] DEBUG org.hibernate.SQL - 
    insert 
    into
        parts
        (actives, quantities, cods, images, names, sector, version, id) 
    values
        (?, ?, ?, ?, ?, ?, ?, default)
2025-01-03 20:03:51 [main] DEBUG org.hibernate.SQL - 
    insert 
    into
        sectors
        (actives, columns, row_data, sector, shelves, version, id) 
    values
        (?, ?, ?, ?, ?, ?, default)
2025-01-03 20:03:52 [main] DEBUG org.hibernate.SQL - 
    select
        p1_0.id,
        p1_0.actives,
        p1_0.quantities,
        p1_0.cods,
        p1_0.images,
        p1_0.names,
        s1_0.id,
        s1_0.actives,
        s1_0.columns,
        s1_0.row_data,
        s1_0.sector,
        s1_0.shelves,
        s1_0.version,
        p1_0.version 
    from
        parts p1_0 
    left join
        sectors s1_0 
            on s1_0.id=p1_0.sector 
    where
        p1_0.id=?
2025-01-03 20:03:52 [main] DEBUG org.hibernate.SQL - 
    select
        s1_0.id,
        s1_0.actives,
        s1_0.columns,
        s1_0.row_data,
        s1_0.sector,
        s1_0.shelves,
        s1_0.version 
    from
        sectors s1_0 
    where
        s1_0.id=? 
        and s1_0.actives
2025-01-03 20:03:52 [main] DEBUG org.hibernate.SQL - 
    update
        parts 
    set
        actives=?,
        quantities=?,
        cods=?,
        images=?,
        names=?,
        sector=?,
        version=? 
    where
        id=? 
        and version=?
2025-01-03 20:03:52 [SpringApplicationShutdownHook] DEBUG org.hibernate.SQL - 
    drop table if exists parts cascade 
2025-01-03 20:03:52 [SpringApplicationShutdownHook] DEBUG org.hibernate.SQL - 
    drop table if exists sectors cascade 
2025-01-03 20:07:25 [main] DEBUG org.hibernate.SQL - 
    drop table if exists parts cascade 
2025-01-03 20:07:25 [main] DEBUG org.hibernate.SQL - 
    drop table if exists sectors cascade 
2025-01-03 20:07:25 [main] DEBUG org.hibernate.SQL - 
    create table parts (
        actives boolean not null,
        quantities float(53) not null,
        version integer,
        cods bigint not null,
        id bigint generated by default as identity,
        sector bigint,
        names varchar(255) not null,
        images blob not null,
        primary key (id)
    )
2025-01-03 20:07:25 [main] DEBUG org.hibernate.SQL - 
    create table sectors (
        actives boolean not null,
        version integer,
        id bigint generated by default as identity,
        columns varchar(255) not null,
        row_data varchar(255) not null,
        sector varchar(255) not null,
        shelves varchar(255) not null,
        primary key (id)
    )
2025-01-03 20:07:25 [main] DEBUG org.hibernate.SQL - 
    alter table if exists parts 
       add constraint FK44bpbjjhvt2bd6spralcvfki7 
       foreign key (sector) 
       references sectors
2025-01-03 20:07:30 [main] DEBUG org.hibernate.SQL - 
    insert 
    into
        sectors
        (actives, columns, row_data, sector, shelves, version, id) 
    values
        (?, ?, ?, ?, ?, ?, default)
2025-01-03 20:07:30 [main] DEBUG org.hibernate.SQL - 
    insert 
    into
        parts
        (actives, quantities, cods, images, names, sector, version, id) 
    values
        (?, ?, ?, ?, ?, ?, ?, default)
2025-01-03 20:07:30 [main] DEBUG org.hibernate.SQL - 
    insert 
    into
        sectors
        (actives, columns, row_data, sector, shelves, version, id) 
    values
        (?, ?, ?, ?, ?, ?, default)
2025-01-03 20:07:30 [main] DEBUG org.hibernate.SQL - 
    select
        p1_0.id,
        p1_0.actives,
        p1_0.quantities,
        p1_0.cods,
        p1_0.images,
        p1_0.names,
        s1_0.id,
        s1_0.actives,
        s1_0.columns,
        s1_0.row_data,
        s1_0.sector,
        s1_0.shelves,
        s1_0.version,
        p1_0.version 
    from
        parts p1_0 
    left join
        sectors s1_0 
            on s1_0.id=p1_0.sector 
    where
        p1_0.id=?
2025-01-03 20:07:31 [main] DEBUG org.hibernate.SQL - 
    select
        s1_0.id,
        s1_0.actives,
        s1_0.columns,
        s1_0.row_data,
        s1_0.sector,
        s1_0.shelves,
        s1_0.version 
    from
        sectors s1_0 
    where
        s1_0.id=? 
        and s1_0.actives
2025-01-03 20:07:31 [main] DEBUG org.hibernate.SQL - 
    update
        parts 
    set
        actives=?,
        quantities=?,
        cods=?,
        images=?,
        names=?,
        sector=?,
        version=? 
    where
        id=? 
        and version=?
2025-01-03 20:07:31 [main] DEBUG org.hibernate.SQL - 
    select
        p1_0.id,
        p1_0.actives,
        p1_0.quantities,
        p1_0.cods,
        p1_0.images,
        p1_0.names,
        s1_0.id,
        s1_0.actives,
        s1_0.columns,
        s1_0.row_data,
        s1_0.sector,
        s1_0.shelves,
        s1_0.version,
        p1_0.version 
    from
        parts p1_0 
    left join
        sectors s1_0 
            on s1_0.id=p1_0.sector 
    where
        p1_0.id=?
2025-01-03 20:07:31 [main] DEBUG org.hibernate.SQL - 
    delete 
    from
        parts 
    where
        id=? 
        and version=?
2025-01-03 20:07:31 [main] DEBUG org.hibernate.SQL - 
    select
        s1_0.id,
        s1_0.actives,
        s1_0.columns,
        s1_0.row_data,
        s1_0.sector,
        s1_0.shelves,
        s1_0.version 
    from
        sectors s1_0 
    where
        s1_0.id=?
2025-01-03 20:07:31 [main] DEBUG org.hibernate.SQL - 
    select
        p1_0.sector,
        p1_0.id,
        p1_0.actives,
        p1_0.quantities,
        p1_0.cods,
        p1_0.images,
        p1_0.names,
        p1_0.version 
    from
        parts p1_0 
    where
        p1_0.sector=?
2025-01-03 20:07:31 [main] DEBUG org.hibernate.SQL - 
    delete 
    from
        sectors 
    where
        id=? 
        and version=?
2025-01-03 20:07:31 [main] DEBUG org.hibernate.SQL - 
    select
        s1_0.id,
        s1_0.actives,
        s1_0.columns,
        s1_0.row_data,
        s1_0.sector,
        s1_0.shelves,
        s1_0.version 
    from
        sectors s1_0 
    where
        s1_0.id=?
2025-01-03 20:07:31 [SpringApplicationShutdownHook] DEBUG org.hibernate.SQL - 
    drop table if exists parts cascade 
2025-01-03 20:07:31 [SpringApplicationShutdownHook] DEBUG org.hibernate.SQL - 
    drop table if exists sectors cascade 
2025-01-03 20:10:54 [main] DEBUG org.hibernate.SQL - 
    drop table if exists parts cascade 
2025-01-03 20:10:54 [main] DEBUG org.hibernate.SQL - 
    drop table if exists sectors cascade 
2025-01-03 20:10:54 [main] DEBUG org.hibernate.SQL - 
    create table parts (
        actives boolean not null,
        quantities float(53) not null,
        version integer,
        cods bigint not null,
        id bigint generated by default as identity,
        sector bigint,
        names varchar(255) not null,
        images blob not null,
        primary key (id)
    )
2025-01-03 20:10:54 [main] DEBUG org.hibernate.SQL - 
    create table sectors (
        actives boolean not null,
        version integer,
        id bigint generated by default as identity,
        columns varchar(255) not null,
        row_data varchar(255) not null,
        sector varchar(255) not null,
        shelves varchar(255) not null,
        primary key (id)
    )
2025-01-03 20:10:54 [main] DEBUG org.hibernate.SQL - 
    alter table if exists parts 
       add constraint FK44bpbjjhvt2bd6spralcvfki7 
       foreign key (sector) 
       references sectors
2025-01-03 20:11:00 [main] DEBUG org.hibernate.SQL - 
    insert 
    into
        sectors
        (actives, columns, row_data, sector, shelves, version, id) 
    values
        (?, ?, ?, ?, ?, ?, default)
2025-01-03 20:11:00 [main] DEBUG org.hibernate.SQL - 
    insert 
    into
        parts
        (actives, quantities, cods, images, names, sector, version, id) 
    values
        (?, ?, ?, ?, ?, ?, ?, default)
2025-01-03 20:11:00 [main] DEBUG org.hibernate.SQL - 
    insert 
    into
        sectors
        (actives, columns, row_data, sector, shelves, version, id) 
    values
        (?, ?, ?, ?, ?, ?, default)
2025-01-03 20:11:00 [main] DEBUG org.hibernate.SQL - 
    insert 
    into
        parts
        (actives, quantities, cods, images, names, sector, version, id) 
    values
        (?, ?, ?, ?, ?, ?, ?, default)
2025-01-03 20:11:01 [main] DEBUG org.hibernate.SQL - 
    select
        p1_0.id,
        p1_0.actives,
        p1_0.quantities,
        p1_0.cods,
        p1_0.images,
        p1_0.names,
        p1_0.sector,
        p1_0.version 
    from
        parts p1_0 
    where
        upper(p1_0.names) like upper(?) escape '\' 
        and p1_0.actives 
    order by
        p1_0.id 
    fetch
        first ? rows only
2025-01-03 20:11:01 [main] DEBUG org.hibernate.SQL - 
    select
        s1_0.id,
        s1_0.actives,
        s1_0.columns,
        s1_0.row_data,
        s1_0.sector,
        s1_0.shelves,
        s1_0.version 
    from
        sectors s1_0 
    where
        s1_0.id=?
2025-01-03 20:11:01 [main] DEBUG org.hibernate.SQL - 
    select
        s1_0.id,
        s1_0.actives,
        s1_0.columns,
        s1_0.row_data,
        s1_0.sector,
        s1_0.shelves,
        s1_0.version 
    from
        sectors s1_0 
    where
        s1_0.id=?
2025-01-03 20:11:01 [main] DEBUG org.hibernate.SQL - 
    select
        p1_0.id,
        p1_0.actives,
        p1_0.quantities,
        p1_0.cods,
        p1_0.images,
        p1_0.names,
        s1_0.id,
        s1_0.actives,
        s1_0.columns,
        s1_0.row_data,
        s1_0.sector,
        s1_0.shelves,
        s1_0.version,
        p1_0.version 
    from
        parts p1_0 
    left join
        sectors s1_0 
            on s1_0.id=p1_0.sector 
    where
        p1_0.id=?
2025-01-03 20:11:01 [main] DEBUG org.hibernate.SQL - 
    delete 
    from
        parts 
    where
        id=? 
        and version=?
2025-01-03 20:11:01 [main] DEBUG org.hibernate.SQL - 
    select
        s1_0.id,
        s1_0.actives,
        s1_0.columns,
        s1_0.row_data,
        s1_0.sector,
        s1_0.shelves,
        s1_0.version 
    from
        sectors s1_0 
    where
        s1_0.id=?
2025-01-03 20:11:01 [main] DEBUG org.hibernate.SQL - 
    select
        p1_0.sector,
        p1_0.id,
        p1_0.actives,
        p1_0.quantities,
        p1_0.cods,
        p1_0.images,
        p1_0.names,
        p1_0.version 
    from
        parts p1_0 
    where
        p1_0.sector=?
2025-01-03 20:11:01 [main] DEBUG org.hibernate.SQL - 
    delete 
    from
        sectors 
    where
        id=? 
        and version=?
2025-01-03 20:11:01 [main] DEBUG org.hibernate.SQL - 
    select
        p1_0.id,
        p1_0.actives,
        p1_0.quantities,
        p1_0.cods,
        p1_0.images,
        p1_0.names,
        s1_0.id,
        s1_0.actives,
        s1_0.columns,
        s1_0.row_data,
        s1_0.sector,
        s1_0.shelves,
        s1_0.version,
        p1_0.version 
    from
        parts p1_0 
    left join
        sectors s1_0 
            on s1_0.id=p1_0.sector 
    where
        p1_0.id=?
2025-01-03 20:11:01 [main] DEBUG org.hibernate.SQL - 
    delete 
    from
        parts 
    where
        id=? 
        and version=?
2025-01-03 20:11:01 [main] DEBUG org.hibernate.SQL - 
    select
        s1_0.id,
        s1_0.actives,
        s1_0.columns,
        s1_0.row_data,
        s1_0.sector,
        s1_0.shelves,
        s1_0.version 
    from
        sectors s1_0 
    where
        s1_0.id=?
2025-01-03 20:11:01 [main] DEBUG org.hibernate.SQL - 
    select
        p1_0.sector,
        p1_0.id,
        p1_0.actives,
        p1_0.quantities,
        p1_0.cods,
        p1_0.images,
        p1_0.names,
        p1_0.version 
    from
        parts p1_0 
    where
        p1_0.sector=?
2025-01-03 20:11:01 [main] DEBUG org.hibernate.SQL - 
    delete 
    from
        sectors 
    where
        id=? 
        and version=?
2025-01-03 20:11:01 [SpringApplicationShutdownHook] DEBUG org.hibernate.SQL - 
    drop table if exists parts cascade 
2025-01-03 20:11:01 [SpringApplicationShutdownHook] DEBUG org.hibernate.SQL - 
    drop table if exists sectors cascade 
2025-01-03 20:12:11 [main] DEBUG org.hibernate.SQL - 
    drop table if exists parts cascade 
2025-01-03 20:12:11 [main] DEBUG org.hibernate.SQL - 
    drop table if exists sectors cascade 
2025-01-03 20:12:11 [main] DEBUG org.hibernate.SQL - 
    create table parts (
        actives boolean not null,
        quantities float(53) not null,
        version integer,
        cods bigint not null,
        id bigint generated by default as identity,
        sector bigint,
        names varchar(255) not null,
        images blob not null,
        primary key (id)
    )
2025-01-03 20:12:11 [main] DEBUG org.hibernate.SQL - 
    create table sectors (
        actives boolean not null,
        version integer,
        id bigint generated by default as identity,
        columns varchar(255) not null,
        row_data varchar(255) not null,
        sector varchar(255) not null,
        shelves varchar(255) not null,
        primary key (id)
    )
2025-01-03 20:12:11 [main] DEBUG org.hibernate.SQL - 
    alter table if exists parts 
       add constraint FK44bpbjjhvt2bd6spralcvfki7 
       foreign key (sector) 
       references sectors
2025-01-03 20:12:14 [main] DEBUG org.hibernate.SQL - 
    insert 
    into
        sectors
        (actives, columns, row_data, sector, shelves, version, id) 
    values
        (?, ?, ?, ?, ?, ?, default)
2025-01-03 20:12:15 [main] DEBUG org.hibernate.SQL - 
    insert 
    into
        parts
        (actives, quantities, cods, images, names, sector, version, id) 
    values
        (?, ?, ?, ?, ?, ?, ?, default)
2025-01-03 20:12:15 [main] DEBUG org.hibernate.SQL - 
    select
        p1_0.id,
        p1_0.actives,
        p1_0.quantities,
        p1_0.cods,
        p1_0.images,
        p1_0.names,
        p1_0.sector,
        p1_0.version 
    from
        parts p1_0 
    where
        p1_0.cods=? 
        and p1_0.actives
2025-01-03 20:12:15 [main] DEBUG org.hibernate.SQL - 
    select
        s1_0.id,
        s1_0.actives,
        s1_0.columns,
        s1_0.row_data,
        s1_0.sector,
        s1_0.shelves,
        s1_0.version 
    from
        sectors s1_0 
    where
        s1_0.id=?
2025-01-03 20:12:15 [main] DEBUG org.hibernate.SQL - 
    select
        p1_0.id,
        p1_0.actives,
        p1_0.quantities,
        p1_0.cods,
        p1_0.images,
        p1_0.names,
        s1_0.id,
        s1_0.actives,
        s1_0.columns,
        s1_0.row_data,
        s1_0.sector,
        s1_0.shelves,
        s1_0.version,
        p1_0.version 
    from
        parts p1_0 
    left join
        sectors s1_0 
            on s1_0.id=p1_0.sector 
    where
        p1_0.id=?
2025-01-03 20:12:15 [main] DEBUG org.hibernate.SQL - 
    delete 
    from
        parts 
    where
        id=? 
        and version=?
2025-01-03 20:12:15 [main] DEBUG org.hibernate.SQL - 
    select
        s1_0.id,
        s1_0.actives,
        s1_0.columns,
        s1_0.row_data,
        s1_0.sector,
        s1_0.shelves,
        s1_0.version 
    from
        sectors s1_0 
    where
        s1_0.id=?
2025-01-03 20:12:15 [main] DEBUG org.hibernate.SQL - 
    select
        p1_0.sector,
        p1_0.id,
        p1_0.actives,
        p1_0.quantities,
        p1_0.cods,
        p1_0.images,
        p1_0.names,
        p1_0.version 
    from
        parts p1_0 
    where
        p1_0.sector=?
2025-01-03 20:12:15 [main] DEBUG org.hibernate.SQL - 
    delete 
    from
        sectors 
    where
        id=? 
        and version=?
2025-01-03 20:12:15 [SpringApplicationShutdownHook] DEBUG org.hibernate.SQL - 
    drop table if exists parts cascade 
2025-01-03 20:12:15 [SpringApplicationShutdownHook] DEBUG org.hibernate.SQL - 
    drop table if exists sectors cascade 
2025-01-03 20:13:26 [main] DEBUG org.hibernate.SQL - 
    drop table if exists parts cascade 
2025-01-03 20:13:26 [main] DEBUG org.hibernate.SQL - 
    drop table if exists sectors cascade 
2025-01-03 20:13:26 [main] DEBUG org.hibernate.SQL - 
    create table parts (
        actives boolean not null,
        quantities float(53) not null,
        version integer,
        cods bigint not null,
        id bigint generated by default as identity,
        sector bigint,
        names varchar(255) not null,
        images blob not null,
        primary key (id)
    )
2025-01-03 20:13:26 [main] DEBUG org.hibernate.SQL - 
    create table sectors (
        actives boolean not null,
        version integer,
        id bigint generated by default as identity,
        columns varchar(255) not null,
        row_data varchar(255) not null,
        sector varchar(255) not null,
        shelves varchar(255) not null,
        primary key (id)
    )
2025-01-03 20:13:26 [main] DEBUG org.hibernate.SQL - 
    alter table if exists parts 
       add constraint FK44bpbjjhvt2bd6spralcvfki7 
       foreign key (sector) 
       references sectors
2025-01-03 20:13:30 [main] DEBUG org.hibernate.SQL - 
    insert 
    into
        sectors
        (actives, columns, row_data, sector, shelves, version, id) 
    values
        (?, ?, ?, ?, ?, ?, default)
2025-01-03 20:13:30 [main] DEBUG org.hibernate.SQL - 
    insert 
    into
        parts
        (actives, quantities, cods, images, names, sector, version, id) 
    values
        (?, ?, ?, ?, ?, ?, ?, default)
2025-01-03 20:13:31 [main] DEBUG org.hibernate.SQL - 
    select
        p1_0.id,
        p1_0.actives,
        p1_0.quantities,
        p1_0.cods,
        p1_0.images,
        p1_0.names,
        p1_0.sector,
        p1_0.version 
    from
        parts p1_0 
    where
        p1_0.cods=? 
        or upper(p1_0.names) like upper(?) escape '\' 
        and p1_0.actives 
    order by
        p1_0.id 
    fetch
        first ? rows only
2025-01-03 20:13:31 [main] DEBUG org.hibernate.SQL - 
    select
        s1_0.id,
        s1_0.actives,
        s1_0.columns,
        s1_0.row_data,
        s1_0.sector,
        s1_0.shelves,
        s1_0.version 
    from
        sectors s1_0 
    where
        s1_0.id=?
2025-01-03 20:13:31 [main] DEBUG org.hibernate.SQL - 
    select
        p1_0.id,
        p1_0.actives,
        p1_0.quantities,
        p1_0.cods,
        p1_0.images,
        p1_0.names,
        s1_0.id,
        s1_0.actives,
        s1_0.columns,
        s1_0.row_data,
        s1_0.sector,
        s1_0.shelves,
        s1_0.version,
        p1_0.version 
    from
        parts p1_0 
    left join
        sectors s1_0 
            on s1_0.id=p1_0.sector 
    where
        p1_0.id=?
2025-01-03 20:13:31 [main] DEBUG org.hibernate.SQL - 
    delete 
    from
        parts 
    where
        id=? 
        and version=?
2025-01-03 20:13:31 [main] DEBUG org.hibernate.SQL - 
    select
        s1_0.id,
        s1_0.actives,
        s1_0.columns,
        s1_0.row_data,
        s1_0.sector,
        s1_0.shelves,
        s1_0.version 
    from
        sectors s1_0 
    where
        s1_0.id=?
2025-01-03 20:13:31 [main] DEBUG org.hibernate.SQL - 
    select
        p1_0.sector,
        p1_0.id,
        p1_0.actives,
        p1_0.quantities,
        p1_0.cods,
        p1_0.images,
        p1_0.names,
        p1_0.version 
    from
        parts p1_0 
    where
        p1_0.sector=?
2025-01-03 20:13:31 [main] DEBUG org.hibernate.SQL - 
    delete 
    from
        sectors 
    where
        id=? 
        and version=?
2025-01-03 20:13:31 [SpringApplicationShutdownHook] DEBUG org.hibernate.SQL - 
    drop table if exists parts cascade 
2025-01-03 20:13:31 [SpringApplicationShutdownHook] DEBUG org.hibernate.SQL - 
    drop table if exists sectors cascade 
2025-01-03 20:13:59 [main] DEBUG org.hibernate.SQL - 
    drop table if exists parts cascade 
2025-01-03 20:13:59 [main] DEBUG org.hibernate.SQL - 
    drop table if exists sectors cascade 
2025-01-03 20:13:59 [main] DEBUG org.hibernate.SQL - 
    create table parts (
        actives boolean not null,
        quantities float(53) not null,
        version integer,
        cods bigint not null,
        id bigint generated by default as identity,
        sector bigint,
        names varchar(255) not null,
        images blob not null,
        primary key (id)
    )
2025-01-03 20:13:59 [main] DEBUG org.hibernate.SQL - 
    create table sectors (
        actives boolean not null,
        version integer,
        id bigint generated by default as identity,
        columns varchar(255) not null,
        row_data varchar(255) not null,
        sector varchar(255) not null,
        shelves varchar(255) not null,
        primary key (id)
    )
2025-01-03 20:13:59 [main] DEBUG org.hibernate.SQL - 
    alter table if exists parts 
       add constraint FK44bpbjjhvt2bd6spralcvfki7 
       foreign key (sector) 
       references sectors
2025-01-03 20:14:03 [main] DEBUG org.hibernate.SQL - 
    insert 
    into
        sectors
        (actives, columns, row_data, sector, shelves, version, id) 
    values
        (?, ?, ?, ?, ?, ?, default)
2025-01-03 20:14:03 [main] DEBUG org.hibernate.SQL - 
    insert 
    into
        parts
        (actives, quantities, cods, images, names, sector, version, id) 
    values
        (?, ?, ?, ?, ?, ?, ?, default)
2025-01-03 20:14:03 [main] DEBUG org.hibernate.SQL - 
    insert 
    into
        sectors
        (actives, columns, row_data, sector, shelves, version, id) 
    values
        (?, ?, ?, ?, ?, ?, default)
2025-01-03 20:14:03 [main] DEBUG org.hibernate.SQL - 
    select
        p1_0.id,
        p1_0.actives,
        p1_0.quantities,
        p1_0.cods,
        p1_0.images,
        p1_0.names,
        s1_0.id,
        s1_0.actives,
        s1_0.columns,
        s1_0.row_data,
        s1_0.sector,
        s1_0.shelves,
        s1_0.version,
        p1_0.version 
    from
        parts p1_0 
    left join
        sectors s1_0 
            on s1_0.id=p1_0.sector 
    where
        p1_0.id=?
2025-01-03 20:14:03 [main] DEBUG org.hibernate.SQL - 
    select
        s1_0.id,
        s1_0.actives,
        s1_0.columns,
        s1_0.row_data,
        s1_0.sector,
        s1_0.shelves,
        s1_0.version 
    from
        sectors s1_0 
    where
        s1_0.id=? 
        and s1_0.actives
2025-01-03 20:14:03 [main] DEBUG org.hibernate.SQL - 
    update
        parts 
    set
        actives=?,
        quantities=?,
        cods=?,
        images=?,
        names=?,
        sector=?,
        version=? 
    where
        id=? 
        and version=?
2025-01-03 20:14:03 [main] DEBUG org.hibernate.SQL - 
    select
        p1_0.id,
        p1_0.actives,
        p1_0.quantities,
        p1_0.cods,
        p1_0.images,
        p1_0.names,
        s1_0.id,
        s1_0.actives,
        s1_0.columns,
        s1_0.row_data,
        s1_0.sector,
        s1_0.shelves,
        s1_0.version,
        p1_0.version 
    from
        parts p1_0 
    left join
        sectors s1_0 
            on s1_0.id=p1_0.sector 
    where
        p1_0.id=?
2025-01-03 20:14:03 [main] DEBUG org.hibernate.SQL - 
    delete 
    from
        parts 
    where
        id=? 
        and version=?
2025-01-03 20:14:03 [main] DEBUG org.hibernate.SQL - 
    select
        s1_0.id,
        s1_0.actives,
        s1_0.columns,
        s1_0.row_data,
        s1_0.sector,
        s1_0.shelves,
        s1_0.version 
    from
        sectors s1_0 
    where
        s1_0.id=?
2025-01-03 20:14:03 [main] DEBUG org.hibernate.SQL - 
    select
        p1_0.sector,
        p1_0.id,
        p1_0.actives,
        p1_0.quantities,
        p1_0.cods,
        p1_0.images,
        p1_0.names,
        p1_0.version 
    from
        parts p1_0 
    where
        p1_0.sector=?
2025-01-03 20:14:03 [main] DEBUG org.hibernate.SQL - 
    delete 
    from
        sectors 
    where
        id=? 
        and version=?
2025-01-03 20:14:03 [main] DEBUG org.hibernate.SQL - 
    select
        s1_0.id,
        s1_0.actives,
        s1_0.columns,
        s1_0.row_data,
        s1_0.sector,
        s1_0.shelves,
        s1_0.version 
    from
        sectors s1_0 
    where
        s1_0.id=?
2025-01-03 20:14:03 [main] DEBUG org.hibernate.SQL - 
    select
        p1_0.id,
        p1_0.actives,
        p1_0.quantities,
        p1_0.cods,
        p1_0.images,
        p1_0.names,
        p1_0.sector,
        p1_0.version 
    from
        parts p1_0 
    where
        p1_0.actives 
    order by
        p1_0.id 
    fetch
        first ? rows only
2025-01-03 20:14:03 [main] DEBUG org.hibernate.SQL - 
    insert 
    into
        sectors
        (actives, columns, row_data, sector, shelves, version, id) 
    values
        (?, ?, ?, ?, ?, ?, default)
2025-01-03 20:14:03 [main] DEBUG org.hibernate.SQL - 
    insert 
    into
        parts
        (actives, quantities, cods, images, names, sector, version, id) 
    values
        (?, ?, ?, ?, ?, ?, ?, default)
2025-01-03 20:14:04 [main] DEBUG org.hibernate.SQL - 
    select
        p1_0.id,
        p1_0.actives,
        p1_0.quantities,
        p1_0.cods,
        p1_0.images,
        p1_0.names,
        s1_0.id,
        s1_0.actives,
        s1_0.columns,
        s1_0.row_data,
        s1_0.sector,
        s1_0.shelves,
        s1_0.version,
        p1_0.version 
    from
        parts p1_0 
    left join
        sectors s1_0 
            on s1_0.id=p1_0.sector 
    where
        p1_0.id=?
2025-01-03 20:14:04 [main] DEBUG org.hibernate.SQL - 
    update
        parts 
    set
        actives=?,
        quantities=?,
        cods=?,
        images=?,
        names=?,
        sector=?,
        version=? 
    where
        id=? 
        and version=?
2025-01-03 20:14:04 [main] DEBUG org.hibernate.SQL - 
    select
        p1_0.id,
        p1_0.actives,
        p1_0.quantities,
        p1_0.cods,
        p1_0.images,
        p1_0.names,
        s1_0.id,
        s1_0.actives,
        s1_0.columns,
        s1_0.row_data,
        s1_0.sector,
        s1_0.shelves,
        s1_0.version,
        p1_0.version 
    from
        parts p1_0 
    left join
        sectors s1_0 
            on s1_0.id=p1_0.sector 
    where
        p1_0.id=?
2025-01-03 20:14:04 [main] DEBUG org.hibernate.SQL - 
    delete 
    from
        parts 
    where
        id=? 
        and version=?
2025-01-03 20:14:04 [main] DEBUG org.hibernate.SQL - 
    select
        s1_0.id,
        s1_0.actives,
        s1_0.columns,
        s1_0.row_data,
        s1_0.sector,
        s1_0.shelves,
        s1_0.version 
    from
        sectors s1_0 
    where
        s1_0.id=?
2025-01-03 20:14:04 [main] DEBUG org.hibernate.SQL - 
    select
        p1_0.sector,
        p1_0.id,
        p1_0.actives,
        p1_0.quantities,
        p1_0.cods,
        p1_0.images,
        p1_0.names,
        p1_0.version 
    from
        parts p1_0 
    where
        p1_0.sector=?
2025-01-03 20:14:04 [main] DEBUG org.hibernate.SQL - 
    delete 
    from
        sectors 
    where
        id=? 
        and version=?
2025-01-03 20:14:04 [main] DEBUG org.hibernate.SQL - 
    insert 
    into
        sectors
        (actives, columns, row_data, sector, shelves, version, id) 
    values
        (?, ?, ?, ?, ?, ?, default)
2025-01-03 20:14:04 [main] DEBUG org.hibernate.SQL - 
    insert 
    into
        parts
        (actives, quantities, cods, images, names, sector, version, id) 
    values
        (?, ?, ?, ?, ?, ?, ?, default)
2025-01-03 20:14:04 [main] DEBUG org.hibernate.SQL - 
    select
        p1_0.id,
        p1_0.actives,
        p1_0.quantities,
        p1_0.cods,
        p1_0.images,
        p1_0.names,
        p1_0.sector,
        p1_0.version 
    from
        parts p1_0 
    where
        p1_0.id=? 
        and p1_0.actives
2025-01-03 20:14:04 [main] DEBUG org.hibernate.SQL - 
    select
        s1_0.id,
        s1_0.actives,
        s1_0.columns,
        s1_0.row_data,
        s1_0.sector,
        s1_0.shelves,
        s1_0.version 
    from
        sectors s1_0 
    where
        s1_0.id=?
2025-01-03 20:14:04 [main] DEBUG org.hibernate.SQL - 
    select
        p1_0.id,
        p1_0.actives,
        p1_0.quantities,
        p1_0.cods,
        p1_0.images,
        p1_0.names,
        s1_0.id,
        s1_0.actives,
        s1_0.columns,
        s1_0.row_data,
        s1_0.sector,
        s1_0.shelves,
        s1_0.version,
        p1_0.version 
    from
        parts p1_0 
    left join
        sectors s1_0 
            on s1_0.id=p1_0.sector 
    where
        p1_0.id=?
2025-01-03 20:14:04 [main] DEBUG org.hibernate.SQL - 
    delete 
    from
        parts 
    where
        id=? 
        and version=?
2025-01-03 20:14:04 [main] DEBUG org.hibernate.SQL - 
    select
        s1_0.id,
        s1_0.actives,
        s1_0.columns,
        s1_0.row_data,
        s1_0.sector,
        s1_0.shelves,
        s1_0.version 
    from
        sectors s1_0 
    where
        s1_0.id=?
2025-01-03 20:14:04 [main] DEBUG org.hibernate.SQL - 
    select
        p1_0.sector,
        p1_0.id,
        p1_0.actives,
        p1_0.quantities,
        p1_0.cods,
        p1_0.images,
        p1_0.names,
        p1_0.version 
    from
        parts p1_0 
    where
        p1_0.sector=?
2025-01-03 20:14:04 [main] DEBUG org.hibernate.SQL - 
    delete 
    from
        sectors 
    where
        id=? 
        and version=?
2025-01-03 20:14:04 [main] DEBUG org.hibernate.SQL - 
    insert 
    into
        sectors
        (actives, columns, row_data, sector, shelves, version, id) 
    values
        (?, ?, ?, ?, ?, ?, default)
2025-01-03 20:14:04 [main] DEBUG org.hibernate.SQL - 
    select
        s1_0.id,
        s1_0.actives,
        s1_0.columns,
        s1_0.row_data,
        s1_0.sector,
        s1_0.shelves,
        s1_0.version 
    from
        sectors s1_0 
    where
        s1_0.id=?
2025-01-03 20:14:04 [main] DEBUG org.hibernate.SQL - 
    select
        p1_0.id 
    from
        parts p1_0 
    where
        p1_0.cods=? 
        and p1_0.names=? 
        and p1_0.sector=? 
    fetch
        first ? rows only
2025-01-03 20:14:04 [main] DEBUG org.hibernate.SQL - 
    insert 
    into
        parts
        (actives, quantities, cods, images, names, sector, version, id) 
    values
        (?, ?, ?, ?, ?, ?, ?, default)
2025-01-03 20:14:04 [main] DEBUG org.hibernate.SQL - 
    select
        s1_0.id,
        s1_0.actives,
        s1_0.columns,
        s1_0.row_data,
        s1_0.sector,
        s1_0.shelves,
        s1_0.version 
    from
        sectors s1_0 
    where
        s1_0.id=?
2025-01-03 20:14:04 [main] DEBUG org.hibernate.SQL - 
    select
        p1_0.sector,
        p1_0.id,
        p1_0.actives,
        p1_0.quantities,
        p1_0.cods,
        p1_0.images,
        p1_0.names,
        p1_0.version 
    from
        parts p1_0 
    where
        p1_0.sector=?
2025-01-03 20:14:04 [main] DEBUG org.hibernate.SQL - 
    delete 
    from
        parts 
    where
        id=? 
        and version=?
2025-01-03 20:14:04 [main] DEBUG org.hibernate.SQL - 
    delete 
    from
        sectors 
    where
        id=? 
        and version=?
2025-01-03 20:14:04 [main] DEBUG org.hibernate.SQL - 
    insert 
    into
        sectors
        (actives, columns, row_data, sector, shelves, version, id) 
    values
        (?, ?, ?, ?, ?, ?, default)
2025-01-03 20:14:04 [main] DEBUG org.hibernate.SQL - 
    insert 
    into
        parts
        (actives, quantities, cods, images, names, sector, version, id) 
    values
        (?, ?, ?, ?, ?, ?, ?, default)
2025-01-03 20:14:04 [main] DEBUG org.hibernate.SQL - 
    insert 
    into
        sectors
        (actives, columns, row_data, sector, shelves, version, id) 
    values
        (?, ?, ?, ?, ?, ?, default)
2025-01-03 20:14:04 [main] DEBUG org.hibernate.SQL - 
    insert 
    into
        parts
        (actives, quantities, cods, images, names, sector, version, id) 
    values
        (?, ?, ?, ?, ?, ?, ?, default)
2025-01-03 20:14:04 [main] DEBUG org.hibernate.SQL - 
    select
        p1_0.id,
        p1_0.actives,
        p1_0.quantities,
        p1_0.cods,
        p1_0.images,
        p1_0.names,
        p1_0.sector,
        p1_0.version 
    from
        parts p1_0 
    where
        upper(p1_0.names) like upper(?) escape '\' 
        and p1_0.actives 
    order by
        p1_0.id 
    fetch
        first ? rows only
2025-01-03 20:14:04 [main] DEBUG org.hibernate.SQL - 
    select
        s1_0.id,
        s1_0.actives,
        s1_0.columns,
        s1_0.row_data,
        s1_0.sector,
        s1_0.shelves,
        s1_0.version 
    from
        sectors s1_0 
    where
        s1_0.id=?
2025-01-03 20:14:04 [main] DEBUG org.hibernate.SQL - 
    select
        s1_0.id,
        s1_0.actives,
        s1_0.columns,
        s1_0.row_data,
        s1_0.sector,
        s1_0.shelves,
        s1_0.version 
    from
        sectors s1_0 
    where
        s1_0.id=?
2025-01-03 20:14:04 [main] DEBUG org.hibernate.SQL - 
    select
        p1_0.id,
        p1_0.actives,
        p1_0.quantities,
        p1_0.cods,
        p1_0.images,
        p1_0.names,
        s1_0.id,
        s1_0.actives,
        s1_0.columns,
        s1_0.row_data,
        s1_0.sector,
        s1_0.shelves,
        s1_0.version,
        p1_0.version 
    from
        parts p1_0 
    left join
        sectors s1_0 
            on s1_0.id=p1_0.sector 
    where
        p1_0.id=?
2025-01-03 20:14:04 [main] DEBUG org.hibernate.SQL - 
    delete 
    from
        parts 
    where
        id=? 
        and version=?
2025-01-03 20:14:04 [main] DEBUG org.hibernate.SQL - 
    select
        s1_0.id,
        s1_0.actives,
        s1_0.columns,
        s1_0.row_data,
        s1_0.sector,
        s1_0.shelves,
        s1_0.version 
    from
        sectors s1_0 
    where
        s1_0.id=?
2025-01-03 20:14:04 [main] DEBUG org.hibernate.SQL - 
    select
        p1_0.sector,
        p1_0.id,
        p1_0.actives,
        p1_0.quantities,
        p1_0.cods,
        p1_0.images,
        p1_0.names,
        p1_0.version 
    from
        parts p1_0 
    where
        p1_0.sector=?
2025-01-03 20:14:04 [main] DEBUG org.hibernate.SQL - 
    delete 
    from
        sectors 
    where
        id=? 
        and version=?
2025-01-03 20:14:04 [main] DEBUG org.hibernate.SQL - 
    select
        p1_0.id,
        p1_0.actives,
        p1_0.quantities,
        p1_0.cods,
        p1_0.images,
        p1_0.names,
        s1_0.id,
        s1_0.actives,
        s1_0.columns,
        s1_0.row_data,
        s1_0.sector,
        s1_0.shelves,
        s1_0.version,
        p1_0.version 
    from
        parts p1_0 
    left join
        sectors s1_0 
            on s1_0.id=p1_0.sector 
    where
        p1_0.id=?
2025-01-03 20:14:04 [main] DEBUG org.hibernate.SQL - 
    delete 
    from
        parts 
    where
        id=? 
        and version=?
2025-01-03 20:14:04 [main] DEBUG org.hibernate.SQL - 
    select
        s1_0.id,
        s1_0.actives,
        s1_0.columns,
        s1_0.row_data,
        s1_0.sector,
        s1_0.shelves,
        s1_0.version 
    from
        sectors s1_0 
    where
        s1_0.id=?
2025-01-03 20:14:04 [main] DEBUG org.hibernate.SQL - 
    select
        p1_0.sector,
        p1_0.id,
        p1_0.actives,
        p1_0.quantities,
        p1_0.cods,
        p1_0.images,
        p1_0.names,
        p1_0.version 
    from
        parts p1_0 
    where
        p1_0.sector=?
2025-01-03 20:14:04 [main] DEBUG org.hibernate.SQL - 
    delete 
    from
        sectors 
    where
        id=? 
        and version=?
2025-01-03 20:14:04 [main] DEBUG org.hibernate.SQL - 
    insert 
    into
        sectors
        (actives, columns, row_data, sector, shelves, version, id) 
    values
        (?, ?, ?, ?, ?, ?, default)
2025-01-03 20:14:04 [main] DEBUG org.hibernate.SQL - 
    insert 
    into
        parts
        (actives, quantities, cods, images, names, sector, version, id) 
    values
        (?, ?, ?, ?, ?, ?, ?, default)
2025-01-03 20:14:04 [main] DEBUG org.hibernate.SQL - 
    select
        p1_0.id,
        p1_0.actives,
        p1_0.quantities,
        p1_0.cods,
        p1_0.images,
        p1_0.names,
        p1_0.sector,
        p1_0.version 
    from
        parts p1_0 
    where
        p1_0.cods=? 
        and p1_0.actives
2025-01-03 20:14:04 [main] DEBUG org.hibernate.SQL - 
    select
        s1_0.id,
        s1_0.actives,
        s1_0.columns,
        s1_0.row_data,
        s1_0.sector,
        s1_0.shelves,
        s1_0.version 
    from
        sectors s1_0 
    where
        s1_0.id=?
2025-01-03 20:14:04 [main] DEBUG org.hibernate.SQL - 
    select
        p1_0.id,
        p1_0.actives,
        p1_0.quantities,
        p1_0.cods,
        p1_0.images,
        p1_0.names,
        s1_0.id,
        s1_0.actives,
        s1_0.columns,
        s1_0.row_data,
        s1_0.sector,
        s1_0.shelves,
        s1_0.version,
        p1_0.version 
    from
        parts p1_0 
    left join
        sectors s1_0 
            on s1_0.id=p1_0.sector 
    where
        p1_0.id=?
2025-01-03 20:14:04 [main] DEBUG org.hibernate.SQL - 
    delete 
    from
        parts 
    where
        id=? 
        and version=?
2025-01-03 20:14:04 [main] DEBUG org.hibernate.SQL - 
    select
        s1_0.id,
        s1_0.actives,
        s1_0.columns,
        s1_0.row_data,
        s1_0.sector,
        s1_0.shelves,
        s1_0.version 
    from
        sectors s1_0 
    where
        s1_0.id=?
2025-01-03 20:14:04 [main] DEBUG org.hibernate.SQL - 
    select
        p1_0.sector,
        p1_0.id,
        p1_0.actives,
        p1_0.quantities,
        p1_0.cods,
        p1_0.images,
        p1_0.names,
        p1_0.version 
    from
        parts p1_0 
    where
        p1_0.sector=?
2025-01-03 20:14:04 [main] DEBUG org.hibernate.SQL - 
    delete 
    from
        sectors 
    where
        id=? 
        and version=?
2025-01-03 20:14:04 [main] DEBUG org.hibernate.SQL - 
    insert 
    into
        sectors
        (actives, columns, row_data, sector, shelves, version, id) 
    values
        (?, ?, ?, ?, ?, ?, default)
2025-01-03 20:14:04 [main] DEBUG org.hibernate.SQL - 
    insert 
    into
        parts
        (actives, quantities, cods, images, names, sector, version, id) 
    values
        (?, ?, ?, ?, ?, ?, ?, default)
2025-01-03 20:14:04 [main] DEBUG org.hibernate.SQL - 
    select
        p1_0.id,
        p1_0.actives,
        p1_0.quantities,
        p1_0.cods,
        p1_0.images,
        p1_0.names,
        p1_0.sector,
        p1_0.version 
    from
        parts p1_0 
    where
        p1_0.cods=? 
        or upper(p1_0.names) like upper(?) escape '\' 
        and p1_0.actives 
    order by
        p1_0.id 
    fetch
        first ? rows only
2025-01-03 20:14:04 [main] DEBUG org.hibernate.SQL - 
    select
        s1_0.id,
        s1_0.actives,
        s1_0.columns,
        s1_0.row_data,
        s1_0.sector,
        s1_0.shelves,
        s1_0.version 
    from
        sectors s1_0 
    where
        s1_0.id=?
2025-01-03 20:14:04 [main] DEBUG org.hibernate.SQL - 
    select
        p1_0.id,
        p1_0.actives,
        p1_0.quantities,
        p1_0.cods,
        p1_0.images,
        p1_0.names,
        s1_0.id,
        s1_0.actives,
        s1_0.columns,
        s1_0.row_data,
        s1_0.sector,
        s1_0.shelves,
        s1_0.version,
        p1_0.version 
    from
        parts p1_0 
    left join
        sectors s1_0 
            on s1_0.id=p1_0.sector 
    where
        p1_0.id=?
2025-01-03 20:14:04 [main] DEBUG org.hibernate.SQL - 
    delete 
    from
        parts 
    where
        id=? 
        and version=?
2025-01-03 20:14:04 [main] DEBUG org.hibernate.SQL - 
    select
        s1_0.id,
        s1_0.actives,
        s1_0.columns,
        s1_0.row_data,
        s1_0.sector,
        s1_0.shelves,
        s1_0.version 
    from
        sectors s1_0 
    where
        s1_0.id=?
2025-01-03 20:14:04 [main] DEBUG org.hibernate.SQL - 
    select
        p1_0.sector,
        p1_0.id,
        p1_0.actives,
        p1_0.quantities,
        p1_0.cods,
        p1_0.images,
        p1_0.names,
        p1_0.version 
    from
        parts p1_0 
    where
        p1_0.sector=?
2025-01-03 20:14:04 [main] DEBUG org.hibernate.SQL - 
    delete 
    from
        sectors 
    where
        id=? 
        and version=?
2025-01-03 20:14:05 [main] DEBUG org.hibernate.SQL - 
    select
        s1_0.id,
        s1_0.actives,
        s1_0.columns,
        s1_0.row_data,
        s1_0.sector,
        s1_0.shelves,
        s1_0.version 
    from
        sectors s1_0 
    where
        s1_0.actives 
    order by
        s1_0.id 
    fetch
        first ? rows only
2025-01-03 20:14:05 [main] DEBUG org.hibernate.SQL - 
    select
        p1_0.sector,
        p1_0.id,
        p1_0.actives,
        p1_0.quantities,
        p1_0.cods,
        p1_0.images,
        p1_0.names,
        p1_0.version 
    from
        parts p1_0 
    where
        p1_0.sector=?
2025-01-03 20:14:05 [main] DEBUG org.hibernate.SQL - 
    insert 
    into
        sectors
        (actives, columns, row_data, sector, shelves, version, id) 
    values
        (?, ?, ?, ?, ?, ?, default)
2025-01-03 20:14:05 [main] DEBUG org.hibernate.SQL - 
    select
        s1_0.id,
        s1_0.actives,
        s1_0.columns,
        s1_0.row_data,
        s1_0.sector,
        s1_0.shelves,
        s1_0.version 
    from
        sectors s1_0 
    where
        s1_0.id=? 
        and s1_0.actives
2025-01-03 20:14:05 [main] DEBUG org.hibernate.SQL - 
    update
        sectors 
    set
        actives=?,
        columns=?,
        row_data=?,
        sector=?,
        shelves=?,
        version=? 
    where
        id=? 
        and version=?
2025-01-03 20:14:05 [main] DEBUG org.hibernate.SQL - 
    select
        s1_0.id,
        s1_0.actives,
        s1_0.columns,
        s1_0.row_data,
        s1_0.sector,
        s1_0.shelves,
        s1_0.version 
    from
        sectors s1_0 
    where
        s1_0.id=?
2025-01-03 20:14:05 [main] DEBUG org.hibernate.SQL - 
    select
        p1_0.sector,
        p1_0.id,
        p1_0.actives,
        p1_0.quantities,
        p1_0.cods,
        p1_0.images,
        p1_0.names,
        p1_0.version 
    from
        parts p1_0 
    where
        p1_0.sector=?
2025-01-03 20:14:05 [main] DEBUG org.hibernate.SQL - 
    delete 
    from
        sectors 
    where
        id=? 
        and version=?
2025-01-03 20:14:05 [main] DEBUG org.hibernate.SQL - 
    insert 
    into
        sectors
        (actives, columns, row_data, sector, shelves, version, id) 
    values
        (?, ?, ?, ?, ?, ?, default)
2025-01-03 20:14:05 [main] DEBUG org.hibernate.SQL - 
    select
        s1_0.id,
        s1_0.actives,
        s1_0.columns,
        s1_0.row_data,
        s1_0.sector,
        s1_0.shelves,
        s1_0.version 
    from
        sectors s1_0 
    where
        s1_0.id=? 
        and s1_0.actives
2025-01-03 20:14:05 [main] DEBUG org.hibernate.SQL - 
    select
        p1_0.sector,
        p1_0.id,
        p1_0.actives,
        p1_0.quantities,
        p1_0.cods,
        p1_0.images,
        p1_0.names,
        p1_0.version 
    from
        parts p1_0 
    where
        p1_0.sector=?
2025-01-03 20:14:05 [main] DEBUG org.hibernate.SQL - 
    select
        s1_0.id,
        s1_0.actives,
        s1_0.columns,
        s1_0.row_data,
        s1_0.sector,
        s1_0.shelves,
        s1_0.version 
    from
        sectors s1_0 
    where
        s1_0.id=?
2025-01-03 20:14:05 [main] DEBUG org.hibernate.SQL - 
    select
        p1_0.sector,
        p1_0.id,
        p1_0.actives,
        p1_0.quantities,
        p1_0.cods,
        p1_0.images,
        p1_0.names,
        p1_0.version 
    from
        parts p1_0 
    where
        p1_0.sector=?
2025-01-03 20:14:05 [main] DEBUG org.hibernate.SQL - 
    delete 
    from
        sectors 
    where
        id=? 
        and version=?
2025-01-03 20:14:05 [main] DEBUG org.hibernate.SQL - 
    select
        s1_0.id 
    from
        sectors s1_0 
    where
        s1_0.sector=? 
        and s1_0.shelves=? 
        and s1_0.columns=? 
        and s1_0.row_data=? 
    fetch
        first ? rows only
2025-01-03 20:14:05 [main] DEBUG org.hibernate.SQL - 
    insert 
    into
        sectors
        (actives, columns, row_data, sector, shelves, version, id) 
    values
        (?, ?, ?, ?, ?, ?, default)
2025-01-03 20:14:05 [main] DEBUG org.hibernate.SQL - 
    insert 
    into
        sectors
        (actives, columns, row_data, sector, shelves, version, id) 
    values
        (?, ?, ?, ?, ?, ?, default)
2025-01-03 20:14:05 [main] DEBUG org.hibernate.SQL - 
    select
        s1_0.id,
        s1_0.actives,
        s1_0.columns,
        s1_0.row_data,
        s1_0.sector,
        s1_0.shelves,
        s1_0.version 
    from
        sectors s1_0 
    where
        s1_0.id=? 
        and s1_0.actives
2025-01-03 20:14:05 [main] DEBUG org.hibernate.SQL - 
    select
        p1_0.sector,
        p1_0.id,
        p1_0.actives,
        p1_0.quantities,
        p1_0.cods,
        p1_0.images,
        p1_0.names,
        p1_0.version 
    from
        parts p1_0 
    where
        p1_0.sector=?
2025-01-03 20:14:05 [main] DEBUG org.hibernate.SQL - 
    select
        s1_0.id,
        s1_0.actives,
        s1_0.columns,
        s1_0.row_data,
        s1_0.sector,
        s1_0.shelves,
        s1_0.version 
    from
        sectors s1_0 
    where
        s1_0.id=?
2025-01-03 20:14:05 [main] DEBUG org.hibernate.SQL - 
    select
        p1_0.sector,
        p1_0.id,
        p1_0.actives,
        p1_0.quantities,
        p1_0.cods,
        p1_0.images,
        p1_0.names,
        p1_0.version 
    from
        parts p1_0 
    where
        p1_0.sector=?
2025-01-03 20:14:05 [main] DEBUG org.hibernate.SQL - 
    delete 
    from
        sectors 
    where
        id=? 
        and version=?
2025-01-03 20:14:05 [SpringApplicationShutdownHook] DEBUG org.hibernate.SQL - 
    drop table if exists parts cascade 
2025-01-03 20:14:05 [SpringApplicationShutdownHook] DEBUG org.hibernate.SQL - 
    drop table if exists sectors cascade 
2025-01-03 20:16:09 [main] DEBUG org.hibernate.SQL - 
    drop table if exists parts cascade 
2025-01-03 20:16:09 [main] DEBUG org.hibernate.SQL - 
    drop table if exists sectors cascade 
2025-01-03 20:16:09 [main] DEBUG org.hibernate.SQL - 
    create table parts (
        actives boolean not null,
        quantities float(53) not null,
        version integer,
        cods bigint not null,
        id bigint generated by default as identity,
        sector bigint,
        names varchar(255) not null,
        images blob not null,
        primary key (id)
    )
2025-01-03 20:16:09 [main] DEBUG org.hibernate.SQL - 
    create table sectors (
        actives boolean not null,
        version integer,
        id bigint generated by default as identity,
        columns varchar(255) not null,
        row_data varchar(255) not null,
        sector varchar(255) not null,
        shelves varchar(255) not null,
        primary key (id)
    )
2025-01-03 20:16:09 [main] DEBUG org.hibernate.SQL - 
    alter table if exists parts 
       add constraint FK44bpbjjhvt2bd6spralcvfki7 
       foreign key (sector) 
       references sectors
2025-01-03 20:16:14 [main] DEBUG org.hibernate.SQL - 
    insert 
    into
        sectors
        (actives, columns, row_data, sector, shelves, version, id) 
    values
        (?, ?, ?, ?, ?, ?, default)
2025-01-03 20:16:14 [main] DEBUG org.hibernate.SQL - 
    insert 
    into
        parts
        (actives, quantities, cods, images, names, sector, version, id) 
    values
        (?, ?, ?, ?, ?, ?, ?, default)
2025-01-03 20:16:15 [main] DEBUG org.hibernate.SQL - 
    insert 
    into
        sectors
        (actives, columns, row_data, sector, shelves, version, id) 
    values
        (?, ?, ?, ?, ?, ?, default)
2025-01-03 20:16:15 [main] DEBUG org.hibernate.SQL - 
    select
        p1_0.id,
        p1_0.actives,
        p1_0.quantities,
        p1_0.cods,
        p1_0.images,
        p1_0.names,
        s1_0.id,
        s1_0.actives,
        s1_0.columns,
        s1_0.row_data,
        s1_0.sector,
        s1_0.shelves,
        s1_0.version,
        p1_0.version 
    from
        parts p1_0 
    left join
        sectors s1_0 
            on s1_0.id=p1_0.sector 
    where
        p1_0.id=?
2025-01-03 20:16:15 [main] DEBUG org.hibernate.SQL - 
    select
        s1_0.id,
        s1_0.actives,
        s1_0.columns,
        s1_0.row_data,
        s1_0.sector,
        s1_0.shelves,
        s1_0.version 
    from
        sectors s1_0 
    where
        s1_0.id=? 
        and s1_0.actives
2025-01-03 20:16:15 [main] DEBUG org.hibernate.SQL - 
    update
        parts 
    set
        actives=?,
        quantities=?,
        cods=?,
        images=?,
        names=?,
        sector=?,
        version=? 
    where
        id=? 
        and version=?
2025-01-03 20:16:15 [main] DEBUG org.hibernate.SQL - 
    select
        p1_0.id,
        p1_0.actives,
        p1_0.quantities,
        p1_0.cods,
        p1_0.images,
        p1_0.names,
        s1_0.id,
        s1_0.actives,
        s1_0.columns,
        s1_0.row_data,
        s1_0.sector,
        s1_0.shelves,
        s1_0.version,
        p1_0.version 
    from
        parts p1_0 
    left join
        sectors s1_0 
            on s1_0.id=p1_0.sector 
    where
        p1_0.id=?
2025-01-03 20:16:15 [main] DEBUG org.hibernate.SQL - 
    delete 
    from
        parts 
    where
        id=? 
        and version=?
2025-01-03 20:16:15 [main] DEBUG org.hibernate.SQL - 
    select
        s1_0.id,
        s1_0.actives,
        s1_0.columns,
        s1_0.row_data,
        s1_0.sector,
        s1_0.shelves,
        s1_0.version 
    from
        sectors s1_0 
    where
        s1_0.id=?
2025-01-03 20:16:15 [main] DEBUG org.hibernate.SQL - 
    select
        p1_0.sector,
        p1_0.id,
        p1_0.actives,
        p1_0.quantities,
        p1_0.cods,
        p1_0.images,
        p1_0.names,
        p1_0.version 
    from
        parts p1_0 
    where
        p1_0.sector=?
2025-01-03 20:16:15 [main] DEBUG org.hibernate.SQL - 
    delete 
    from
        sectors 
    where
        id=? 
        and version=?
2025-01-03 20:16:15 [main] DEBUG org.hibernate.SQL - 
    select
        s1_0.id,
        s1_0.actives,
        s1_0.columns,
        s1_0.row_data,
        s1_0.sector,
        s1_0.shelves,
        s1_0.version 
    from
        sectors s1_0 
    where
        s1_0.id=?
2025-01-03 20:16:15 [main] DEBUG org.hibernate.SQL - 
    select
        p1_0.id,
        p1_0.actives,
        p1_0.quantities,
        p1_0.cods,
        p1_0.images,
        p1_0.names,
        p1_0.sector,
        p1_0.version 
    from
        parts p1_0 
    where
        p1_0.actives 
    order by
        p1_0.id 
    fetch
        first ? rows only
2025-01-03 20:16:15 [main] DEBUG org.hibernate.SQL - 
    insert 
    into
        sectors
        (actives, columns, row_data, sector, shelves, version, id) 
    values
        (?, ?, ?, ?, ?, ?, default)
2025-01-03 20:16:15 [main] DEBUG org.hibernate.SQL - 
    insert 
    into
        parts
        (actives, quantities, cods, images, names, sector, version, id) 
    values
        (?, ?, ?, ?, ?, ?, ?, default)
2025-01-03 20:16:15 [main] DEBUG org.hibernate.SQL - 
    select
        p1_0.id,
        p1_0.actives,
        p1_0.quantities,
        p1_0.cods,
        p1_0.images,
        p1_0.names,
        s1_0.id,
        s1_0.actives,
        s1_0.columns,
        s1_0.row_data,
        s1_0.sector,
        s1_0.shelves,
        s1_0.version,
        p1_0.version 
    from
        parts p1_0 
    left join
        sectors s1_0 
            on s1_0.id=p1_0.sector 
    where
        p1_0.id=?
2025-01-03 20:16:15 [main] DEBUG org.hibernate.SQL - 
    update
        parts 
    set
        actives=?,
        quantities=?,
        cods=?,
        images=?,
        names=?,
        sector=?,
        version=? 
    where
        id=? 
        and version=?
2025-01-03 20:16:15 [main] DEBUG org.hibernate.SQL - 
    select
        p1_0.id,
        p1_0.actives,
        p1_0.quantities,
        p1_0.cods,
        p1_0.images,
        p1_0.names,
        s1_0.id,
        s1_0.actives,
        s1_0.columns,
        s1_0.row_data,
        s1_0.sector,
        s1_0.shelves,
        s1_0.version,
        p1_0.version 
    from
        parts p1_0 
    left join
        sectors s1_0 
            on s1_0.id=p1_0.sector 
    where
        p1_0.id=?
2025-01-03 20:16:15 [main] DEBUG org.hibernate.SQL - 
    delete 
    from
        parts 
    where
        id=? 
        and version=?
2025-01-03 20:16:15 [main] DEBUG org.hibernate.SQL - 
    select
        s1_0.id,
        s1_0.actives,
        s1_0.columns,
        s1_0.row_data,
        s1_0.sector,
        s1_0.shelves,
        s1_0.version 
    from
        sectors s1_0 
    where
        s1_0.id=?
2025-01-03 20:16:15 [main] DEBUG org.hibernate.SQL - 
    select
        p1_0.sector,
        p1_0.id,
        p1_0.actives,
        p1_0.quantities,
        p1_0.cods,
        p1_0.images,
        p1_0.names,
        p1_0.version 
    from
        parts p1_0 
    where
        p1_0.sector=?
2025-01-03 20:16:15 [main] DEBUG org.hibernate.SQL - 
    delete 
    from
        sectors 
    where
        id=? 
        and version=?
2025-01-03 20:16:15 [main] DEBUG org.hibernate.SQL - 
    insert 
    into
        sectors
        (actives, columns, row_data, sector, shelves, version, id) 
    values
        (?, ?, ?, ?, ?, ?, default)
2025-01-03 20:16:15 [main] DEBUG org.hibernate.SQL - 
    insert 
    into
        parts
        (actives, quantities, cods, images, names, sector, version, id) 
    values
        (?, ?, ?, ?, ?, ?, ?, default)
2025-01-03 20:16:16 [main] DEBUG org.hibernate.SQL - 
    select
        p1_0.id,
        p1_0.actives,
        p1_0.quantities,
        p1_0.cods,
        p1_0.images,
        p1_0.names,
        p1_0.sector,
        p1_0.version 
    from
        parts p1_0 
    where
        p1_0.id=? 
        and p1_0.actives
2025-01-03 20:16:16 [main] DEBUG org.hibernate.SQL - 
    select
        s1_0.id,
        s1_0.actives,
        s1_0.columns,
        s1_0.row_data,
        s1_0.sector,
        s1_0.shelves,
        s1_0.version 
    from
        sectors s1_0 
    where
        s1_0.id=?
2025-01-03 20:16:16 [main] DEBUG org.hibernate.SQL - 
    select
        p1_0.id,
        p1_0.actives,
        p1_0.quantities,
        p1_0.cods,
        p1_0.images,
        p1_0.names,
        s1_0.id,
        s1_0.actives,
        s1_0.columns,
        s1_0.row_data,
        s1_0.sector,
        s1_0.shelves,
        s1_0.version,
        p1_0.version 
    from
        parts p1_0 
    left join
        sectors s1_0 
            on s1_0.id=p1_0.sector 
    where
        p1_0.id=?
2025-01-03 20:16:16 [main] DEBUG org.hibernate.SQL - 
    delete 
    from
        parts 
    where
        id=? 
        and version=?
2025-01-03 20:16:16 [main] DEBUG org.hibernate.SQL - 
    select
        s1_0.id,
        s1_0.actives,
        s1_0.columns,
        s1_0.row_data,
        s1_0.sector,
        s1_0.shelves,
        s1_0.version 
    from
        sectors s1_0 
    where
        s1_0.id=?
2025-01-03 20:16:16 [main] DEBUG org.hibernate.SQL - 
    select
        p1_0.sector,
        p1_0.id,
        p1_0.actives,
        p1_0.quantities,
        p1_0.cods,
        p1_0.images,
        p1_0.names,
        p1_0.version 
    from
        parts p1_0 
    where
        p1_0.sector=?
2025-01-03 20:16:16 [main] DEBUG org.hibernate.SQL - 
    delete 
    from
        sectors 
    where
        id=? 
        and version=?
2025-01-03 20:16:16 [main] DEBUG org.hibernate.SQL - 
    insert 
    into
        sectors
        (actives, columns, row_data, sector, shelves, version, id) 
    values
        (?, ?, ?, ?, ?, ?, default)
2025-01-03 20:16:16 [main] DEBUG org.hibernate.SQL - 
    select
        s1_0.id,
        s1_0.actives,
        s1_0.columns,
        s1_0.row_data,
        s1_0.sector,
        s1_0.shelves,
        s1_0.version 
    from
        sectors s1_0 
    where
        s1_0.id=?
2025-01-03 20:16:16 [main] DEBUG org.hibernate.SQL - 
    select
        p1_0.id 
    from
        parts p1_0 
    where
        p1_0.cods=? 
        and p1_0.names=? 
        and p1_0.sector=? 
    fetch
        first ? rows only
2025-01-03 20:16:16 [main] DEBUG org.hibernate.SQL - 
    insert 
    into
        parts
        (actives, quantities, cods, images, names, sector, version, id) 
    values
        (?, ?, ?, ?, ?, ?, ?, default)
2025-01-03 20:16:16 [main] DEBUG org.hibernate.SQL - 
    select
        s1_0.id,
        s1_0.actives,
        s1_0.columns,
        s1_0.row_data,
        s1_0.sector,
        s1_0.shelves,
        s1_0.version 
    from
        sectors s1_0 
    where
        s1_0.id=?
2025-01-03 20:16:16 [main] DEBUG org.hibernate.SQL - 
    select
        p1_0.sector,
        p1_0.id,
        p1_0.actives,
        p1_0.quantities,
        p1_0.cods,
        p1_0.images,
        p1_0.names,
        p1_0.version 
    from
        parts p1_0 
    where
        p1_0.sector=?
2025-01-03 20:16:16 [main] DEBUG org.hibernate.SQL - 
    delete 
    from
        parts 
    where
        id=? 
        and version=?
2025-01-03 20:16:16 [main] DEBUG org.hibernate.SQL - 
    delete 
    from
        sectors 
    where
        id=? 
        and version=?
2025-01-03 20:16:16 [main] DEBUG org.hibernate.SQL - 
    insert 
    into
        sectors
        (actives, columns, row_data, sector, shelves, version, id) 
    values
        (?, ?, ?, ?, ?, ?, default)
2025-01-03 20:16:16 [main] DEBUG org.hibernate.SQL - 
    insert 
    into
        parts
        (actives, quantities, cods, images, names, sector, version, id) 
    values
        (?, ?, ?, ?, ?, ?, ?, default)
2025-01-03 20:16:16 [main] DEBUG org.hibernate.SQL - 
    insert 
    into
        sectors
        (actives, columns, row_data, sector, shelves, version, id) 
    values
        (?, ?, ?, ?, ?, ?, default)
2025-01-03 20:16:16 [main] DEBUG org.hibernate.SQL - 
    insert 
    into
        parts
        (actives, quantities, cods, images, names, sector, version, id) 
    values
        (?, ?, ?, ?, ?, ?, ?, default)
2025-01-03 20:16:16 [main] DEBUG org.hibernate.SQL - 
    select
        p1_0.id,
        p1_0.actives,
        p1_0.quantities,
        p1_0.cods,
        p1_0.images,
        p1_0.names,
        p1_0.sector,
        p1_0.version 
    from
        parts p1_0 
    where
        upper(p1_0.names) like upper(?) escape '\' 
        and p1_0.actives 
    order by
        p1_0.id 
    fetch
        first ? rows only
2025-01-03 20:16:16 [main] DEBUG org.hibernate.SQL - 
    select
        s1_0.id,
        s1_0.actives,
        s1_0.columns,
        s1_0.row_data,
        s1_0.sector,
        s1_0.shelves,
        s1_0.version 
    from
        sectors s1_0 
    where
        s1_0.id=?
2025-01-03 20:16:16 [main] DEBUG org.hibernate.SQL - 
    select
        s1_0.id,
        s1_0.actives,
        s1_0.columns,
        s1_0.row_data,
        s1_0.sector,
        s1_0.shelves,
        s1_0.version 
    from
        sectors s1_0 
    where
        s1_0.id=?
2025-01-03 20:16:16 [main] DEBUG org.hibernate.SQL - 
    select
        p1_0.id,
        p1_0.actives,
        p1_0.quantities,
        p1_0.cods,
        p1_0.images,
        p1_0.names,
        s1_0.id,
        s1_0.actives,
        s1_0.columns,
        s1_0.row_data,
        s1_0.sector,
        s1_0.shelves,
        s1_0.version,
        p1_0.version 
    from
        parts p1_0 
    left join
        sectors s1_0 
            on s1_0.id=p1_0.sector 
    where
        p1_0.id=?
2025-01-03 20:16:16 [main] DEBUG org.hibernate.SQL - 
    delete 
    from
        parts 
    where
        id=? 
        and version=?
2025-01-03 20:16:16 [main] DEBUG org.hibernate.SQL - 
    select
        s1_0.id,
        s1_0.actives,
        s1_0.columns,
        s1_0.row_data,
        s1_0.sector,
        s1_0.shelves,
        s1_0.version 
    from
        sectors s1_0 
    where
        s1_0.id=?
2025-01-03 20:16:16 [main] DEBUG org.hibernate.SQL - 
    select
        p1_0.sector,
        p1_0.id,
        p1_0.actives,
        p1_0.quantities,
        p1_0.cods,
        p1_0.images,
        p1_0.names,
        p1_0.version 
    from
        parts p1_0 
    where
        p1_0.sector=?
2025-01-03 20:16:16 [main] DEBUG org.hibernate.SQL - 
    delete 
    from
        sectors 
    where
        id=? 
        and version=?
2025-01-03 20:16:16 [main] DEBUG org.hibernate.SQL - 
    select
        p1_0.id,
        p1_0.actives,
        p1_0.quantities,
        p1_0.cods,
        p1_0.images,
        p1_0.names,
        s1_0.id,
        s1_0.actives,
        s1_0.columns,
        s1_0.row_data,
        s1_0.sector,
        s1_0.shelves,
        s1_0.version,
        p1_0.version 
    from
        parts p1_0 
    left join
        sectors s1_0 
            on s1_0.id=p1_0.sector 
    where
        p1_0.id=?
2025-01-03 20:16:16 [main] DEBUG org.hibernate.SQL - 
    delete 
    from
        parts 
    where
        id=? 
        and version=?
2025-01-03 20:16:16 [main] DEBUG org.hibernate.SQL - 
    select
        s1_0.id,
        s1_0.actives,
        s1_0.columns,
        s1_0.row_data,
        s1_0.sector,
        s1_0.shelves,
        s1_0.version 
    from
        sectors s1_0 
    where
        s1_0.id=?
2025-01-03 20:16:16 [main] DEBUG org.hibernate.SQL - 
    select
        p1_0.sector,
        p1_0.id,
        p1_0.actives,
        p1_0.quantities,
        p1_0.cods,
        p1_0.images,
        p1_0.names,
        p1_0.version 
    from
        parts p1_0 
    where
        p1_0.sector=?
2025-01-03 20:16:16 [main] DEBUG org.hibernate.SQL - 
    delete 
    from
        sectors 
    where
        id=? 
        and version=?
2025-01-03 20:16:16 [main] DEBUG org.hibernate.SQL - 
    insert 
    into
        sectors
        (actives, columns, row_data, sector, shelves, version, id) 
    values
        (?, ?, ?, ?, ?, ?, default)
2025-01-03 20:16:16 [main] DEBUG org.hibernate.SQL - 
    insert 
    into
        parts
        (actives, quantities, cods, images, names, sector, version, id) 
    values
        (?, ?, ?, ?, ?, ?, ?, default)
2025-01-03 20:16:16 [main] DEBUG org.hibernate.SQL - 
    select
        p1_0.id,
        p1_0.actives,
        p1_0.quantities,
        p1_0.cods,
        p1_0.images,
        p1_0.names,
        p1_0.sector,
        p1_0.version 
    from
        parts p1_0 
    where
        p1_0.cods=? 
        and p1_0.actives
2025-01-03 20:16:16 [main] DEBUG org.hibernate.SQL - 
    select
        s1_0.id,
        s1_0.actives,
        s1_0.columns,
        s1_0.row_data,
        s1_0.sector,
        s1_0.shelves,
        s1_0.version 
    from
        sectors s1_0 
    where
        s1_0.id=?
2025-01-03 20:16:16 [main] DEBUG org.hibernate.SQL - 
    select
        p1_0.id,
        p1_0.actives,
        p1_0.quantities,
        p1_0.cods,
        p1_0.images,
        p1_0.names,
        s1_0.id,
        s1_0.actives,
        s1_0.columns,
        s1_0.row_data,
        s1_0.sector,
        s1_0.shelves,
        s1_0.version,
        p1_0.version 
    from
        parts p1_0 
    left join
        sectors s1_0 
            on s1_0.id=p1_0.sector 
    where
        p1_0.id=?
2025-01-03 20:16:16 [main] DEBUG org.hibernate.SQL - 
    delete 
    from
        parts 
    where
        id=? 
        and version=?
2025-01-03 20:16:16 [main] DEBUG org.hibernate.SQL - 
    select
        s1_0.id,
        s1_0.actives,
        s1_0.columns,
        s1_0.row_data,
        s1_0.sector,
        s1_0.shelves,
        s1_0.version 
    from
        sectors s1_0 
    where
        s1_0.id=?
2025-01-03 20:16:16 [main] DEBUG org.hibernate.SQL - 
    select
        p1_0.sector,
        p1_0.id,
        p1_0.actives,
        p1_0.quantities,
        p1_0.cods,
        p1_0.images,
        p1_0.names,
        p1_0.version 
    from
        parts p1_0 
    where
        p1_0.sector=?
2025-01-03 20:16:16 [main] DEBUG org.hibernate.SQL - 
    delete 
    from
        sectors 
    where
        id=? 
        and version=?
2025-01-03 20:16:16 [main] DEBUG org.hibernate.SQL - 
    insert 
    into
        sectors
        (actives, columns, row_data, sector, shelves, version, id) 
    values
        (?, ?, ?, ?, ?, ?, default)
2025-01-03 20:16:16 [main] DEBUG org.hibernate.SQL - 
    insert 
    into
        parts
        (actives, quantities, cods, images, names, sector, version, id) 
    values
        (?, ?, ?, ?, ?, ?, ?, default)
2025-01-03 20:16:16 [main] DEBUG org.hibernate.SQL - 
    select
        p1_0.id,
        p1_0.actives,
        p1_0.quantities,
        p1_0.cods,
        p1_0.images,
        p1_0.names,
        p1_0.sector,
        p1_0.version 
    from
        parts p1_0 
    where
        p1_0.cods=? 
        or upper(p1_0.names) like upper(?) escape '\' 
        and p1_0.actives 
    order by
        p1_0.id 
    fetch
        first ? rows only
2025-01-03 20:16:16 [main] DEBUG org.hibernate.SQL - 
    select
        s1_0.id,
        s1_0.actives,
        s1_0.columns,
        s1_0.row_data,
        s1_0.sector,
        s1_0.shelves,
        s1_0.version 
    from
        sectors s1_0 
    where
        s1_0.id=?
2025-01-03 20:16:16 [main] DEBUG org.hibernate.SQL - 
    select
        p1_0.id,
        p1_0.actives,
        p1_0.quantities,
        p1_0.cods,
        p1_0.images,
        p1_0.names,
        s1_0.id,
        s1_0.actives,
        s1_0.columns,
        s1_0.row_data,
        s1_0.sector,
        s1_0.shelves,
        s1_0.version,
        p1_0.version 
    from
        parts p1_0 
    left join
        sectors s1_0 
            on s1_0.id=p1_0.sector 
    where
        p1_0.id=?
2025-01-03 20:16:16 [main] DEBUG org.hibernate.SQL - 
    delete 
    from
        parts 
    where
        id=? 
        and version=?
2025-01-03 20:16:16 [main] DEBUG org.hibernate.SQL - 
    select
        s1_0.id,
        s1_0.actives,
        s1_0.columns,
        s1_0.row_data,
        s1_0.sector,
        s1_0.shelves,
        s1_0.version 
    from
        sectors s1_0 
    where
        s1_0.id=?
2025-01-03 20:16:16 [main] DEBUG org.hibernate.SQL - 
    select
        p1_0.sector,
        p1_0.id,
        p1_0.actives,
        p1_0.quantities,
        p1_0.cods,
        p1_0.images,
        p1_0.names,
        p1_0.version 
    from
        parts p1_0 
    where
        p1_0.sector=?
2025-01-03 20:16:16 [main] DEBUG org.hibernate.SQL - 
    delete 
    from
        sectors 
    where
        id=? 
        and version=?
2025-01-03 20:16:17 [main] DEBUG org.hibernate.SQL - 
    select
        s1_0.id,
        s1_0.actives,
        s1_0.columns,
        s1_0.row_data,
        s1_0.sector,
        s1_0.shelves,
        s1_0.version 
    from
        sectors s1_0 
    where
        s1_0.actives 
    order by
        s1_0.id 
    fetch
        first ? rows only
2025-01-03 20:16:17 [main] DEBUG org.hibernate.SQL - 
    select
        p1_0.sector,
        p1_0.id,
        p1_0.actives,
        p1_0.quantities,
        p1_0.cods,
        p1_0.images,
        p1_0.names,
        p1_0.version 
    from
        parts p1_0 
    where
        p1_0.sector=?
2025-01-03 20:16:17 [main] DEBUG org.hibernate.SQL - 
    insert 
    into
        sectors
        (actives, columns, row_data, sector, shelves, version, id) 
    values
        (?, ?, ?, ?, ?, ?, default)
2025-01-03 20:16:17 [main] DEBUG org.hibernate.SQL - 
    select
        s1_0.id,
        s1_0.actives,
        s1_0.columns,
        s1_0.row_data,
        s1_0.sector,
        s1_0.shelves,
        s1_0.version 
    from
        sectors s1_0 
    where
        s1_0.id=? 
        and s1_0.actives
2025-01-03 20:16:17 [main] DEBUG org.hibernate.SQL - 
    update
        sectors 
    set
        actives=?,
        columns=?,
        row_data=?,
        sector=?,
        shelves=?,
        version=? 
    where
        id=? 
        and version=?
2025-01-03 20:16:17 [main] DEBUG org.hibernate.SQL - 
    select
        s1_0.id,
        s1_0.actives,
        s1_0.columns,
        s1_0.row_data,
        s1_0.sector,
        s1_0.shelves,
        s1_0.version 
    from
        sectors s1_0 
    where
        s1_0.id=?
2025-01-03 20:16:17 [main] DEBUG org.hibernate.SQL - 
    select
        p1_0.sector,
        p1_0.id,
        p1_0.actives,
        p1_0.quantities,
        p1_0.cods,
        p1_0.images,
        p1_0.names,
        p1_0.version 
    from
        parts p1_0 
    where
        p1_0.sector=?
2025-01-03 20:16:17 [main] DEBUG org.hibernate.SQL - 
    delete 
    from
        sectors 
    where
        id=? 
        and version=?
2025-01-03 20:16:17 [main] DEBUG org.hibernate.SQL - 
    insert 
    into
        sectors
        (actives, columns, row_data, sector, shelves, version, id) 
    values
        (?, ?, ?, ?, ?, ?, default)
2025-01-03 20:16:17 [main] DEBUG org.hibernate.SQL - 
    select
        s1_0.id,
        s1_0.actives,
        s1_0.columns,
        s1_0.row_data,
        s1_0.sector,
        s1_0.shelves,
        s1_0.version 
    from
        sectors s1_0 
    where
        s1_0.id=? 
        and s1_0.actives
2025-01-03 20:16:17 [main] DEBUG org.hibernate.SQL - 
    select
        p1_0.sector,
        p1_0.id,
        p1_0.actives,
        p1_0.quantities,
        p1_0.cods,
        p1_0.images,
        p1_0.names,
        p1_0.version 
    from
        parts p1_0 
    where
        p1_0.sector=?
2025-01-03 20:16:17 [main] DEBUG org.hibernate.SQL - 
    select
        s1_0.id,
        s1_0.actives,
        s1_0.columns,
        s1_0.row_data,
        s1_0.sector,
        s1_0.shelves,
        s1_0.version 
    from
        sectors s1_0 
    where
        s1_0.id=?
2025-01-03 20:16:17 [main] DEBUG org.hibernate.SQL - 
    select
        p1_0.sector,
        p1_0.id,
        p1_0.actives,
        p1_0.quantities,
        p1_0.cods,
        p1_0.images,
        p1_0.names,
        p1_0.version 
    from
        parts p1_0 
    where
        p1_0.sector=?
2025-01-03 20:16:17 [main] DEBUG org.hibernate.SQL - 
    delete 
    from
        sectors 
    where
        id=? 
        and version=?
2025-01-03 20:16:17 [main] DEBUG org.hibernate.SQL - 
    select
        s1_0.id 
    from
        sectors s1_0 
    where
        s1_0.sector=? 
        and s1_0.shelves=? 
        and s1_0.columns=? 
        and s1_0.row_data=? 
    fetch
        first ? rows only
2025-01-03 20:16:17 [main] DEBUG org.hibernate.SQL - 
    insert 
    into
        sectors
        (actives, columns, row_data, sector, shelves, version, id) 
    values
        (?, ?, ?, ?, ?, ?, default)
2025-01-03 20:16:17 [main] DEBUG org.hibernate.SQL - 
    insert 
    into
        sectors
        (actives, columns, row_data, sector, shelves, version, id) 
    values
        (?, ?, ?, ?, ?, ?, default)
2025-01-03 20:16:17 [main] DEBUG org.hibernate.SQL - 
    select
        s1_0.id,
        s1_0.actives,
        s1_0.columns,
        s1_0.row_data,
        s1_0.sector,
        s1_0.shelves,
        s1_0.version 
    from
        sectors s1_0 
    where
        s1_0.id=? 
        and s1_0.actives
2025-01-03 20:16:17 [main] DEBUG org.hibernate.SQL - 
    select
        p1_0.sector,
        p1_0.id,
        p1_0.actives,
        p1_0.quantities,
        p1_0.cods,
        p1_0.images,
        p1_0.names,
        p1_0.version 
    from
        parts p1_0 
    where
        p1_0.sector=?
2025-01-03 20:16:17 [main] DEBUG org.hibernate.SQL - 
    select
        s1_0.id,
        s1_0.actives,
        s1_0.columns,
        s1_0.row_data,
        s1_0.sector,
        s1_0.shelves,
        s1_0.version 
    from
        sectors s1_0 
    where
        s1_0.id=?
2025-01-03 20:16:17 [main] DEBUG org.hibernate.SQL - 
    select
        p1_0.sector,
        p1_0.id,
        p1_0.actives,
        p1_0.quantities,
        p1_0.cods,
        p1_0.images,
        p1_0.names,
        p1_0.version 
    from
        parts p1_0 
    where
        p1_0.sector=?
2025-01-03 20:16:17 [main] DEBUG org.hibernate.SQL - 
    delete 
    from
        sectors 
    where
        id=? 
        and version=?
2025-01-03 20:16:17 [SpringApplicationShutdownHook] DEBUG org.hibernate.SQL - 
    drop table if exists parts cascade 
2025-01-03 20:16:17 [SpringApplicationShutdownHook] DEBUG org.hibernate.SQL - 
    drop table if exists sectors cascade 
2025-01-03 20:17:49 [main] DEBUG org.hibernate.SQL - 
    drop table if exists parts cascade 
2025-01-03 20:17:49 [main] DEBUG org.hibernate.SQL - 
    drop table if exists sectors cascade 
2025-01-03 20:17:49 [main] DEBUG org.hibernate.SQL - 
    create table parts (
        actives boolean not null,
        quantities float(53) not null,
        version integer,
        cods bigint not null,
        id bigint generated by default as identity,
        sector bigint,
        names varchar(255) not null,
        images blob not null,
        primary key (id)
    )
2025-01-03 20:17:49 [main] DEBUG org.hibernate.SQL - 
    create table sectors (
        actives boolean not null,
        version integer,
        id bigint generated by default as identity,
        columns varchar(255) not null,
        row_data varchar(255) not null,
        sector varchar(255) not null,
        shelves varchar(255) not null,
        primary key (id)
    )
2025-01-03 20:17:49 [main] DEBUG org.hibernate.SQL - 
    alter table if exists parts 
       add constraint FK44bpbjjhvt2bd6spralcvfki7 
       foreign key (sector) 
       references sectors
2025-01-03 20:17:56 [main] DEBUG org.hibernate.SQL - 
    insert 
    into
        sectors
        (actives, columns, row_data, sector, shelves, version, id) 
    values
        (?, ?, ?, ?, ?, ?, default)
2025-01-03 20:17:57 [main] DEBUG org.hibernate.SQL - 
    insert 
    into
        parts
        (actives, quantities, cods, images, names, sector, version, id) 
    values
        (?, ?, ?, ?, ?, ?, ?, default)
2025-01-03 20:17:57 [main] DEBUG org.hibernate.SQL - 
    insert 
    into
        sectors
        (actives, columns, row_data, sector, shelves, version, id) 
    values
        (?, ?, ?, ?, ?, ?, default)
2025-01-03 20:17:57 [main] DEBUG org.hibernate.SQL - 
    select
        p1_0.id,
        p1_0.actives,
        p1_0.quantities,
        p1_0.cods,
        p1_0.images,
        p1_0.names,
        s1_0.id,
        s1_0.actives,
        s1_0.columns,
        s1_0.row_data,
        s1_0.sector,
        s1_0.shelves,
        s1_0.version,
        p1_0.version 
    from
        parts p1_0 
    left join
        sectors s1_0 
            on s1_0.id=p1_0.sector 
    where
        p1_0.id=?
2025-01-03 20:17:57 [main] DEBUG org.hibernate.SQL - 
    select
        s1_0.id,
        s1_0.actives,
        s1_0.columns,
        s1_0.row_data,
        s1_0.sector,
        s1_0.shelves,
        s1_0.version 
    from
        sectors s1_0 
    where
        s1_0.id=? 
        and s1_0.actives
2025-01-03 20:17:57 [main] DEBUG org.hibernate.SQL - 
    update
        parts 
    set
        actives=?,
        quantities=?,
        cods=?,
        images=?,
        names=?,
        sector=?,
        version=? 
    where
        id=? 
        and version=?
2025-01-03 20:17:57 [main] DEBUG org.hibernate.SQL - 
    select
        p1_0.id,
        p1_0.actives,
        p1_0.quantities,
        p1_0.cods,
        p1_0.images,
        p1_0.names,
        s1_0.id,
        s1_0.actives,
        s1_0.columns,
        s1_0.row_data,
        s1_0.sector,
        s1_0.shelves,
        s1_0.version,
        p1_0.version 
    from
        parts p1_0 
    left join
        sectors s1_0 
            on s1_0.id=p1_0.sector 
    where
        p1_0.id=?
2025-01-03 20:17:57 [main] DEBUG org.hibernate.SQL - 
    delete 
    from
        parts 
    where
        id=? 
        and version=?
2025-01-03 20:17:57 [main] DEBUG org.hibernate.SQL - 
    select
        s1_0.id,
        s1_0.actives,
        s1_0.columns,
        s1_0.row_data,
        s1_0.sector,
        s1_0.shelves,
        s1_0.version 
    from
        sectors s1_0 
    where
        s1_0.id=?
2025-01-03 20:17:57 [main] DEBUG org.hibernate.SQL - 
    select
        p1_0.sector,
        p1_0.id,
        p1_0.actives,
        p1_0.quantities,
        p1_0.cods,
        p1_0.images,
        p1_0.names,
        p1_0.version 
    from
        parts p1_0 
    where
        p1_0.sector=?
2025-01-03 20:17:57 [main] DEBUG org.hibernate.SQL - 
    delete 
    from
        sectors 
    where
        id=? 
        and version=?
2025-01-03 20:17:57 [main] DEBUG org.hibernate.SQL - 
    select
        s1_0.id,
        s1_0.actives,
        s1_0.columns,
        s1_0.row_data,
        s1_0.sector,
        s1_0.shelves,
        s1_0.version 
    from
        sectors s1_0 
    where
        s1_0.id=?
2025-01-03 20:17:57 [main] DEBUG org.hibernate.SQL - 
    select
        p1_0.id,
        p1_0.actives,
        p1_0.quantities,
        p1_0.cods,
        p1_0.images,
        p1_0.names,
        p1_0.sector,
        p1_0.version 
    from
        parts p1_0 
    where
        p1_0.actives 
    order by
        p1_0.id 
    fetch
        first ? rows only
2025-01-03 20:17:58 [main] DEBUG org.hibernate.SQL - 
    insert 
    into
        sectors
        (actives, columns, row_data, sector, shelves, version, id) 
    values
        (?, ?, ?, ?, ?, ?, default)
2025-01-03 20:17:58 [main] DEBUG org.hibernate.SQL - 
    insert 
    into
        parts
        (actives, quantities, cods, images, names, sector, version, id) 
    values
        (?, ?, ?, ?, ?, ?, ?, default)
2025-01-03 20:17:58 [main] DEBUG org.hibernate.SQL - 
    select
        p1_0.id,
        p1_0.actives,
        p1_0.quantities,
        p1_0.cods,
        p1_0.images,
        p1_0.names,
        s1_0.id,
        s1_0.actives,
        s1_0.columns,
        s1_0.row_data,
        s1_0.sector,
        s1_0.shelves,
        s1_0.version,
        p1_0.version 
    from
        parts p1_0 
    left join
        sectors s1_0 
            on s1_0.id=p1_0.sector 
    where
        p1_0.id=?
2025-01-03 20:17:58 [main] DEBUG org.hibernate.SQL - 
    update
        parts 
    set
        actives=?,
        quantities=?,
        cods=?,
        images=?,
        names=?,
        sector=?,
        version=? 
    where
        id=? 
        and version=?
2025-01-03 20:17:58 [main] DEBUG org.hibernate.SQL - 
    select
        p1_0.id,
        p1_0.actives,
        p1_0.quantities,
        p1_0.cods,
        p1_0.images,
        p1_0.names,
        s1_0.id,
        s1_0.actives,
        s1_0.columns,
        s1_0.row_data,
        s1_0.sector,
        s1_0.shelves,
        s1_0.version,
        p1_0.version 
    from
        parts p1_0 
    left join
        sectors s1_0 
            on s1_0.id=p1_0.sector 
    where
        p1_0.id=?
2025-01-03 20:17:58 [main] DEBUG org.hibernate.SQL - 
    delete 
    from
        parts 
    where
        id=? 
        and version=?
2025-01-03 20:17:58 [main] DEBUG org.hibernate.SQL - 
    select
        s1_0.id,
        s1_0.actives,
        s1_0.columns,
        s1_0.row_data,
        s1_0.sector,
        s1_0.shelves,
        s1_0.version 
    from
        sectors s1_0 
    where
        s1_0.id=?
2025-01-03 20:17:58 [main] DEBUG org.hibernate.SQL - 
    select
        p1_0.sector,
        p1_0.id,
        p1_0.actives,
        p1_0.quantities,
        p1_0.cods,
        p1_0.images,
        p1_0.names,
        p1_0.version 
    from
        parts p1_0 
    where
        p1_0.sector=?
2025-01-03 20:17:58 [main] DEBUG org.hibernate.SQL - 
    delete 
    from
        sectors 
    where
        id=? 
        and version=?
2025-01-03 20:17:58 [main] DEBUG org.hibernate.SQL - 
    insert 
    into
        sectors
        (actives, columns, row_data, sector, shelves, version, id) 
    values
        (?, ?, ?, ?, ?, ?, default)
2025-01-03 20:17:58 [main] DEBUG org.hibernate.SQL - 
    insert 
    into
        parts
        (actives, quantities, cods, images, names, sector, version, id) 
    values
        (?, ?, ?, ?, ?, ?, ?, default)
2025-01-03 20:17:58 [main] DEBUG org.hibernate.SQL - 
    select
        p1_0.id,
        p1_0.actives,
        p1_0.quantities,
        p1_0.cods,
        p1_0.images,
        p1_0.names,
        p1_0.sector,
        p1_0.version 
    from
        parts p1_0 
    where
        p1_0.id=? 
        and p1_0.actives
2025-01-03 20:17:58 [main] DEBUG org.hibernate.SQL - 
    select
        s1_0.id,
        s1_0.actives,
        s1_0.columns,
        s1_0.row_data,
        s1_0.sector,
        s1_0.shelves,
        s1_0.version 
    from
        sectors s1_0 
    where
        s1_0.id=?
2025-01-03 20:17:58 [main] DEBUG org.hibernate.SQL - 
    select
        p1_0.id,
        p1_0.actives,
        p1_0.quantities,
        p1_0.cods,
        p1_0.images,
        p1_0.names,
        s1_0.id,
        s1_0.actives,
        s1_0.columns,
        s1_0.row_data,
        s1_0.sector,
        s1_0.shelves,
        s1_0.version,
        p1_0.version 
    from
        parts p1_0 
    left join
        sectors s1_0 
            on s1_0.id=p1_0.sector 
    where
        p1_0.id=?
2025-01-03 20:17:58 [main] DEBUG org.hibernate.SQL - 
    delete 
    from
        parts 
    where
        id=? 
        and version=?
2025-01-03 20:17:58 [main] DEBUG org.hibernate.SQL - 
    select
        s1_0.id,
        s1_0.actives,
        s1_0.columns,
        s1_0.row_data,
        s1_0.sector,
        s1_0.shelves,
        s1_0.version 
    from
        sectors s1_0 
    where
        s1_0.id=?
2025-01-03 20:17:58 [main] DEBUG org.hibernate.SQL - 
    select
        p1_0.sector,
        p1_0.id,
        p1_0.actives,
        p1_0.quantities,
        p1_0.cods,
        p1_0.images,
        p1_0.names,
        p1_0.version 
    from
        parts p1_0 
    where
        p1_0.sector=?
2025-01-03 20:17:58 [main] DEBUG org.hibernate.SQL - 
    delete 
    from
        sectors 
    where
        id=? 
        and version=?
2025-01-03 20:17:58 [main] DEBUG org.hibernate.SQL - 
    insert 
    into
        sectors
        (actives, columns, row_data, sector, shelves, version, id) 
    values
        (?, ?, ?, ?, ?, ?, default)
2025-01-03 20:17:58 [main] DEBUG org.hibernate.SQL - 
    select
        s1_0.id,
        s1_0.actives,
        s1_0.columns,
        s1_0.row_data,
        s1_0.sector,
        s1_0.shelves,
        s1_0.version 
    from
        sectors s1_0 
    where
        s1_0.id=?
2025-01-03 20:17:58 [main] DEBUG org.hibernate.SQL - 
    select
        p1_0.id 
    from
        parts p1_0 
    where
        p1_0.cods=? 
        and p1_0.names=? 
        and p1_0.sector=? 
    fetch
        first ? rows only
2025-01-03 20:17:58 [main] DEBUG org.hibernate.SQL - 
    insert 
    into
        parts
        (actives, quantities, cods, images, names, sector, version, id) 
    values
        (?, ?, ?, ?, ?, ?, ?, default)
2025-01-03 20:17:59 [main] DEBUG org.hibernate.SQL - 
    select
        s1_0.id,
        s1_0.actives,
        s1_0.columns,
        s1_0.row_data,
        s1_0.sector,
        s1_0.shelves,
        s1_0.version 
    from
        sectors s1_0 
    where
        s1_0.id=?
2025-01-03 20:17:59 [main] DEBUG org.hibernate.SQL - 
    select
        p1_0.sector,
        p1_0.id,
        p1_0.actives,
        p1_0.quantities,
        p1_0.cods,
        p1_0.images,
        p1_0.names,
        p1_0.version 
    from
        parts p1_0 
    where
        p1_0.sector=?
2025-01-03 20:17:59 [main] DEBUG org.hibernate.SQL - 
    delete 
    from
        parts 
    where
        id=? 
        and version=?
2025-01-03 20:17:59 [main] DEBUG org.hibernate.SQL - 
    delete 
    from
        sectors 
    where
        id=? 
        and version=?
2025-01-03 20:17:59 [main] DEBUG org.hibernate.SQL - 
    insert 
    into
        sectors
        (actives, columns, row_data, sector, shelves, version, id) 
    values
        (?, ?, ?, ?, ?, ?, default)
2025-01-03 20:17:59 [main] DEBUG org.hibernate.SQL - 
    insert 
    into
        parts
        (actives, quantities, cods, images, names, sector, version, id) 
    values
        (?, ?, ?, ?, ?, ?, ?, default)
2025-01-03 20:17:59 [main] DEBUG org.hibernate.SQL - 
    insert 
    into
        sectors
        (actives, columns, row_data, sector, shelves, version, id) 
    values
        (?, ?, ?, ?, ?, ?, default)
2025-01-03 20:17:59 [main] DEBUG org.hibernate.SQL - 
    insert 
    into
        parts
        (actives, quantities, cods, images, names, sector, version, id) 
    values
        (?, ?, ?, ?, ?, ?, ?, default)
2025-01-03 20:17:59 [main] DEBUG org.hibernate.SQL - 
    select
        p1_0.id,
        p1_0.actives,
        p1_0.quantities,
        p1_0.cods,
        p1_0.images,
        p1_0.names,
        p1_0.sector,
        p1_0.version 
    from
        parts p1_0 
    where
        upper(p1_0.names) like upper(?) escape '\' 
        and p1_0.actives 
    order by
        p1_0.id 
    fetch
        first ? rows only
2025-01-03 20:17:59 [main] DEBUG org.hibernate.SQL - 
    select
        s1_0.id,
        s1_0.actives,
        s1_0.columns,
        s1_0.row_data,
        s1_0.sector,
        s1_0.shelves,
        s1_0.version 
    from
        sectors s1_0 
    where
        s1_0.id=?
2025-01-03 20:17:59 [main] DEBUG org.hibernate.SQL - 
    select
        s1_0.id,
        s1_0.actives,
        s1_0.columns,
        s1_0.row_data,
        s1_0.sector,
        s1_0.shelves,
        s1_0.version 
    from
        sectors s1_0 
    where
        s1_0.id=?
2025-01-03 20:17:59 [main] DEBUG org.hibernate.SQL - 
    select
        p1_0.id,
        p1_0.actives,
        p1_0.quantities,
        p1_0.cods,
        p1_0.images,
        p1_0.names,
        s1_0.id,
        s1_0.actives,
        s1_0.columns,
        s1_0.row_data,
        s1_0.sector,
        s1_0.shelves,
        s1_0.version,
        p1_0.version 
    from
        parts p1_0 
    left join
        sectors s1_0 
            on s1_0.id=p1_0.sector 
    where
        p1_0.id=?
2025-01-03 20:17:59 [main] DEBUG org.hibernate.SQL - 
    delete 
    from
        parts 
    where
        id=? 
        and version=?
2025-01-03 20:17:59 [main] DEBUG org.hibernate.SQL - 
    select
        s1_0.id,
        s1_0.actives,
        s1_0.columns,
        s1_0.row_data,
        s1_0.sector,
        s1_0.shelves,
        s1_0.version 
    from
        sectors s1_0 
    where
        s1_0.id=?
2025-01-03 20:17:59 [main] DEBUG org.hibernate.SQL - 
    select
        p1_0.sector,
        p1_0.id,
        p1_0.actives,
        p1_0.quantities,
        p1_0.cods,
        p1_0.images,
        p1_0.names,
        p1_0.version 
    from
        parts p1_0 
    where
        p1_0.sector=?
2025-01-03 20:17:59 [main] DEBUG org.hibernate.SQL - 
    delete 
    from
        sectors 
    where
        id=? 
        and version=?
2025-01-03 20:17:59 [main] DEBUG org.hibernate.SQL - 
    select
        p1_0.id,
        p1_0.actives,
        p1_0.quantities,
        p1_0.cods,
        p1_0.images,
        p1_0.names,
        s1_0.id,
        s1_0.actives,
        s1_0.columns,
        s1_0.row_data,
        s1_0.sector,
        s1_0.shelves,
        s1_0.version,
        p1_0.version 
    from
        parts p1_0 
    left join
        sectors s1_0 
            on s1_0.id=p1_0.sector 
    where
        p1_0.id=?
2025-01-03 20:17:59 [main] DEBUG org.hibernate.SQL - 
    delete 
    from
        parts 
    where
        id=? 
        and version=?
2025-01-03 20:17:59 [main] DEBUG org.hibernate.SQL - 
    select
        s1_0.id,
        s1_0.actives,
        s1_0.columns,
        s1_0.row_data,
        s1_0.sector,
        s1_0.shelves,
        s1_0.version 
    from
        sectors s1_0 
    where
        s1_0.id=?
2025-01-03 20:17:59 [main] DEBUG org.hibernate.SQL - 
    select
        p1_0.sector,
        p1_0.id,
        p1_0.actives,
        p1_0.quantities,
        p1_0.cods,
        p1_0.images,
        p1_0.names,
        p1_0.version 
    from
        parts p1_0 
    where
        p1_0.sector=?
2025-01-03 20:17:59 [main] DEBUG org.hibernate.SQL - 
    delete 
    from
        sectors 
    where
        id=? 
        and version=?
2025-01-03 20:17:59 [main] DEBUG org.hibernate.SQL - 
    insert 
    into
        sectors
        (actives, columns, row_data, sector, shelves, version, id) 
    values
        (?, ?, ?, ?, ?, ?, default)
2025-01-03 20:17:59 [main] DEBUG org.hibernate.SQL - 
    insert 
    into
        parts
        (actives, quantities, cods, images, names, sector, version, id) 
    values
        (?, ?, ?, ?, ?, ?, ?, default)
2025-01-03 20:17:59 [main] DEBUG org.hibernate.SQL - 
    select
        p1_0.id,
        p1_0.actives,
        p1_0.quantities,
        p1_0.cods,
        p1_0.images,
        p1_0.names,
        p1_0.sector,
        p1_0.version 
    from
        parts p1_0 
    where
        p1_0.cods=? 
        and p1_0.actives
2025-01-03 20:17:59 [main] DEBUG org.hibernate.SQL - 
    select
        s1_0.id,
        s1_0.actives,
        s1_0.columns,
        s1_0.row_data,
        s1_0.sector,
        s1_0.shelves,
        s1_0.version 
    from
        sectors s1_0 
    where
        s1_0.id=?
2025-01-03 20:17:59 [main] DEBUG org.hibernate.SQL - 
    select
        p1_0.id,
        p1_0.actives,
        p1_0.quantities,
        p1_0.cods,
        p1_0.images,
        p1_0.names,
        s1_0.id,
        s1_0.actives,
        s1_0.columns,
        s1_0.row_data,
        s1_0.sector,
        s1_0.shelves,
        s1_0.version,
        p1_0.version 
    from
        parts p1_0 
    left join
        sectors s1_0 
            on s1_0.id=p1_0.sector 
    where
        p1_0.id=?
2025-01-03 20:17:59 [main] DEBUG org.hibernate.SQL - 
    delete 
    from
        parts 
    where
        id=? 
        and version=?
2025-01-03 20:17:59 [main] DEBUG org.hibernate.SQL - 
    select
        s1_0.id,
        s1_0.actives,
        s1_0.columns,
        s1_0.row_data,
        s1_0.sector,
        s1_0.shelves,
        s1_0.version 
    from
        sectors s1_0 
    where
        s1_0.id=?
2025-01-03 20:17:59 [main] DEBUG org.hibernate.SQL - 
    select
        p1_0.sector,
        p1_0.id,
        p1_0.actives,
        p1_0.quantities,
        p1_0.cods,
        p1_0.images,
        p1_0.names,
        p1_0.version 
    from
        parts p1_0 
    where
        p1_0.sector=?
2025-01-03 20:17:59 [main] DEBUG org.hibernate.SQL - 
    delete 
    from
        sectors 
    where
        id=? 
        and version=?
2025-01-03 20:17:59 [main] DEBUG org.hibernate.SQL - 
    insert 
    into
        sectors
        (actives, columns, row_data, sector, shelves, version, id) 
    values
        (?, ?, ?, ?, ?, ?, default)
2025-01-03 20:17:59 [main] DEBUG org.hibernate.SQL - 
    insert 
    into
        parts
        (actives, quantities, cods, images, names, sector, version, id) 
    values
        (?, ?, ?, ?, ?, ?, ?, default)
2025-01-03 20:17:59 [main] DEBUG org.hibernate.SQL - 
    select
        p1_0.id,
        p1_0.actives,
        p1_0.quantities,
        p1_0.cods,
        p1_0.images,
        p1_0.names,
        p1_0.sector,
        p1_0.version 
    from
        parts p1_0 
    where
        p1_0.cods=? 
        or upper(p1_0.names) like upper(?) escape '\' 
        and p1_0.actives 
    order by
        p1_0.id 
    fetch
        first ? rows only
2025-01-03 20:17:59 [main] DEBUG org.hibernate.SQL - 
    select
        s1_0.id,
        s1_0.actives,
        s1_0.columns,
        s1_0.row_data,
        s1_0.sector,
        s1_0.shelves,
        s1_0.version 
    from
        sectors s1_0 
    where
        s1_0.id=?
2025-01-03 20:17:59 [main] DEBUG org.hibernate.SQL - 
    select
        p1_0.id,
        p1_0.actives,
        p1_0.quantities,
        p1_0.cods,
        p1_0.images,
        p1_0.names,
        s1_0.id,
        s1_0.actives,
        s1_0.columns,
        s1_0.row_data,
        s1_0.sector,
        s1_0.shelves,
        s1_0.version,
        p1_0.version 
    from
        parts p1_0 
    left join
        sectors s1_0 
            on s1_0.id=p1_0.sector 
    where
        p1_0.id=?
2025-01-03 20:17:59 [main] DEBUG org.hibernate.SQL - 
    delete 
    from
        parts 
    where
        id=? 
        and version=?
2025-01-03 20:17:59 [main] DEBUG org.hibernate.SQL - 
    select
        s1_0.id,
        s1_0.actives,
        s1_0.columns,
        s1_0.row_data,
        s1_0.sector,
        s1_0.shelves,
        s1_0.version 
    from
        sectors s1_0 
    where
        s1_0.id=?
2025-01-03 20:17:59 [main] DEBUG org.hibernate.SQL - 
    select
        p1_0.sector,
        p1_0.id,
        p1_0.actives,
        p1_0.quantities,
        p1_0.cods,
        p1_0.images,
        p1_0.names,
        p1_0.version 
    from
        parts p1_0 
    where
        p1_0.sector=?
2025-01-03 20:17:59 [main] DEBUG org.hibernate.SQL - 
    delete 
    from
        sectors 
    where
        id=? 
        and version=?
2025-01-03 20:17:59 [main] DEBUG org.hibernate.SQL - 
    select
        s1_0.id,
        s1_0.actives,
        s1_0.columns,
        s1_0.row_data,
        s1_0.sector,
        s1_0.shelves,
        s1_0.version 
    from
        sectors s1_0 
    where
        s1_0.actives 
    order by
        s1_0.id 
    fetch
        first ? rows only
2025-01-03 20:17:59 [main] DEBUG org.hibernate.SQL - 
    select
        p1_0.sector,
        p1_0.id,
        p1_0.actives,
        p1_0.quantities,
        p1_0.cods,
        p1_0.images,
        p1_0.names,
        p1_0.version 
    from
        parts p1_0 
    where
        p1_0.sector=?
2025-01-03 20:17:59 [main] DEBUG org.hibernate.SQL - 
    insert 
    into
        sectors
        (actives, columns, row_data, sector, shelves, version, id) 
    values
        (?, ?, ?, ?, ?, ?, default)
2025-01-03 20:17:59 [main] DEBUG org.hibernate.SQL - 
    select
        s1_0.id,
        s1_0.actives,
        s1_0.columns,
        s1_0.row_data,
        s1_0.sector,
        s1_0.shelves,
        s1_0.version 
    from
        sectors s1_0 
    where
        s1_0.id=? 
        and s1_0.actives
2025-01-03 20:17:59 [main] DEBUG org.hibernate.SQL - 
    update
        sectors 
    set
        actives=?,
        columns=?,
        row_data=?,
        sector=?,
        shelves=?,
        version=? 
    where
        id=? 
        and version=?
2025-01-03 20:17:59 [main] DEBUG org.hibernate.SQL - 
    select
        s1_0.id,
        s1_0.actives,
        s1_0.columns,
        s1_0.row_data,
        s1_0.sector,
        s1_0.shelves,
        s1_0.version 
    from
        sectors s1_0 
    where
        s1_0.id=?
2025-01-03 20:18:00 [main] DEBUG org.hibernate.SQL - 
    select
        p1_0.sector,
        p1_0.id,
        p1_0.actives,
        p1_0.quantities,
        p1_0.cods,
        p1_0.images,
        p1_0.names,
        p1_0.version 
    from
        parts p1_0 
    where
        p1_0.sector=?
2025-01-03 20:18:00 [main] DEBUG org.hibernate.SQL - 
    delete 
    from
        sectors 
    where
        id=? 
        and version=?
2025-01-03 20:18:00 [main] DEBUG org.hibernate.SQL - 
    insert 
    into
        sectors
        (actives, columns, row_data, sector, shelves, version, id) 
    values
        (?, ?, ?, ?, ?, ?, default)
2025-01-03 20:18:00 [main] DEBUG org.hibernate.SQL - 
    select
        s1_0.id,
        s1_0.actives,
        s1_0.columns,
        s1_0.row_data,
        s1_0.sector,
        s1_0.shelves,
        s1_0.version 
    from
        sectors s1_0 
    where
        s1_0.id=? 
        and s1_0.actives
2025-01-03 20:18:00 [main] DEBUG org.hibernate.SQL - 
    select
        p1_0.sector,
        p1_0.id,
        p1_0.actives,
        p1_0.quantities,
        p1_0.cods,
        p1_0.images,
        p1_0.names,
        p1_0.version 
    from
        parts p1_0 
    where
        p1_0.sector=?
2025-01-03 20:18:00 [main] DEBUG org.hibernate.SQL - 
    select
        s1_0.id,
        s1_0.actives,
        s1_0.columns,
        s1_0.row_data,
        s1_0.sector,
        s1_0.shelves,
        s1_0.version 
    from
        sectors s1_0 
    where
        s1_0.id=?
2025-01-03 20:18:00 [main] DEBUG org.hibernate.SQL - 
    select
        p1_0.sector,
        p1_0.id,
        p1_0.actives,
        p1_0.quantities,
        p1_0.cods,
        p1_0.images,
        p1_0.names,
        p1_0.version 
    from
        parts p1_0 
    where
        p1_0.sector=?
2025-01-03 20:18:00 [main] DEBUG org.hibernate.SQL - 
    delete 
    from
        sectors 
    where
        id=? 
        and version=?
2025-01-03 20:18:00 [main] DEBUG org.hibernate.SQL - 
    select
        s1_0.id 
    from
        sectors s1_0 
    where
        s1_0.sector=? 
        and s1_0.shelves=? 
        and s1_0.columns=? 
        and s1_0.row_data=? 
    fetch
        first ? rows only
2025-01-03 20:18:00 [main] DEBUG org.hibernate.SQL - 
    insert 
    into
        sectors
        (actives, columns, row_data, sector, shelves, version, id) 
    values
        (?, ?, ?, ?, ?, ?, default)
2025-01-03 20:18:00 [main] DEBUG org.hibernate.SQL - 
    insert 
    into
        sectors
        (actives, columns, row_data, sector, shelves, version, id) 
    values
        (?, ?, ?, ?, ?, ?, default)
2025-01-03 20:18:00 [main] DEBUG org.hibernate.SQL - 
    select
        s1_0.id,
        s1_0.actives,
        s1_0.columns,
        s1_0.row_data,
        s1_0.sector,
        s1_0.shelves,
        s1_0.version 
    from
        sectors s1_0 
    where
        s1_0.id=? 
        and s1_0.actives
2025-01-03 20:18:00 [main] DEBUG org.hibernate.SQL - 
    select
        p1_0.sector,
        p1_0.id,
        p1_0.actives,
        p1_0.quantities,
        p1_0.cods,
        p1_0.images,
        p1_0.names,
        p1_0.version 
    from
        parts p1_0 
    where
        p1_0.sector=?
2025-01-03 20:18:00 [main] DEBUG org.hibernate.SQL - 
    select
        s1_0.id,
        s1_0.actives,
        s1_0.columns,
        s1_0.row_data,
        s1_0.sector,
        s1_0.shelves,
        s1_0.version 
    from
        sectors s1_0 
    where
        s1_0.id=?
2025-01-03 20:18:00 [main] DEBUG org.hibernate.SQL - 
    select
        p1_0.sector,
        p1_0.id,
        p1_0.actives,
        p1_0.quantities,
        p1_0.cods,
        p1_0.images,
        p1_0.names,
        p1_0.version 
    from
        parts p1_0 
    where
        p1_0.sector=?
2025-01-03 20:18:00 [main] DEBUG org.hibernate.SQL - 
    delete 
    from
        sectors 
    where
        id=? 
        and version=?
2025-01-03 20:18:00 [SpringApplicationShutdownHook] DEBUG org.hibernate.SQL - 
    drop table if exists parts cascade 
2025-01-03 20:18:00 [SpringApplicationShutdownHook] DEBUG org.hibernate.SQL - 
    drop table if exists sectors cascade 
2025-01-03 20:19:17 [main] DEBUG org.hibernate.SQL - 
    drop table if exists parts cascade 
2025-01-03 20:19:17 [main] DEBUG org.hibernate.SQL - 
    drop table if exists sectors cascade 
2025-01-03 20:19:17 [main] DEBUG org.hibernate.SQL - 
    create table parts (
        actives boolean not null,
        quantities float(53) not null,
        version integer,
        cods bigint not null,
        id bigint generated by default as identity,
        sector bigint,
        names varchar(255) not null,
        images blob not null,
        primary key (id)
    )
2025-01-03 20:19:17 [main] DEBUG org.hibernate.SQL - 
    create table sectors (
        actives boolean not null,
        version integer,
        id bigint generated by default as identity,
        columns varchar(255) not null,
        row_data varchar(255) not null,
        sector varchar(255) not null,
        shelves varchar(255) not null,
        primary key (id)
    )
2025-01-03 20:19:17 [main] DEBUG org.hibernate.SQL - 
    alter table if exists parts 
       add constraint FK44bpbjjhvt2bd6spralcvfki7 
       foreign key (sector) 
       references sectors
2025-01-03 20:19:23 [main] DEBUG org.hibernate.SQL - 
    insert 
    into
        sectors
        (actives, columns, row_data, sector, shelves, version, id) 
    values
        (?, ?, ?, ?, ?, ?, default)
2025-01-03 20:19:23 [main] DEBUG org.hibernate.SQL - 
    insert 
    into
        parts
        (actives, quantities, cods, images, names, sector, version, id) 
    values
        (?, ?, ?, ?, ?, ?, ?, default)
2025-01-03 20:19:23 [main] DEBUG org.hibernate.SQL - 
    insert 
    into
        sectors
        (actives, columns, row_data, sector, shelves, version, id) 
    values
        (?, ?, ?, ?, ?, ?, default)
2025-01-03 20:19:23 [main] DEBUG org.hibernate.SQL - 
    select
        p1_0.id,
        p1_0.actives,
        p1_0.quantities,
        p1_0.cods,
        p1_0.images,
        p1_0.names,
        s1_0.id,
        s1_0.actives,
        s1_0.columns,
        s1_0.row_data,
        s1_0.sector,
        s1_0.shelves,
        s1_0.version,
        p1_0.version 
    from
        parts p1_0 
    left join
        sectors s1_0 
            on s1_0.id=p1_0.sector 
    where
        p1_0.id=?
2025-01-03 20:19:23 [main] DEBUG org.hibernate.SQL - 
    select
        s1_0.id,
        s1_0.actives,
        s1_0.columns,
        s1_0.row_data,
        s1_0.sector,
        s1_0.shelves,
        s1_0.version 
    from
        sectors s1_0 
    where
        s1_0.id=? 
        and s1_0.actives
2025-01-03 20:19:23 [main] DEBUG org.hibernate.SQL - 
    update
        parts 
    set
        actives=?,
        quantities=?,
        cods=?,
        images=?,
        names=?,
        sector=?,
        version=? 
    where
        id=? 
        and version=?
2025-01-03 20:19:24 [main] DEBUG org.hibernate.SQL - 
    select
        p1_0.id,
        p1_0.actives,
        p1_0.quantities,
        p1_0.cods,
        p1_0.images,
        p1_0.names,
        s1_0.id,
        s1_0.actives,
        s1_0.columns,
        s1_0.row_data,
        s1_0.sector,
        s1_0.shelves,
        s1_0.version,
        p1_0.version 
    from
        parts p1_0 
    left join
        sectors s1_0 
            on s1_0.id=p1_0.sector 
    where
        p1_0.id=?
2025-01-03 20:19:24 [main] DEBUG org.hibernate.SQL - 
    delete 
    from
        parts 
    where
        id=? 
        and version=?
2025-01-03 20:19:24 [main] DEBUG org.hibernate.SQL - 
    select
        s1_0.id,
        s1_0.actives,
        s1_0.columns,
        s1_0.row_data,
        s1_0.sector,
        s1_0.shelves,
        s1_0.version 
    from
        sectors s1_0 
    where
        s1_0.id=?
2025-01-03 20:19:24 [main] DEBUG org.hibernate.SQL - 
    select
        p1_0.sector,
        p1_0.id,
        p1_0.actives,
        p1_0.quantities,
        p1_0.cods,
        p1_0.images,
        p1_0.names,
        p1_0.version 
    from
        parts p1_0 
    where
        p1_0.sector=?
2025-01-03 20:19:24 [main] DEBUG org.hibernate.SQL - 
    delete 
    from
        sectors 
    where
        id=? 
        and version=?
2025-01-03 20:19:24 [main] DEBUG org.hibernate.SQL - 
    select
        s1_0.id,
        s1_0.actives,
        s1_0.columns,
        s1_0.row_data,
        s1_0.sector,
        s1_0.shelves,
        s1_0.version 
    from
        sectors s1_0 
    where
        s1_0.id=?
2025-01-03 20:19:24 [main] DEBUG org.hibernate.SQL - 
    select
        p1_0.id,
        p1_0.actives,
        p1_0.quantities,
        p1_0.cods,
        p1_0.images,
        p1_0.names,
        p1_0.sector,
        p1_0.version 
    from
        parts p1_0 
    where
        p1_0.actives 
    order by
        p1_0.id 
    fetch
        first ? rows only
2025-01-03 20:19:24 [main] DEBUG org.hibernate.SQL - 
    insert 
    into
        sectors
        (actives, columns, row_data, sector, shelves, version, id) 
    values
        (?, ?, ?, ?, ?, ?, default)
2025-01-03 20:19:24 [main] DEBUG org.hibernate.SQL - 
    insert 
    into
        parts
        (actives, quantities, cods, images, names, sector, version, id) 
    values
        (?, ?, ?, ?, ?, ?, ?, default)
2025-01-03 20:19:24 [main] DEBUG org.hibernate.SQL - 
    select
        p1_0.id,
        p1_0.actives,
        p1_0.quantities,
        p1_0.cods,
        p1_0.images,
        p1_0.names,
        s1_0.id,
        s1_0.actives,
        s1_0.columns,
        s1_0.row_data,
        s1_0.sector,
        s1_0.shelves,
        s1_0.version,
        p1_0.version 
    from
        parts p1_0 
    left join
        sectors s1_0 
            on s1_0.id=p1_0.sector 
    where
        p1_0.id=?
2025-01-03 20:19:24 [main] DEBUG org.hibernate.SQL - 
    update
        parts 
    set
        actives=?,
        quantities=?,
        cods=?,
        images=?,
        names=?,
        sector=?,
        version=? 
    where
        id=? 
        and version=?
2025-01-03 20:19:24 [main] DEBUG org.hibernate.SQL - 
    select
        p1_0.id,
        p1_0.actives,
        p1_0.quantities,
        p1_0.cods,
        p1_0.images,
        p1_0.names,
        s1_0.id,
        s1_0.actives,
        s1_0.columns,
        s1_0.row_data,
        s1_0.sector,
        s1_0.shelves,
        s1_0.version,
        p1_0.version 
    from
        parts p1_0 
    left join
        sectors s1_0 
            on s1_0.id=p1_0.sector 
    where
        p1_0.id=?
2025-01-03 20:19:24 [main] DEBUG org.hibernate.SQL - 
    delete 
    from
        parts 
    where
        id=? 
        and version=?
2025-01-03 20:19:24 [main] DEBUG org.hibernate.SQL - 
    select
        s1_0.id,
        s1_0.actives,
        s1_0.columns,
        s1_0.row_data,
        s1_0.sector,
        s1_0.shelves,
        s1_0.version 
    from
        sectors s1_0 
    where
        s1_0.id=?
2025-01-03 20:19:24 [main] DEBUG org.hibernate.SQL - 
    select
        p1_0.sector,
        p1_0.id,
        p1_0.actives,
        p1_0.quantities,
        p1_0.cods,
        p1_0.images,
        p1_0.names,
        p1_0.version 
    from
        parts p1_0 
    where
        p1_0.sector=?
2025-01-03 20:19:24 [main] DEBUG org.hibernate.SQL - 
    delete 
    from
        sectors 
    where
        id=? 
        and version=?
2025-01-03 20:19:24 [main] DEBUG org.hibernate.SQL - 
    insert 
    into
        sectors
        (actives, columns, row_data, sector, shelves, version, id) 
    values
        (?, ?, ?, ?, ?, ?, default)
2025-01-03 20:19:24 [main] DEBUG org.hibernate.SQL - 
    insert 
    into
        parts
        (actives, quantities, cods, images, names, sector, version, id) 
    values
        (?, ?, ?, ?, ?, ?, ?, default)
2025-01-03 20:19:24 [main] DEBUG org.hibernate.SQL - 
    select
        p1_0.id,
        p1_0.actives,
        p1_0.quantities,
        p1_0.cods,
        p1_0.images,
        p1_0.names,
        p1_0.sector,
        p1_0.version 
    from
        parts p1_0 
    where
        p1_0.id=? 
        and p1_0.actives
2025-01-03 20:19:24 [main] DEBUG org.hibernate.SQL - 
    select
        s1_0.id,
        s1_0.actives,
        s1_0.columns,
        s1_0.row_data,
        s1_0.sector,
        s1_0.shelves,
        s1_0.version 
    from
        sectors s1_0 
    where
        s1_0.id=?
2025-01-03 20:19:24 [main] DEBUG org.hibernate.SQL - 
    select
        p1_0.id,
        p1_0.actives,
        p1_0.quantities,
        p1_0.cods,
        p1_0.images,
        p1_0.names,
        s1_0.id,
        s1_0.actives,
        s1_0.columns,
        s1_0.row_data,
        s1_0.sector,
        s1_0.shelves,
        s1_0.version,
        p1_0.version 
    from
        parts p1_0 
    left join
        sectors s1_0 
            on s1_0.id=p1_0.sector 
    where
        p1_0.id=?
2025-01-03 20:19:24 [main] DEBUG org.hibernate.SQL - 
    delete 
    from
        parts 
    where
        id=? 
        and version=?
2025-01-03 20:19:24 [main] DEBUG org.hibernate.SQL - 
    select
        s1_0.id,
        s1_0.actives,
        s1_0.columns,
        s1_0.row_data,
        s1_0.sector,
        s1_0.shelves,
        s1_0.version 
    from
        sectors s1_0 
    where
        s1_0.id=?
2025-01-03 20:19:24 [main] DEBUG org.hibernate.SQL - 
    select
        p1_0.sector,
        p1_0.id,
        p1_0.actives,
        p1_0.quantities,
        p1_0.cods,
        p1_0.images,
        p1_0.names,
        p1_0.version 
    from
        parts p1_0 
    where
        p1_0.sector=?
2025-01-03 20:19:24 [main] DEBUG org.hibernate.SQL - 
    delete 
    from
        sectors 
    where
        id=? 
        and version=?
2025-01-03 20:19:24 [main] DEBUG org.hibernate.SQL - 
    insert 
    into
        sectors
        (actives, columns, row_data, sector, shelves, version, id) 
    values
        (?, ?, ?, ?, ?, ?, default)
2025-01-03 20:19:24 [main] DEBUG org.hibernate.SQL - 
    select
        s1_0.id,
        s1_0.actives,
        s1_0.columns,
        s1_0.row_data,
        s1_0.sector,
        s1_0.shelves,
        s1_0.version 
    from
        sectors s1_0 
    where
        s1_0.id=?
2025-01-03 20:19:24 [main] DEBUG org.hibernate.SQL - 
    select
        p1_0.id 
    from
        parts p1_0 
    where
        p1_0.cods=? 
        and p1_0.names=? 
        and p1_0.sector=? 
    fetch
        first ? rows only
2025-01-03 20:19:25 [main] DEBUG org.hibernate.SQL - 
    insert 
    into
        parts
        (actives, quantities, cods, images, names, sector, version, id) 
    values
        (?, ?, ?, ?, ?, ?, ?, default)
2025-01-03 20:19:25 [main] DEBUG org.hibernate.SQL - 
    select
        s1_0.id,
        s1_0.actives,
        s1_0.columns,
        s1_0.row_data,
        s1_0.sector,
        s1_0.shelves,
        s1_0.version 
    from
        sectors s1_0 
    where
        s1_0.id=?
2025-01-03 20:19:25 [main] DEBUG org.hibernate.SQL - 
    select
        p1_0.sector,
        p1_0.id,
        p1_0.actives,
        p1_0.quantities,
        p1_0.cods,
        p1_0.images,
        p1_0.names,
        p1_0.version 
    from
        parts p1_0 
    where
        p1_0.sector=?
2025-01-03 20:19:25 [main] DEBUG org.hibernate.SQL - 
    delete 
    from
        parts 
    where
        id=? 
        and version=?
2025-01-03 20:19:25 [main] DEBUG org.hibernate.SQL - 
    delete 
    from
        sectors 
    where
        id=? 
        and version=?
2025-01-03 20:19:25 [main] DEBUG org.hibernate.SQL - 
    insert 
    into
        sectors
        (actives, columns, row_data, sector, shelves, version, id) 
    values
        (?, ?, ?, ?, ?, ?, default)
2025-01-03 20:19:25 [main] DEBUG org.hibernate.SQL - 
    insert 
    into
        parts
        (actives, quantities, cods, images, names, sector, version, id) 
    values
        (?, ?, ?, ?, ?, ?, ?, default)
2025-01-03 20:19:25 [main] DEBUG org.hibernate.SQL - 
    insert 
    into
        sectors
        (actives, columns, row_data, sector, shelves, version, id) 
    values
        (?, ?, ?, ?, ?, ?, default)
2025-01-03 20:19:25 [main] DEBUG org.hibernate.SQL - 
    insert 
    into
        parts
        (actives, quantities, cods, images, names, sector, version, id) 
    values
        (?, ?, ?, ?, ?, ?, ?, default)
2025-01-03 20:19:25 [main] DEBUG org.hibernate.SQL - 
    select
        p1_0.id,
        p1_0.actives,
        p1_0.quantities,
        p1_0.cods,
        p1_0.images,
        p1_0.names,
        p1_0.sector,
        p1_0.version 
    from
        parts p1_0 
    where
        upper(p1_0.names) like upper(?) escape '\' 
        and p1_0.actives 
    order by
        p1_0.id 
    fetch
        first ? rows only
2025-01-03 20:19:25 [main] DEBUG org.hibernate.SQL - 
    select
        s1_0.id,
        s1_0.actives,
        s1_0.columns,
        s1_0.row_data,
        s1_0.sector,
        s1_0.shelves,
        s1_0.version 
    from
        sectors s1_0 
    where
        s1_0.id=?
2025-01-03 20:19:25 [main] DEBUG org.hibernate.SQL - 
    select
        s1_0.id,
        s1_0.actives,
        s1_0.columns,
        s1_0.row_data,
        s1_0.sector,
        s1_0.shelves,
        s1_0.version 
    from
        sectors s1_0 
    where
        s1_0.id=?
2025-01-03 20:19:25 [main] DEBUG org.hibernate.SQL - 
    select
        p1_0.id,
        p1_0.actives,
        p1_0.quantities,
        p1_0.cods,
        p1_0.images,
        p1_0.names,
        s1_0.id,
        s1_0.actives,
        s1_0.columns,
        s1_0.row_data,
        s1_0.sector,
        s1_0.shelves,
        s1_0.version,
        p1_0.version 
    from
        parts p1_0 
    left join
        sectors s1_0 
            on s1_0.id=p1_0.sector 
    where
        p1_0.id=?
2025-01-03 20:19:25 [main] DEBUG org.hibernate.SQL - 
    delete 
    from
        parts 
    where
        id=? 
        and version=?
2025-01-03 20:19:25 [main] DEBUG org.hibernate.SQL - 
    select
        s1_0.id,
        s1_0.actives,
        s1_0.columns,
        s1_0.row_data,
        s1_0.sector,
        s1_0.shelves,
        s1_0.version 
    from
        sectors s1_0 
    where
        s1_0.id=?
2025-01-03 20:19:25 [main] DEBUG org.hibernate.SQL - 
    select
        p1_0.sector,
        p1_0.id,
        p1_0.actives,
        p1_0.quantities,
        p1_0.cods,
        p1_0.images,
        p1_0.names,
        p1_0.version 
    from
        parts p1_0 
    where
        p1_0.sector=?
2025-01-03 20:19:25 [main] DEBUG org.hibernate.SQL - 
    delete 
    from
        sectors 
    where
        id=? 
        and version=?
2025-01-03 20:19:25 [main] DEBUG org.hibernate.SQL - 
    select
        p1_0.id,
        p1_0.actives,
        p1_0.quantities,
        p1_0.cods,
        p1_0.images,
        p1_0.names,
        s1_0.id,
        s1_0.actives,
        s1_0.columns,
        s1_0.row_data,
        s1_0.sector,
        s1_0.shelves,
        s1_0.version,
        p1_0.version 
    from
        parts p1_0 
    left join
        sectors s1_0 
            on s1_0.id=p1_0.sector 
    where
        p1_0.id=?
2025-01-03 20:19:25 [main] DEBUG org.hibernate.SQL - 
    delete 
    from
        parts 
    where
        id=? 
        and version=?
2025-01-03 20:19:25 [main] DEBUG org.hibernate.SQL - 
    select
        s1_0.id,
        s1_0.actives,
        s1_0.columns,
        s1_0.row_data,
        s1_0.sector,
        s1_0.shelves,
        s1_0.version 
    from
        sectors s1_0 
    where
        s1_0.id=?
2025-01-03 20:19:25 [main] DEBUG org.hibernate.SQL - 
    select
        p1_0.sector,
        p1_0.id,
        p1_0.actives,
        p1_0.quantities,
        p1_0.cods,
        p1_0.images,
        p1_0.names,
        p1_0.version 
    from
        parts p1_0 
    where
        p1_0.sector=?
2025-01-03 20:19:25 [main] DEBUG org.hibernate.SQL - 
    delete 
    from
        sectors 
    where
        id=? 
        and version=?
2025-01-03 20:19:25 [main] DEBUG org.hibernate.SQL - 
    insert 
    into
        sectors
        (actives, columns, row_data, sector, shelves, version, id) 
    values
        (?, ?, ?, ?, ?, ?, default)
2025-01-03 20:19:25 [main] DEBUG org.hibernate.SQL - 
    insert 
    into
        parts
        (actives, quantities, cods, images, names, sector, version, id) 
    values
        (?, ?, ?, ?, ?, ?, ?, default)
2025-01-03 20:19:25 [main] DEBUG org.hibernate.SQL - 
    select
        p1_0.id,
        p1_0.actives,
        p1_0.quantities,
        p1_0.cods,
        p1_0.images,
        p1_0.names,
        p1_0.sector,
        p1_0.version 
    from
        parts p1_0 
    where
        p1_0.cods=? 
        and p1_0.actives
2025-01-03 20:19:25 [main] DEBUG org.hibernate.SQL - 
    select
        s1_0.id,
        s1_0.actives,
        s1_0.columns,
        s1_0.row_data,
        s1_0.sector,
        s1_0.shelves,
        s1_0.version 
    from
        sectors s1_0 
    where
        s1_0.id=?
2025-01-03 20:19:25 [main] DEBUG org.hibernate.SQL - 
    select
        p1_0.id,
        p1_0.actives,
        p1_0.quantities,
        p1_0.cods,
        p1_0.images,
        p1_0.names,
        s1_0.id,
        s1_0.actives,
        s1_0.columns,
        s1_0.row_data,
        s1_0.sector,
        s1_0.shelves,
        s1_0.version,
        p1_0.version 
    from
        parts p1_0 
    left join
        sectors s1_0 
            on s1_0.id=p1_0.sector 
    where
        p1_0.id=?
2025-01-03 20:19:25 [main] DEBUG org.hibernate.SQL - 
    delete 
    from
        parts 
    where
        id=? 
        and version=?
2025-01-03 20:19:25 [main] DEBUG org.hibernate.SQL - 
    select
        s1_0.id,
        s1_0.actives,
        s1_0.columns,
        s1_0.row_data,
        s1_0.sector,
        s1_0.shelves,
        s1_0.version 
    from
        sectors s1_0 
    where
        s1_0.id=?
2025-01-03 20:19:25 [main] DEBUG org.hibernate.SQL - 
    select
        p1_0.sector,
        p1_0.id,
        p1_0.actives,
        p1_0.quantities,
        p1_0.cods,
        p1_0.images,
        p1_0.names,
        p1_0.version 
    from
        parts p1_0 
    where
        p1_0.sector=?
2025-01-03 20:19:25 [main] DEBUG org.hibernate.SQL - 
    delete 
    from
        sectors 
    where
        id=? 
        and version=?
2025-01-03 20:19:25 [main] DEBUG org.hibernate.SQL - 
    insert 
    into
        sectors
        (actives, columns, row_data, sector, shelves, version, id) 
    values
        (?, ?, ?, ?, ?, ?, default)
2025-01-03 20:19:25 [main] DEBUG org.hibernate.SQL - 
    insert 
    into
        parts
        (actives, quantities, cods, images, names, sector, version, id) 
    values
        (?, ?, ?, ?, ?, ?, ?, default)
2025-01-03 20:19:25 [main] DEBUG org.hibernate.SQL - 
    select
        p1_0.id,
        p1_0.actives,
        p1_0.quantities,
        p1_0.cods,
        p1_0.images,
        p1_0.names,
        p1_0.sector,
        p1_0.version 
    from
        parts p1_0 
    where
        p1_0.cods=? 
        or upper(p1_0.names) like upper(?) escape '\' 
        and p1_0.actives 
    order by
        p1_0.id 
    fetch
        first ? rows only
2025-01-03 20:19:25 [main] DEBUG org.hibernate.SQL - 
    select
        s1_0.id,
        s1_0.actives,
        s1_0.columns,
        s1_0.row_data,
        s1_0.sector,
        s1_0.shelves,
        s1_0.version 
    from
        sectors s1_0 
    where
        s1_0.id=?
2025-01-03 20:19:25 [main] DEBUG org.hibernate.SQL - 
    select
        p1_0.id,
        p1_0.actives,
        p1_0.quantities,
        p1_0.cods,
        p1_0.images,
        p1_0.names,
        s1_0.id,
        s1_0.actives,
        s1_0.columns,
        s1_0.row_data,
        s1_0.sector,
        s1_0.shelves,
        s1_0.version,
        p1_0.version 
    from
        parts p1_0 
    left join
        sectors s1_0 
            on s1_0.id=p1_0.sector 
    where
        p1_0.id=?
2025-01-03 20:19:25 [main] DEBUG org.hibernate.SQL - 
    delete 
    from
        parts 
    where
        id=? 
        and version=?
2025-01-03 20:19:25 [main] DEBUG org.hibernate.SQL - 
    select
        s1_0.id,
        s1_0.actives,
        s1_0.columns,
        s1_0.row_data,
        s1_0.sector,
        s1_0.shelves,
        s1_0.version 
    from
        sectors s1_0 
    where
        s1_0.id=?
2025-01-03 20:19:25 [main] DEBUG org.hibernate.SQL - 
    select
        p1_0.sector,
        p1_0.id,
        p1_0.actives,
        p1_0.quantities,
        p1_0.cods,
        p1_0.images,
        p1_0.names,
        p1_0.version 
    from
        parts p1_0 
    where
        p1_0.sector=?
2025-01-03 20:19:25 [main] DEBUG org.hibernate.SQL - 
    delete 
    from
        sectors 
    where
        id=? 
        and version=?
2025-01-03 20:19:25 [main] DEBUG org.hibernate.SQL - 
    select
        s1_0.id,
        s1_0.actives,
        s1_0.columns,
        s1_0.row_data,
        s1_0.sector,
        s1_0.shelves,
        s1_0.version 
    from
        sectors s1_0 
    where
        s1_0.actives 
    order by
        s1_0.id 
    fetch
        first ? rows only
2025-01-03 20:19:25 [main] DEBUG org.hibernate.SQL - 
    select
        p1_0.sector,
        p1_0.id,
        p1_0.actives,
        p1_0.quantities,
        p1_0.cods,
        p1_0.images,
        p1_0.names,
        p1_0.version 
    from
        parts p1_0 
    where
        p1_0.sector=?
2025-01-03 20:19:25 [main] DEBUG org.hibernate.SQL - 
    insert 
    into
        sectors
        (actives, columns, row_data, sector, shelves, version, id) 
    values
        (?, ?, ?, ?, ?, ?, default)
2025-01-03 20:19:25 [main] DEBUG org.hibernate.SQL - 
    select
        s1_0.id,
        s1_0.actives,
        s1_0.columns,
        s1_0.row_data,
        s1_0.sector,
        s1_0.shelves,
        s1_0.version 
    from
        sectors s1_0 
    where
        s1_0.id=? 
        and s1_0.actives
2025-01-03 20:19:25 [main] DEBUG org.hibernate.SQL - 
    update
        sectors 
    set
        actives=?,
        columns=?,
        row_data=?,
        sector=?,
        shelves=?,
        version=? 
    where
        id=? 
        and version=?
2025-01-03 20:19:25 [main] DEBUG org.hibernate.SQL - 
    select
        s1_0.id,
        s1_0.actives,
        s1_0.columns,
        s1_0.row_data,
        s1_0.sector,
        s1_0.shelves,
        s1_0.version 
    from
        sectors s1_0 
    where
        s1_0.id=?
2025-01-03 20:19:25 [main] DEBUG org.hibernate.SQL - 
    select
        p1_0.sector,
        p1_0.id,
        p1_0.actives,
        p1_0.quantities,
        p1_0.cods,
        p1_0.images,
        p1_0.names,
        p1_0.version 
    from
        parts p1_0 
    where
        p1_0.sector=?
2025-01-03 20:19:25 [main] DEBUG org.hibernate.SQL - 
    delete 
    from
        sectors 
    where
        id=? 
        and version=?
2025-01-03 20:19:26 [main] DEBUG org.hibernate.SQL - 
    insert 
    into
        sectors
        (actives, columns, row_data, sector, shelves, version, id) 
    values
        (?, ?, ?, ?, ?, ?, default)
2025-01-03 20:19:26 [main] DEBUG org.hibernate.SQL - 
    select
        s1_0.id,
        s1_0.actives,
        s1_0.columns,
        s1_0.row_data,
        s1_0.sector,
        s1_0.shelves,
        s1_0.version 
    from
        sectors s1_0 
    where
        s1_0.id=? 
        and s1_0.actives
2025-01-03 20:19:26 [main] DEBUG org.hibernate.SQL - 
    select
        p1_0.sector,
        p1_0.id,
        p1_0.actives,
        p1_0.quantities,
        p1_0.cods,
        p1_0.images,
        p1_0.names,
        p1_0.version 
    from
        parts p1_0 
    where
        p1_0.sector=?
2025-01-03 20:19:26 [main] DEBUG org.hibernate.SQL - 
    select
        s1_0.id,
        s1_0.actives,
        s1_0.columns,
        s1_0.row_data,
        s1_0.sector,
        s1_0.shelves,
        s1_0.version 
    from
        sectors s1_0 
    where
        s1_0.id=?
2025-01-03 20:19:26 [main] DEBUG org.hibernate.SQL - 
    select
        p1_0.sector,
        p1_0.id,
        p1_0.actives,
        p1_0.quantities,
        p1_0.cods,
        p1_0.images,
        p1_0.names,
        p1_0.version 
    from
        parts p1_0 
    where
        p1_0.sector=?
2025-01-03 20:19:26 [main] DEBUG org.hibernate.SQL - 
    delete 
    from
        sectors 
    where
        id=? 
        and version=?
2025-01-03 20:19:26 [main] DEBUG org.hibernate.SQL - 
    select
        s1_0.id 
    from
        sectors s1_0 
    where
        s1_0.sector=? 
        and s1_0.shelves=? 
        and s1_0.columns=? 
        and s1_0.row_data=? 
    fetch
        first ? rows only
2025-01-03 20:19:26 [main] DEBUG org.hibernate.SQL - 
    insert 
    into
        sectors
        (actives, columns, row_data, sector, shelves, version, id) 
    values
        (?, ?, ?, ?, ?, ?, default)
2025-01-03 20:19:26 [main] DEBUG org.hibernate.SQL - 
    insert 
    into
        sectors
        (actives, columns, row_data, sector, shelves, version, id) 
    values
        (?, ?, ?, ?, ?, ?, default)
2025-01-03 20:19:26 [main] DEBUG org.hibernate.SQL - 
    select
        s1_0.id,
        s1_0.actives,
        s1_0.columns,
        s1_0.row_data,
        s1_0.sector,
        s1_0.shelves,
        s1_0.version 
    from
        sectors s1_0 
    where
        s1_0.id=? 
        and s1_0.actives
2025-01-03 20:19:26 [main] DEBUG org.hibernate.SQL - 
    select
        p1_0.sector,
        p1_0.id,
        p1_0.actives,
        p1_0.quantities,
        p1_0.cods,
        p1_0.images,
        p1_0.names,
        p1_0.version 
    from
        parts p1_0 
    where
        p1_0.sector=?
2025-01-03 20:19:26 [main] DEBUG org.hibernate.SQL - 
    select
        s1_0.id,
        s1_0.actives,
        s1_0.columns,
        s1_0.row_data,
        s1_0.sector,
        s1_0.shelves,
        s1_0.version 
    from
        sectors s1_0 
    where
        s1_0.id=?
2025-01-03 20:19:26 [main] DEBUG org.hibernate.SQL - 
    select
        p1_0.sector,
        p1_0.id,
        p1_0.actives,
        p1_0.quantities,
        p1_0.cods,
        p1_0.images,
        p1_0.names,
        p1_0.version 
    from
        parts p1_0 
    where
        p1_0.sector=?
2025-01-03 20:19:26 [main] DEBUG org.hibernate.SQL - 
    delete 
    from
        sectors 
    where
        id=? 
        and version=?
2025-01-03 20:19:26 [SpringApplicationShutdownHook] DEBUG org.hibernate.SQL - 
    drop table if exists parts cascade 
2025-01-03 20:19:26 [SpringApplicationShutdownHook] DEBUG org.hibernate.SQL - 
    drop table if exists sectors cascade 
2025-01-03 20:20:43 [main] DEBUG org.hibernate.SQL - 
    drop table if exists parts cascade 
2025-01-03 20:20:43 [main] DEBUG org.hibernate.SQL - 
    drop table if exists sectors cascade 
2025-01-03 20:20:43 [main] DEBUG org.hibernate.SQL - 
    create table parts (
        actives boolean not null,
        quantities float(53) not null,
        version integer,
        cods bigint not null,
        id bigint generated by default as identity,
        sector bigint,
        names varchar(255) not null,
        images blob not null,
        primary key (id)
    )
2025-01-03 20:20:43 [main] DEBUG org.hibernate.SQL - 
    create table sectors (
        actives boolean not null,
        version integer,
        id bigint generated by default as identity,
        columns varchar(255) not null,
        row_data varchar(255) not null,
        sector varchar(255) not null,
        shelves varchar(255) not null,
        primary key (id)
    )
2025-01-03 20:20:43 [main] DEBUG org.hibernate.SQL - 
    alter table if exists parts 
       add constraint FK44bpbjjhvt2bd6spralcvfki7 
       foreign key (sector) 
       references sectors
2025-01-03 20:20:48 [main] DEBUG org.hibernate.SQL - 
    insert 
    into
        sectors
        (actives, columns, row_data, sector, shelves, version, id) 
    values
        (?, ?, ?, ?, ?, ?, default)
2025-01-03 20:20:48 [main] DEBUG org.hibernate.SQL - 
    insert 
    into
        parts
        (actives, quantities, cods, images, names, sector, version, id) 
    values
        (?, ?, ?, ?, ?, ?, ?, default)
2025-01-03 20:20:48 [main] DEBUG org.hibernate.SQL - 
    insert 
    into
        sectors
        (actives, columns, row_data, sector, shelves, version, id) 
    values
        (?, ?, ?, ?, ?, ?, default)
2025-01-03 20:20:48 [main] DEBUG org.hibernate.SQL - 
    select
        p1_0.id,
        p1_0.actives,
        p1_0.quantities,
        p1_0.cods,
        p1_0.images,
        p1_0.names,
        s1_0.id,
        s1_0.actives,
        s1_0.columns,
        s1_0.row_data,
        s1_0.sector,
        s1_0.shelves,
        s1_0.version,
        p1_0.version 
    from
        parts p1_0 
    left join
        sectors s1_0 
            on s1_0.id=p1_0.sector 
    where
        p1_0.id=?
2025-01-03 20:20:49 [main] DEBUG org.hibernate.SQL - 
    select
        s1_0.id,
        s1_0.actives,
        s1_0.columns,
        s1_0.row_data,
        s1_0.sector,
        s1_0.shelves,
        s1_0.version 
    from
        sectors s1_0 
    where
        s1_0.id=? 
        and s1_0.actives
2025-01-03 20:20:49 [main] DEBUG org.hibernate.SQL - 
    update
        parts 
    set
        actives=?,
        quantities=?,
        cods=?,
        images=?,
        names=?,
        sector=?,
        version=? 
    where
        id=? 
        and version=?
2025-01-03 20:20:49 [main] DEBUG org.hibernate.SQL - 
    select
        p1_0.id,
        p1_0.actives,
        p1_0.quantities,
        p1_0.cods,
        p1_0.images,
        p1_0.names,
        s1_0.id,
        s1_0.actives,
        s1_0.columns,
        s1_0.row_data,
        s1_0.sector,
        s1_0.shelves,
        s1_0.version,
        p1_0.version 
    from
        parts p1_0 
    left join
        sectors s1_0 
            on s1_0.id=p1_0.sector 
    where
        p1_0.id=?
2025-01-03 20:20:49 [main] DEBUG org.hibernate.SQL - 
    delete 
    from
        parts 
    where
        id=? 
        and version=?
2025-01-03 20:20:49 [main] DEBUG org.hibernate.SQL - 
    select
        s1_0.id,
        s1_0.actives,
        s1_0.columns,
        s1_0.row_data,
        s1_0.sector,
        s1_0.shelves,
        s1_0.version 
    from
        sectors s1_0 
    where
        s1_0.id=?
2025-01-03 20:20:49 [main] DEBUG org.hibernate.SQL - 
    select
        p1_0.sector,
        p1_0.id,
        p1_0.actives,
        p1_0.quantities,
        p1_0.cods,
        p1_0.images,
        p1_0.names,
        p1_0.version 
    from
        parts p1_0 
    where
        p1_0.sector=?
2025-01-03 20:20:49 [main] DEBUG org.hibernate.SQL - 
    delete 
    from
        sectors 
    where
        id=? 
        and version=?
2025-01-03 20:20:49 [main] DEBUG org.hibernate.SQL - 
    select
        s1_0.id,
        s1_0.actives,
        s1_0.columns,
        s1_0.row_data,
        s1_0.sector,
        s1_0.shelves,
        s1_0.version 
    from
        sectors s1_0 
    where
        s1_0.id=?
2025-01-03 20:20:49 [main] DEBUG org.hibernate.SQL - 
    select
        p1_0.sector,
        p1_0.id,
        p1_0.actives,
        p1_0.quantities,
        p1_0.cods,
        p1_0.images,
        p1_0.names,
        p1_0.version 
    from
        parts p1_0 
    where
        p1_0.sector=?
2025-01-03 20:20:49 [main] DEBUG org.hibernate.SQL - 
    delete 
    from
        sectors 
    where
        id=? 
        and version=?
2025-01-03 20:20:49 [main] DEBUG org.hibernate.SQL - 
    select
        p1_0.id,
        p1_0.actives,
        p1_0.quantities,
        p1_0.cods,
        p1_0.images,
        p1_0.names,
        p1_0.sector,
        p1_0.version 
    from
        parts p1_0 
    where
        p1_0.actives 
    order by
        p1_0.id 
    fetch
        first ? rows only
2025-01-03 20:20:49 [main] DEBUG org.hibernate.SQL - 
    insert 
    into
        sectors
        (actives, columns, row_data, sector, shelves, version, id) 
    values
        (?, ?, ?, ?, ?, ?, default)
2025-01-03 20:20:49 [main] DEBUG org.hibernate.SQL - 
    insert 
    into
        parts
        (actives, quantities, cods, images, names, sector, version, id) 
    values
        (?, ?, ?, ?, ?, ?, ?, default)
2025-01-03 20:20:49 [main] DEBUG org.hibernate.SQL - 
    select
        p1_0.id,
        p1_0.actives,
        p1_0.quantities,
        p1_0.cods,
        p1_0.images,
        p1_0.names,
        s1_0.id,
        s1_0.actives,
        s1_0.columns,
        s1_0.row_data,
        s1_0.sector,
        s1_0.shelves,
        s1_0.version,
        p1_0.version 
    from
        parts p1_0 
    left join
        sectors s1_0 
            on s1_0.id=p1_0.sector 
    where
        p1_0.id=?
2025-01-03 20:20:49 [main] DEBUG org.hibernate.SQL - 
    update
        parts 
    set
        actives=?,
        quantities=?,
        cods=?,
        images=?,
        names=?,
        sector=?,
        version=? 
    where
        id=? 
        and version=?
2025-01-03 20:20:49 [main] DEBUG org.hibernate.SQL - 
    select
        p1_0.id,
        p1_0.actives,
        p1_0.quantities,
        p1_0.cods,
        p1_0.images,
        p1_0.names,
        s1_0.id,
        s1_0.actives,
        s1_0.columns,
        s1_0.row_data,
        s1_0.sector,
        s1_0.shelves,
        s1_0.version,
        p1_0.version 
    from
        parts p1_0 
    left join
        sectors s1_0 
            on s1_0.id=p1_0.sector 
    where
        p1_0.id=?
2025-01-03 20:20:49 [main] DEBUG org.hibernate.SQL - 
    delete 
    from
        parts 
    where
        id=? 
        and version=?
2025-01-03 20:20:49 [main] DEBUG org.hibernate.SQL - 
    select
        s1_0.id,
        s1_0.actives,
        s1_0.columns,
        s1_0.row_data,
        s1_0.sector,
        s1_0.shelves,
        s1_0.version 
    from
        sectors s1_0 
    where
        s1_0.id=?
2025-01-03 20:20:49 [main] DEBUG org.hibernate.SQL - 
    select
        p1_0.sector,
        p1_0.id,
        p1_0.actives,
        p1_0.quantities,
        p1_0.cods,
        p1_0.images,
        p1_0.names,
        p1_0.version 
    from
        parts p1_0 
    where
        p1_0.sector=?
2025-01-03 20:20:49 [main] DEBUG org.hibernate.SQL - 
    delete 
    from
        sectors 
    where
        id=? 
        and version=?
2025-01-03 20:20:49 [main] DEBUG org.hibernate.SQL - 
    insert 
    into
        sectors
        (actives, columns, row_data, sector, shelves, version, id) 
    values
        (?, ?, ?, ?, ?, ?, default)
2025-01-03 20:20:49 [main] DEBUG org.hibernate.SQL - 
    insert 
    into
        parts
        (actives, quantities, cods, images, names, sector, version, id) 
    values
        (?, ?, ?, ?, ?, ?, ?, default)
2025-01-03 20:20:49 [main] DEBUG org.hibernate.SQL - 
    select
        p1_0.id,
        p1_0.actives,
        p1_0.quantities,
        p1_0.cods,
        p1_0.images,
        p1_0.names,
        p1_0.sector,
        p1_0.version 
    from
        parts p1_0 
    where
        p1_0.id=? 
        and p1_0.actives
2025-01-03 20:20:49 [main] DEBUG org.hibernate.SQL - 
    select
        s1_0.id,
        s1_0.actives,
        s1_0.columns,
        s1_0.row_data,
        s1_0.sector,
        s1_0.shelves,
        s1_0.version 
    from
        sectors s1_0 
    where
        s1_0.id=?
2025-01-03 20:20:49 [main] DEBUG org.hibernate.SQL - 
    select
        p1_0.id,
        p1_0.actives,
        p1_0.quantities,
        p1_0.cods,
        p1_0.images,
        p1_0.names,
        s1_0.id,
        s1_0.actives,
        s1_0.columns,
        s1_0.row_data,
        s1_0.sector,
        s1_0.shelves,
        s1_0.version,
        p1_0.version 
    from
        parts p1_0 
    left join
        sectors s1_0 
            on s1_0.id=p1_0.sector 
    where
        p1_0.id=?
2025-01-03 20:20:49 [main] DEBUG org.hibernate.SQL - 
    delete 
    from
        parts 
    where
        id=? 
        and version=?
2025-01-03 20:20:49 [main] DEBUG org.hibernate.SQL - 
    select
        s1_0.id,
        s1_0.actives,
        s1_0.columns,
        s1_0.row_data,
        s1_0.sector,
        s1_0.shelves,
        s1_0.version 
    from
        sectors s1_0 
    where
        s1_0.id=?
2025-01-03 20:20:49 [main] DEBUG org.hibernate.SQL - 
    select
        p1_0.sector,
        p1_0.id,
        p1_0.actives,
        p1_0.quantities,
        p1_0.cods,
        p1_0.images,
        p1_0.names,
        p1_0.version 
    from
        parts p1_0 
    where
        p1_0.sector=?
2025-01-03 20:20:49 [main] DEBUG org.hibernate.SQL - 
    delete 
    from
        sectors 
    where
        id=? 
        and version=?
2025-01-03 20:20:49 [main] DEBUG org.hibernate.SQL - 
    insert 
    into
        sectors
        (actives, columns, row_data, sector, shelves, version, id) 
    values
        (?, ?, ?, ?, ?, ?, default)
2025-01-03 20:20:49 [main] DEBUG org.hibernate.SQL - 
    select
        s1_0.id,
        s1_0.actives,
        s1_0.columns,
        s1_0.row_data,
        s1_0.sector,
        s1_0.shelves,
        s1_0.version 
    from
        sectors s1_0 
    where
        s1_0.id=?
2025-01-03 20:20:49 [main] DEBUG org.hibernate.SQL - 
    select
        p1_0.id 
    from
        parts p1_0 
    where
        p1_0.cods=? 
        and p1_0.names=? 
        and p1_0.sector=? 
    fetch
        first ? rows only
2025-01-03 20:20:50 [main] DEBUG org.hibernate.SQL - 
    insert 
    into
        parts
        (actives, quantities, cods, images, names, sector, version, id) 
    values
        (?, ?, ?, ?, ?, ?, ?, default)
2025-01-03 20:20:50 [main] DEBUG org.hibernate.SQL - 
    select
        s1_0.id,
        s1_0.actives,
        s1_0.columns,
        s1_0.row_data,
        s1_0.sector,
        s1_0.shelves,
        s1_0.version 
    from
        sectors s1_0 
    where
        s1_0.id=?
2025-01-03 20:20:50 [main] DEBUG org.hibernate.SQL - 
    select
        p1_0.sector,
        p1_0.id,
        p1_0.actives,
        p1_0.quantities,
        p1_0.cods,
        p1_0.images,
        p1_0.names,
        p1_0.version 
    from
        parts p1_0 
    where
        p1_0.sector=?
2025-01-03 20:20:50 [main] DEBUG org.hibernate.SQL - 
    delete 
    from
        parts 
    where
        id=? 
        and version=?
2025-01-03 20:20:50 [main] DEBUG org.hibernate.SQL - 
    delete 
    from
        sectors 
    where
        id=? 
        and version=?
2025-01-03 20:20:50 [main] DEBUG org.hibernate.SQL - 
    insert 
    into
        sectors
        (actives, columns, row_data, sector, shelves, version, id) 
    values
        (?, ?, ?, ?, ?, ?, default)
2025-01-03 20:20:50 [main] DEBUG org.hibernate.SQL - 
    insert 
    into
        parts
        (actives, quantities, cods, images, names, sector, version, id) 
    values
        (?, ?, ?, ?, ?, ?, ?, default)
2025-01-03 20:20:50 [main] DEBUG org.hibernate.SQL - 
    insert 
    into
        sectors
        (actives, columns, row_data, sector, shelves, version, id) 
    values
        (?, ?, ?, ?, ?, ?, default)
2025-01-03 20:20:50 [main] DEBUG org.hibernate.SQL - 
    insert 
    into
        parts
        (actives, quantities, cods, images, names, sector, version, id) 
    values
        (?, ?, ?, ?, ?, ?, ?, default)
2025-01-03 20:20:50 [main] DEBUG org.hibernate.SQL - 
    select
        p1_0.id,
        p1_0.actives,
        p1_0.quantities,
        p1_0.cods,
        p1_0.images,
        p1_0.names,
        p1_0.sector,
        p1_0.version 
    from
        parts p1_0 
    where
        upper(p1_0.names) like upper(?) escape '\' 
        and p1_0.actives 
    order by
        p1_0.id 
    fetch
        first ? rows only
2025-01-03 20:20:50 [main] DEBUG org.hibernate.SQL - 
    select
        s1_0.id,
        s1_0.actives,
        s1_0.columns,
        s1_0.row_data,
        s1_0.sector,
        s1_0.shelves,
        s1_0.version 
    from
        sectors s1_0 
    where
        s1_0.id=?
2025-01-03 20:20:50 [main] DEBUG org.hibernate.SQL - 
    select
        s1_0.id,
        s1_0.actives,
        s1_0.columns,
        s1_0.row_data,
        s1_0.sector,
        s1_0.shelves,
        s1_0.version 
    from
        sectors s1_0 
    where
        s1_0.id=?
2025-01-03 20:20:50 [main] DEBUG org.hibernate.SQL - 
    select
        p1_0.id,
        p1_0.actives,
        p1_0.quantities,
        p1_0.cods,
        p1_0.images,
        p1_0.names,
        s1_0.id,
        s1_0.actives,
        s1_0.columns,
        s1_0.row_data,
        s1_0.sector,
        s1_0.shelves,
        s1_0.version,
        p1_0.version 
    from
        parts p1_0 
    left join
        sectors s1_0 
            on s1_0.id=p1_0.sector 
    where
        p1_0.id=?
2025-01-03 20:20:50 [main] DEBUG org.hibernate.SQL - 
    delete 
    from
        parts 
    where
        id=? 
        and version=?
2025-01-03 20:20:50 [main] DEBUG org.hibernate.SQL - 
    select
        s1_0.id,
        s1_0.actives,
        s1_0.columns,
        s1_0.row_data,
        s1_0.sector,
        s1_0.shelves,
        s1_0.version 
    from
        sectors s1_0 
    where
        s1_0.id=?
2025-01-03 20:20:50 [main] DEBUG org.hibernate.SQL - 
    select
        p1_0.sector,
        p1_0.id,
        p1_0.actives,
        p1_0.quantities,
        p1_0.cods,
        p1_0.images,
        p1_0.names,
        p1_0.version 
    from
        parts p1_0 
    where
        p1_0.sector=?
2025-01-03 20:20:50 [main] DEBUG org.hibernate.SQL - 
    delete 
    from
        sectors 
    where
        id=? 
        and version=?
2025-01-03 20:20:50 [main] DEBUG org.hibernate.SQL - 
    select
        p1_0.id,
        p1_0.actives,
        p1_0.quantities,
        p1_0.cods,
        p1_0.images,
        p1_0.names,
        s1_0.id,
        s1_0.actives,
        s1_0.columns,
        s1_0.row_data,
        s1_0.sector,
        s1_0.shelves,
        s1_0.version,
        p1_0.version 
    from
        parts p1_0 
    left join
        sectors s1_0 
            on s1_0.id=p1_0.sector 
    where
        p1_0.id=?
2025-01-03 20:20:50 [main] DEBUG org.hibernate.SQL - 
    delete 
    from
        parts 
    where
        id=? 
        and version=?
2025-01-03 20:20:50 [main] DEBUG org.hibernate.SQL - 
    select
        s1_0.id,
        s1_0.actives,
        s1_0.columns,
        s1_0.row_data,
        s1_0.sector,
        s1_0.shelves,
        s1_0.version 
    from
        sectors s1_0 
    where
        s1_0.id=?
2025-01-03 20:20:50 [main] DEBUG org.hibernate.SQL - 
    select
        p1_0.sector,
        p1_0.id,
        p1_0.actives,
        p1_0.quantities,
        p1_0.cods,
        p1_0.images,
        p1_0.names,
        p1_0.version 
    from
        parts p1_0 
    where
        p1_0.sector=?
2025-01-03 20:20:50 [main] DEBUG org.hibernate.SQL - 
    delete 
    from
        sectors 
    where
        id=? 
        and version=?
2025-01-03 20:20:50 [main] DEBUG org.hibernate.SQL - 
    insert 
    into
        sectors
        (actives, columns, row_data, sector, shelves, version, id) 
    values
        (?, ?, ?, ?, ?, ?, default)
2025-01-03 20:20:50 [main] DEBUG org.hibernate.SQL - 
    insert 
    into
        parts
        (actives, quantities, cods, images, names, sector, version, id) 
    values
        (?, ?, ?, ?, ?, ?, ?, default)
2025-01-03 20:20:50 [main] DEBUG org.hibernate.SQL - 
    select
        p1_0.id,
        p1_0.actives,
        p1_0.quantities,
        p1_0.cods,
        p1_0.images,
        p1_0.names,
        p1_0.sector,
        p1_0.version 
    from
        parts p1_0 
    where
        p1_0.cods=? 
        and p1_0.actives
2025-01-03 20:20:50 [main] DEBUG org.hibernate.SQL - 
    select
        s1_0.id,
        s1_0.actives,
        s1_0.columns,
        s1_0.row_data,
        s1_0.sector,
        s1_0.shelves,
        s1_0.version 
    from
        sectors s1_0 
    where
        s1_0.id=?
2025-01-03 20:20:50 [main] DEBUG org.hibernate.SQL - 
    select
        p1_0.id,
        p1_0.actives,
        p1_0.quantities,
        p1_0.cods,
        p1_0.images,
        p1_0.names,
        s1_0.id,
        s1_0.actives,
        s1_0.columns,
        s1_0.row_data,
        s1_0.sector,
        s1_0.shelves,
        s1_0.version,
        p1_0.version 
    from
        parts p1_0 
    left join
        sectors s1_0 
            on s1_0.id=p1_0.sector 
    where
        p1_0.id=?
2025-01-03 20:20:50 [main] DEBUG org.hibernate.SQL - 
    delete 
    from
        parts 
    where
        id=? 
        and version=?
2025-01-03 20:20:50 [main] DEBUG org.hibernate.SQL - 
    select
        s1_0.id,
        s1_0.actives,
        s1_0.columns,
        s1_0.row_data,
        s1_0.sector,
        s1_0.shelves,
        s1_0.version 
    from
        sectors s1_0 
    where
        s1_0.id=?
2025-01-03 20:20:50 [main] DEBUG org.hibernate.SQL - 
    select
        p1_0.sector,
        p1_0.id,
        p1_0.actives,
        p1_0.quantities,
        p1_0.cods,
        p1_0.images,
        p1_0.names,
        p1_0.version 
    from
        parts p1_0 
    where
        p1_0.sector=?
2025-01-03 20:20:50 [main] DEBUG org.hibernate.SQL - 
    delete 
    from
        sectors 
    where
        id=? 
        and version=?
2025-01-03 20:20:50 [main] DEBUG org.hibernate.SQL - 
    insert 
    into
        sectors
        (actives, columns, row_data, sector, shelves, version, id) 
    values
        (?, ?, ?, ?, ?, ?, default)
2025-01-03 20:20:50 [main] DEBUG org.hibernate.SQL - 
    insert 
    into
        parts
        (actives, quantities, cods, images, names, sector, version, id) 
    values
        (?, ?, ?, ?, ?, ?, ?, default)
2025-01-03 20:20:50 [main] DEBUG org.hibernate.SQL - 
    select
        p1_0.id,
        p1_0.actives,
        p1_0.quantities,
        p1_0.cods,
        p1_0.images,
        p1_0.names,
        p1_0.sector,
        p1_0.version 
    from
        parts p1_0 
    where
        p1_0.cods=? 
        or upper(p1_0.names) like upper(?) escape '\' 
        and p1_0.actives 
    order by
        p1_0.id 
    fetch
        first ? rows only
2025-01-03 20:20:50 [main] DEBUG org.hibernate.SQL - 
    select
        s1_0.id,
        s1_0.actives,
        s1_0.columns,
        s1_0.row_data,
        s1_0.sector,
        s1_0.shelves,
        s1_0.version 
    from
        sectors s1_0 
    where
        s1_0.id=?
2025-01-03 20:20:50 [main] DEBUG org.hibernate.SQL - 
    select
        p1_0.id,
        p1_0.actives,
        p1_0.quantities,
        p1_0.cods,
        p1_0.images,
        p1_0.names,
        s1_0.id,
        s1_0.actives,
        s1_0.columns,
        s1_0.row_data,
        s1_0.sector,
        s1_0.shelves,
        s1_0.version,
        p1_0.version 
    from
        parts p1_0 
    left join
        sectors s1_0 
            on s1_0.id=p1_0.sector 
    where
        p1_0.id=?
2025-01-03 20:20:50 [main] DEBUG org.hibernate.SQL - 
    delete 
    from
        parts 
    where
        id=? 
        and version=?
2025-01-03 20:20:50 [main] DEBUG org.hibernate.SQL - 
    select
        s1_0.id,
        s1_0.actives,
        s1_0.columns,
        s1_0.row_data,
        s1_0.sector,
        s1_0.shelves,
        s1_0.version 
    from
        sectors s1_0 
    where
        s1_0.id=?
2025-01-03 20:20:50 [main] DEBUG org.hibernate.SQL - 
    select
        p1_0.sector,
        p1_0.id,
        p1_0.actives,
        p1_0.quantities,
        p1_0.cods,
        p1_0.images,
        p1_0.names,
        p1_0.version 
    from
        parts p1_0 
    where
        p1_0.sector=?
2025-01-03 20:20:50 [main] DEBUG org.hibernate.SQL - 
    delete 
    from
        sectors 
    where
        id=? 
        and version=?
2025-01-03 20:20:50 [main] DEBUG org.hibernate.SQL - 
    select
        s1_0.id,
        s1_0.actives,
        s1_0.columns,
        s1_0.row_data,
        s1_0.sector,
        s1_0.shelves,
        s1_0.version 
    from
        sectors s1_0 
    where
        s1_0.actives 
    order by
        s1_0.id 
    fetch
        first ? rows only
2025-01-03 20:20:50 [main] DEBUG org.hibernate.SQL - 
    insert 
    into
        sectors
        (actives, columns, row_data, sector, shelves, version, id) 
    values
        (?, ?, ?, ?, ?, ?, default)
2025-01-03 20:20:50 [main] DEBUG org.hibernate.SQL - 
    select
        s1_0.id,
        s1_0.actives,
        s1_0.columns,
        s1_0.row_data,
        s1_0.sector,
        s1_0.shelves,
        s1_0.version 
    from
        sectors s1_0 
    where
        s1_0.id=? 
        and s1_0.actives
2025-01-03 20:20:50 [main] DEBUG org.hibernate.SQL - 
    update
        sectors 
    set
        actives=?,
        columns=?,
        row_data=?,
        sector=?,
        shelves=?,
        version=? 
    where
        id=? 
        and version=?
2025-01-03 20:20:50 [main] DEBUG org.hibernate.SQL - 
    select
        s1_0.id,
        s1_0.actives,
        s1_0.columns,
        s1_0.row_data,
        s1_0.sector,
        s1_0.shelves,
        s1_0.version 
    from
        sectors s1_0 
    where
        s1_0.id=?
2025-01-03 20:20:50 [main] DEBUG org.hibernate.SQL - 
    select
        p1_0.sector,
        p1_0.id,
        p1_0.actives,
        p1_0.quantities,
        p1_0.cods,
        p1_0.images,
        p1_0.names,
        p1_0.version 
    from
        parts p1_0 
    where
        p1_0.sector=?
2025-01-03 20:20:50 [main] DEBUG org.hibernate.SQL - 
    delete 
    from
        sectors 
    where
        id=? 
        and version=?
2025-01-03 20:20:51 [main] DEBUG org.hibernate.SQL - 
    insert 
    into
        sectors
        (actives, columns, row_data, sector, shelves, version, id) 
    values
        (?, ?, ?, ?, ?, ?, default)
2025-01-03 20:20:51 [main] DEBUG org.hibernate.SQL - 
    select
        s1_0.id,
        s1_0.actives,
        s1_0.columns,
        s1_0.row_data,
        s1_0.sector,
        s1_0.shelves,
        s1_0.version 
    from
        sectors s1_0 
    where
        s1_0.id=? 
        and s1_0.actives
2025-01-03 20:20:51 [main] DEBUG org.hibernate.SQL - 
    select
        p1_0.sector,
        p1_0.id,
        p1_0.actives,
        p1_0.quantities,
        p1_0.cods,
        p1_0.images,
        p1_0.names,
        p1_0.version 
    from
        parts p1_0 
    where
        p1_0.sector=?
2025-01-03 20:20:51 [main] DEBUG org.hibernate.SQL - 
    select
        s1_0.id,
        s1_0.actives,
        s1_0.columns,
        s1_0.row_data,
        s1_0.sector,
        s1_0.shelves,
        s1_0.version 
    from
        sectors s1_0 
    where
        s1_0.id=?
2025-01-03 20:20:51 [main] DEBUG org.hibernate.SQL - 
    select
        p1_0.sector,
        p1_0.id,
        p1_0.actives,
        p1_0.quantities,
        p1_0.cods,
        p1_0.images,
        p1_0.names,
        p1_0.version 
    from
        parts p1_0 
    where
        p1_0.sector=?
2025-01-03 20:20:51 [main] DEBUG org.hibernate.SQL - 
    delete 
    from
        sectors 
    where
        id=? 
        and version=?
2025-01-03 20:20:51 [main] DEBUG org.hibernate.SQL - 
    select
        s1_0.id 
    from
        sectors s1_0 
    where
        s1_0.sector=? 
        and s1_0.shelves=? 
        and s1_0.columns=? 
        and s1_0.row_data=? 
    fetch
        first ? rows only
2025-01-03 20:20:51 [main] DEBUG org.hibernate.SQL - 
    insert 
    into
        sectors
        (actives, columns, row_data, sector, shelves, version, id) 
    values
        (?, ?, ?, ?, ?, ?, default)
2025-01-03 20:20:51 [main] DEBUG org.hibernate.SQL - 
    insert 
    into
        sectors
        (actives, columns, row_data, sector, shelves, version, id) 
    values
        (?, ?, ?, ?, ?, ?, default)
2025-01-03 20:20:51 [main] DEBUG org.hibernate.SQL - 
    select
        s1_0.id,
        s1_0.actives,
        s1_0.columns,
        s1_0.row_data,
        s1_0.sector,
        s1_0.shelves,
        s1_0.version 
    from
        sectors s1_0 
    where
        s1_0.id=? 
        and s1_0.actives
2025-01-03 20:20:51 [main] DEBUG org.hibernate.SQL - 
    select
        p1_0.sector,
        p1_0.id,
        p1_0.actives,
        p1_0.quantities,
        p1_0.cods,
        p1_0.images,
        p1_0.names,
        p1_0.version 
    from
        parts p1_0 
    where
        p1_0.sector=?
2025-01-03 20:20:51 [main] DEBUG org.hibernate.SQL - 
    select
        s1_0.id,
        s1_0.actives,
        s1_0.columns,
        s1_0.row_data,
        s1_0.sector,
        s1_0.shelves,
        s1_0.version 
    from
        sectors s1_0 
    where
        s1_0.id=?
2025-01-03 20:20:51 [main] DEBUG org.hibernate.SQL - 
    select
        p1_0.sector,
        p1_0.id,
        p1_0.actives,
        p1_0.quantities,
        p1_0.cods,
        p1_0.images,
        p1_0.names,
        p1_0.version 
    from
        parts p1_0 
    where
        p1_0.sector=?
2025-01-03 20:20:51 [main] DEBUG org.hibernate.SQL - 
    delete 
    from
        sectors 
    where
        id=? 
        and version=?
2025-01-03 20:20:51 [SpringApplicationShutdownHook] DEBUG org.hibernate.SQL - 
    drop table if exists parts cascade 
2025-01-03 20:20:51 [SpringApplicationShutdownHook] DEBUG org.hibernate.SQL - 
    drop table if exists sectors cascade 
2025-01-05 01:14:02 [main] DEBUG org.hibernate.SQL - 
    drop table if exists parts cascade 
2025-01-05 01:14:02 [main] DEBUG org.hibernate.SQL - 
    drop table if exists sectors cascade 
2025-01-05 01:14:02 [main] DEBUG org.hibernate.SQL - 
    create table parts (
        actives boolean not null,
        quantities float(53) not null,
        version integer,
        cods bigint not null,
        id bigint generated by default as identity,
        sector bigint,
        names varchar(255) not null,
        images blob not null,
        primary key (id)
    )
2025-01-05 01:14:02 [main] DEBUG org.hibernate.SQL - 
    create table sectors (
        actives boolean not null,
        version integer,
        id bigint generated by default as identity,
        columns varchar(255) not null,
        row_data varchar(255) not null,
        sector varchar(255) not null,
        shelves varchar(255) not null,
        primary key (id)
    )
2025-01-05 01:14:02 [main] DEBUG org.hibernate.SQL - 
    alter table if exists parts 
       add constraint FK44bpbjjhvt2bd6spralcvfki7 
       foreign key (sector) 
       references sectors
2025-01-05 01:14:06 [main] DEBUG org.hibernate.SQL - 
    insert 
    into
        sectors
        (actives, columns, row_data, sector, shelves, version, id) 
    values
        (?, ?, ?, ?, ?, ?, default)
2025-01-05 01:14:06 [main] DEBUG org.hibernate.SQL - 
    insert 
    into
        parts
        (actives, quantities, cods, images, names, sector, version, id) 
    values
        (?, ?, ?, ?, ?, ?, ?, default)
2025-01-05 01:14:06 [main] DEBUG org.hibernate.SQL - 
    insert 
    into
        sectors
        (actives, columns, row_data, sector, shelves, version, id) 
    values
        (?, ?, ?, ?, ?, ?, default)
2025-01-05 01:14:06 [main] DEBUG org.hibernate.SQL - 
    select
        p1_0.id,
        p1_0.actives,
        p1_0.quantities,
        p1_0.cods,
        p1_0.images,
        p1_0.names,
        s1_0.id,
        s1_0.actives,
        s1_0.columns,
        s1_0.row_data,
        s1_0.sector,
        s1_0.shelves,
        s1_0.version,
        p1_0.version 
    from
        parts p1_0 
    left join
        sectors s1_0 
            on s1_0.id=p1_0.sector 
    where
        p1_0.id=?
2025-01-05 01:14:06 [main] DEBUG org.hibernate.SQL - 
    select
        s1_0.id,
        s1_0.actives,
        s1_0.columns,
        s1_0.row_data,
        s1_0.sector,
        s1_0.shelves,
        s1_0.version 
    from
        sectors s1_0 
    where
        s1_0.id=? 
        and s1_0.actives
2025-01-05 01:14:06 [main] DEBUG org.hibernate.SQL - 
    update
        parts 
    set
        actives=?,
        quantities=?,
        cods=?,
        images=?,
        names=?,
        sector=?,
        version=? 
    where
        id=? 
        and version=?
2025-01-05 01:14:06 [main] DEBUG org.hibernate.SQL - 
    select
        p1_0.id,
        p1_0.actives,
        p1_0.quantities,
        p1_0.cods,
        p1_0.images,
        p1_0.names,
        s1_0.id,
        s1_0.actives,
        s1_0.columns,
        s1_0.row_data,
        s1_0.sector,
        s1_0.shelves,
        s1_0.version,
        p1_0.version 
    from
        parts p1_0 
    left join
        sectors s1_0 
            on s1_0.id=p1_0.sector 
    where
        p1_0.id=?
2025-01-05 01:14:06 [main] DEBUG org.hibernate.SQL - 
    delete 
    from
        parts 
    where
        id=? 
        and version=?
2025-01-05 01:14:06 [main] DEBUG org.hibernate.SQL - 
    select
        s1_0.id,
        s1_0.actives,
        s1_0.columns,
        s1_0.row_data,
        s1_0.sector,
        s1_0.shelves,
        s1_0.version 
    from
        sectors s1_0 
    where
        s1_0.id=?
2025-01-05 01:14:06 [main] DEBUG org.hibernate.SQL - 
    select
        p1_0.sector,
        p1_0.id,
        p1_0.actives,
        p1_0.quantities,
        p1_0.cods,
        p1_0.images,
        p1_0.names,
        p1_0.version 
    from
        parts p1_0 
    where
        p1_0.sector=?
2025-01-05 01:14:06 [main] DEBUG org.hibernate.SQL - 
    delete 
    from
        sectors 
    where
        id=? 
        and version=?
2025-01-05 01:14:06 [main] DEBUG org.hibernate.SQL - 
    select
        s1_0.id,
        s1_0.actives,
        s1_0.columns,
        s1_0.row_data,
        s1_0.sector,
        s1_0.shelves,
        s1_0.version 
    from
        sectors s1_0 
    where
        s1_0.id=?
2025-01-05 01:14:06 [main] DEBUG org.hibernate.SQL - 
    select
        p1_0.sector,
        p1_0.id,
        p1_0.actives,
        p1_0.quantities,
        p1_0.cods,
        p1_0.images,
        p1_0.names,
        p1_0.version 
    from
        parts p1_0 
    where
        p1_0.sector=?
2025-01-05 01:14:06 [main] DEBUG org.hibernate.SQL - 
    delete 
    from
        sectors 
    where
        id=? 
        and version=?
2025-01-05 01:14:06 [main] DEBUG org.hibernate.SQL - 
    select
        p1_0.id,
        p1_0.actives,
        p1_0.quantities,
        p1_0.cods,
        p1_0.images,
        p1_0.names,
        p1_0.sector,
        p1_0.version 
    from
        parts p1_0 
    where
        p1_0.actives 
    order by
        p1_0.id 
    fetch
        first ? rows only
2025-01-05 01:14:06 [main] DEBUG org.hibernate.SQL - 
    insert 
    into
        sectors
        (actives, columns, row_data, sector, shelves, version, id) 
    values
        (?, ?, ?, ?, ?, ?, default)
2025-01-05 01:14:06 [main] DEBUG org.hibernate.SQL - 
    insert 
    into
        parts
        (actives, quantities, cods, images, names, sector, version, id) 
    values
        (?, ?, ?, ?, ?, ?, ?, default)
2025-01-05 01:14:06 [main] DEBUG org.hibernate.SQL - 
    select
        p1_0.id,
        p1_0.actives,
        p1_0.quantities,
        p1_0.cods,
        p1_0.images,
        p1_0.names,
        s1_0.id,
        s1_0.actives,
        s1_0.columns,
        s1_0.row_data,
        s1_0.sector,
        s1_0.shelves,
        s1_0.version,
        p1_0.version 
    from
        parts p1_0 
    left join
        sectors s1_0 
            on s1_0.id=p1_0.sector 
    where
        p1_0.id=?
2025-01-05 01:14:07 [main] DEBUG org.hibernate.SQL - 
    update
        parts 
    set
        actives=?,
        quantities=?,
        cods=?,
        images=?,
        names=?,
        sector=?,
        version=? 
    where
        id=? 
        and version=?
2025-01-05 01:14:07 [main] DEBUG org.hibernate.SQL - 
    select
        p1_0.id,
        p1_0.actives,
        p1_0.quantities,
        p1_0.cods,
        p1_0.images,
        p1_0.names,
        s1_0.id,
        s1_0.actives,
        s1_0.columns,
        s1_0.row_data,
        s1_0.sector,
        s1_0.shelves,
        s1_0.version,
        p1_0.version 
    from
        parts p1_0 
    left join
        sectors s1_0 
            on s1_0.id=p1_0.sector 
    where
        p1_0.id=?
2025-01-05 01:14:07 [main] DEBUG org.hibernate.SQL - 
    delete 
    from
        parts 
    where
        id=? 
        and version=?
2025-01-05 01:14:07 [main] DEBUG org.hibernate.SQL - 
    select
        s1_0.id,
        s1_0.actives,
        s1_0.columns,
        s1_0.row_data,
        s1_0.sector,
        s1_0.shelves,
        s1_0.version 
    from
        sectors s1_0 
    where
        s1_0.id=?
2025-01-05 01:14:07 [main] DEBUG org.hibernate.SQL - 
    select
        p1_0.sector,
        p1_0.id,
        p1_0.actives,
        p1_0.quantities,
        p1_0.cods,
        p1_0.images,
        p1_0.names,
        p1_0.version 
    from
        parts p1_0 
    where
        p1_0.sector=?
2025-01-05 01:14:07 [main] DEBUG org.hibernate.SQL - 
    delete 
    from
        sectors 
    where
        id=? 
        and version=?
2025-01-05 01:14:07 [main] DEBUG org.hibernate.SQL - 
    insert 
    into
        sectors
        (actives, columns, row_data, sector, shelves, version, id) 
    values
        (?, ?, ?, ?, ?, ?, default)
2025-01-05 01:14:07 [main] DEBUG org.hibernate.SQL - 
    insert 
    into
        parts
        (actives, quantities, cods, images, names, sector, version, id) 
    values
        (?, ?, ?, ?, ?, ?, ?, default)
2025-01-05 01:14:07 [main] DEBUG org.hibernate.SQL - 
    select
        p1_0.id,
        p1_0.actives,
        p1_0.quantities,
        p1_0.cods,
        p1_0.images,
        p1_0.names,
        p1_0.sector,
        p1_0.version 
    from
        parts p1_0 
    where
        p1_0.id=? 
        and p1_0.actives
2025-01-05 01:14:07 [main] DEBUG org.hibernate.SQL - 
    select
        s1_0.id,
        s1_0.actives,
        s1_0.columns,
        s1_0.row_data,
        s1_0.sector,
        s1_0.shelves,
        s1_0.version 
    from
        sectors s1_0 
    where
        s1_0.id=?
2025-01-05 01:14:07 [main] DEBUG org.hibernate.SQL - 
    select
        p1_0.id,
        p1_0.actives,
        p1_0.quantities,
        p1_0.cods,
        p1_0.images,
        p1_0.names,
        s1_0.id,
        s1_0.actives,
        s1_0.columns,
        s1_0.row_data,
        s1_0.sector,
        s1_0.shelves,
        s1_0.version,
        p1_0.version 
    from
        parts p1_0 
    left join
        sectors s1_0 
            on s1_0.id=p1_0.sector 
    where
        p1_0.id=?
2025-01-05 01:14:07 [main] DEBUG org.hibernate.SQL - 
    delete 
    from
        parts 
    where
        id=? 
        and version=?
2025-01-05 01:14:07 [main] DEBUG org.hibernate.SQL - 
    select
        s1_0.id,
        s1_0.actives,
        s1_0.columns,
        s1_0.row_data,
        s1_0.sector,
        s1_0.shelves,
        s1_0.version 
    from
        sectors s1_0 
    where
        s1_0.id=?
2025-01-05 01:14:07 [main] DEBUG org.hibernate.SQL - 
    select
        p1_0.sector,
        p1_0.id,
        p1_0.actives,
        p1_0.quantities,
        p1_0.cods,
        p1_0.images,
        p1_0.names,
        p1_0.version 
    from
        parts p1_0 
    where
        p1_0.sector=?
2025-01-05 01:14:07 [main] DEBUG org.hibernate.SQL - 
    delete 
    from
        sectors 
    where
        id=? 
        and version=?
2025-01-05 01:14:07 [main] DEBUG org.hibernate.SQL - 
    insert 
    into
        sectors
        (actives, columns, row_data, sector, shelves, version, id) 
    values
        (?, ?, ?, ?, ?, ?, default)
2025-01-05 01:14:07 [main] DEBUG org.hibernate.SQL - 
    select
        s1_0.id,
        s1_0.actives,
        s1_0.columns,
        s1_0.row_data,
        s1_0.sector,
        s1_0.shelves,
        s1_0.version 
    from
        sectors s1_0 
    where
        s1_0.id=?
2025-01-05 01:14:07 [main] DEBUG org.hibernate.SQL - 
    select
        p1_0.id 
    from
        parts p1_0 
    where
        p1_0.cods=? 
        and p1_0.names=? 
        and p1_0.sector=? 
    fetch
        first ? rows only
2025-01-05 01:14:07 [main] DEBUG org.hibernate.SQL - 
    insert 
    into
        parts
        (actives, quantities, cods, images, names, sector, version, id) 
    values
        (?, ?, ?, ?, ?, ?, ?, default)
2025-01-05 01:14:07 [main] DEBUG org.hibernate.SQL - 
    select
        s1_0.id,
        s1_0.actives,
        s1_0.columns,
        s1_0.row_data,
        s1_0.sector,
        s1_0.shelves,
        s1_0.version 
    from
        sectors s1_0 
    where
        s1_0.id=?
2025-01-05 01:14:07 [main] DEBUG org.hibernate.SQL - 
    select
        p1_0.sector,
        p1_0.id,
        p1_0.actives,
        p1_0.quantities,
        p1_0.cods,
        p1_0.images,
        p1_0.names,
        p1_0.version 
    from
        parts p1_0 
    where
        p1_0.sector=?
2025-01-05 01:14:07 [main] DEBUG org.hibernate.SQL - 
    delete 
    from
        parts 
    where
        id=? 
        and version=?
2025-01-05 01:14:07 [main] DEBUG org.hibernate.SQL - 
    delete 
    from
        sectors 
    where
        id=? 
        and version=?
2025-01-05 01:14:07 [main] DEBUG org.hibernate.SQL - 
    insert 
    into
        sectors
        (actives, columns, row_data, sector, shelves, version, id) 
    values
        (?, ?, ?, ?, ?, ?, default)
2025-01-05 01:14:07 [main] DEBUG org.hibernate.SQL - 
    insert 
    into
        parts
        (actives, quantities, cods, images, names, sector, version, id) 
    values
        (?, ?, ?, ?, ?, ?, ?, default)
2025-01-05 01:14:07 [main] DEBUG org.hibernate.SQL - 
    insert 
    into
        sectors
        (actives, columns, row_data, sector, shelves, version, id) 
    values
        (?, ?, ?, ?, ?, ?, default)
2025-01-05 01:14:07 [main] DEBUG org.hibernate.SQL - 
    insert 
    into
        parts
        (actives, quantities, cods, images, names, sector, version, id) 
    values
        (?, ?, ?, ?, ?, ?, ?, default)
2025-01-05 01:14:07 [main] DEBUG org.hibernate.SQL - 
    select
        p1_0.id,
        p1_0.actives,
        p1_0.quantities,
        p1_0.cods,
        p1_0.images,
        p1_0.names,
        p1_0.sector,
        p1_0.version 
    from
        parts p1_0 
    where
        upper(p1_0.names) like upper(?) escape '\' 
        and p1_0.actives 
    order by
        p1_0.id 
    fetch
        first ? rows only
2025-01-05 01:14:07 [main] DEBUG org.hibernate.SQL - 
    select
        s1_0.id,
        s1_0.actives,
        s1_0.columns,
        s1_0.row_data,
        s1_0.sector,
        s1_0.shelves,
        s1_0.version 
    from
        sectors s1_0 
    where
        s1_0.id=?
2025-01-05 01:14:07 [main] DEBUG org.hibernate.SQL - 
    select
        s1_0.id,
        s1_0.actives,
        s1_0.columns,
        s1_0.row_data,
        s1_0.sector,
        s1_0.shelves,
        s1_0.version 
    from
        sectors s1_0 
    where
        s1_0.id=?
2025-01-05 01:14:07 [main] DEBUG org.hibernate.SQL - 
    select
        p1_0.id,
        p1_0.actives,
        p1_0.quantities,
        p1_0.cods,
        p1_0.images,
        p1_0.names,
        s1_0.id,
        s1_0.actives,
        s1_0.columns,
        s1_0.row_data,
        s1_0.sector,
        s1_0.shelves,
        s1_0.version,
        p1_0.version 
    from
        parts p1_0 
    left join
        sectors s1_0 
            on s1_0.id=p1_0.sector 
    where
        p1_0.id=?
2025-01-05 01:14:07 [main] DEBUG org.hibernate.SQL - 
    delete 
    from
        parts 
    where
        id=? 
        and version=?
2025-01-05 01:14:07 [main] DEBUG org.hibernate.SQL - 
    select
        s1_0.id,
        s1_0.actives,
        s1_0.columns,
        s1_0.row_data,
        s1_0.sector,
        s1_0.shelves,
        s1_0.version 
    from
        sectors s1_0 
    where
        s1_0.id=?
2025-01-05 01:14:07 [main] DEBUG org.hibernate.SQL - 
    select
        p1_0.sector,
        p1_0.id,
        p1_0.actives,
        p1_0.quantities,
        p1_0.cods,
        p1_0.images,
        p1_0.names,
        p1_0.version 
    from
        parts p1_0 
    where
        p1_0.sector=?
2025-01-05 01:14:07 [main] DEBUG org.hibernate.SQL - 
    delete 
    from
        sectors 
    where
        id=? 
        and version=?
2025-01-05 01:14:07 [main] DEBUG org.hibernate.SQL - 
    select
        p1_0.id,
        p1_0.actives,
        p1_0.quantities,
        p1_0.cods,
        p1_0.images,
        p1_0.names,
        s1_0.id,
        s1_0.actives,
        s1_0.columns,
        s1_0.row_data,
        s1_0.sector,
        s1_0.shelves,
        s1_0.version,
        p1_0.version 
    from
        parts p1_0 
    left join
        sectors s1_0 
            on s1_0.id=p1_0.sector 
    where
        p1_0.id=?
2025-01-05 01:14:07 [main] DEBUG org.hibernate.SQL - 
    delete 
    from
        parts 
    where
        id=? 
        and version=?
2025-01-05 01:14:07 [main] DEBUG org.hibernate.SQL - 
    select
        s1_0.id,
        s1_0.actives,
        s1_0.columns,
        s1_0.row_data,
        s1_0.sector,
        s1_0.shelves,
        s1_0.version 
    from
        sectors s1_0 
    where
        s1_0.id=?
2025-01-05 01:14:07 [main] DEBUG org.hibernate.SQL - 
    select
        p1_0.sector,
        p1_0.id,
        p1_0.actives,
        p1_0.quantities,
        p1_0.cods,
        p1_0.images,
        p1_0.names,
        p1_0.version 
    from
        parts p1_0 
    where
        p1_0.sector=?
2025-01-05 01:14:07 [main] DEBUG org.hibernate.SQL - 
    delete 
    from
        sectors 
    where
        id=? 
        and version=?
2025-01-05 01:14:07 [main] DEBUG org.hibernate.SQL - 
    insert 
    into
        sectors
        (actives, columns, row_data, sector, shelves, version, id) 
    values
        (?, ?, ?, ?, ?, ?, default)
2025-01-05 01:14:07 [main] DEBUG org.hibernate.SQL - 
    insert 
    into
        parts
        (actives, quantities, cods, images, names, sector, version, id) 
    values
        (?, ?, ?, ?, ?, ?, ?, default)
2025-01-05 01:14:07 [main] DEBUG org.hibernate.SQL - 
    select
        p1_0.id,
        p1_0.actives,
        p1_0.quantities,
        p1_0.cods,
        p1_0.images,
        p1_0.names,
        p1_0.sector,
        p1_0.version 
    from
        parts p1_0 
    where
        p1_0.cods=? 
        and p1_0.actives
2025-01-05 01:14:07 [main] DEBUG org.hibernate.SQL - 
    select
        s1_0.id,
        s1_0.actives,
        s1_0.columns,
        s1_0.row_data,
        s1_0.sector,
        s1_0.shelves,
        s1_0.version 
    from
        sectors s1_0 
    where
        s1_0.id=?
2025-01-05 01:14:07 [main] DEBUG org.hibernate.SQL - 
    select
        p1_0.id,
        p1_0.actives,
        p1_0.quantities,
        p1_0.cods,
        p1_0.images,
        p1_0.names,
        s1_0.id,
        s1_0.actives,
        s1_0.columns,
        s1_0.row_data,
        s1_0.sector,
        s1_0.shelves,
        s1_0.version,
        p1_0.version 
    from
        parts p1_0 
    left join
        sectors s1_0 
            on s1_0.id=p1_0.sector 
    where
        p1_0.id=?
2025-01-05 01:14:07 [main] DEBUG org.hibernate.SQL - 
    delete 
    from
        parts 
    where
        id=? 
        and version=?
2025-01-05 01:14:07 [main] DEBUG org.hibernate.SQL - 
    select
        s1_0.id,
        s1_0.actives,
        s1_0.columns,
        s1_0.row_data,
        s1_0.sector,
        s1_0.shelves,
        s1_0.version 
    from
        sectors s1_0 
    where
        s1_0.id=?
2025-01-05 01:14:07 [main] DEBUG org.hibernate.SQL - 
    select
        p1_0.sector,
        p1_0.id,
        p1_0.actives,
        p1_0.quantities,
        p1_0.cods,
        p1_0.images,
        p1_0.names,
        p1_0.version 
    from
        parts p1_0 
    where
        p1_0.sector=?
2025-01-05 01:14:07 [main] DEBUG org.hibernate.SQL - 
    delete 
    from
        sectors 
    where
        id=? 
        and version=?
2025-01-05 01:14:07 [main] DEBUG org.hibernate.SQL - 
    insert 
    into
        sectors
        (actives, columns, row_data, sector, shelves, version, id) 
    values
        (?, ?, ?, ?, ?, ?, default)
2025-01-05 01:14:07 [main] DEBUG org.hibernate.SQL - 
    insert 
    into
        parts
        (actives, quantities, cods, images, names, sector, version, id) 
    values
        (?, ?, ?, ?, ?, ?, ?, default)
2025-01-05 01:14:07 [main] DEBUG org.hibernate.SQL - 
    select
        p1_0.id,
        p1_0.actives,
        p1_0.quantities,
        p1_0.cods,
        p1_0.images,
        p1_0.names,
        p1_0.sector,
        p1_0.version 
    from
        parts p1_0 
    where
        p1_0.cods=? 
        or upper(p1_0.names) like upper(?) escape '\' 
        and p1_0.actives 
    order by
        p1_0.id 
    fetch
        first ? rows only
2025-01-05 01:14:07 [main] DEBUG org.hibernate.SQL - 
    select
        s1_0.id,
        s1_0.actives,
        s1_0.columns,
        s1_0.row_data,
        s1_0.sector,
        s1_0.shelves,
        s1_0.version 
    from
        sectors s1_0 
    where
        s1_0.id=?
2025-01-05 01:14:07 [main] DEBUG org.hibernate.SQL - 
    select
        p1_0.id,
        p1_0.actives,
        p1_0.quantities,
        p1_0.cods,
        p1_0.images,
        p1_0.names,
        s1_0.id,
        s1_0.actives,
        s1_0.columns,
        s1_0.row_data,
        s1_0.sector,
        s1_0.shelves,
        s1_0.version,
        p1_0.version 
    from
        parts p1_0 
    left join
        sectors s1_0 
            on s1_0.id=p1_0.sector 
    where
        p1_0.id=?
2025-01-05 01:14:07 [main] DEBUG org.hibernate.SQL - 
    delete 
    from
        parts 
    where
        id=? 
        and version=?
2025-01-05 01:14:07 [main] DEBUG org.hibernate.SQL - 
    select
        s1_0.id,
        s1_0.actives,
        s1_0.columns,
        s1_0.row_data,
        s1_0.sector,
        s1_0.shelves,
        s1_0.version 
    from
        sectors s1_0 
    where
        s1_0.id=?
2025-01-05 01:14:07 [main] DEBUG org.hibernate.SQL - 
    select
        p1_0.sector,
        p1_0.id,
        p1_0.actives,
        p1_0.quantities,
        p1_0.cods,
        p1_0.images,
        p1_0.names,
        p1_0.version 
    from
        parts p1_0 
    where
        p1_0.sector=?
2025-01-05 01:14:07 [main] DEBUG org.hibernate.SQL - 
    delete 
    from
        sectors 
    where
        id=? 
        and version=?
2025-01-05 01:14:09 [main] DEBUG org.hibernate.SQL - 
    select
        s1_0.id,
        s1_0.actives,
        s1_0.columns,
        s1_0.row_data,
        s1_0.sector,
        s1_0.shelves,
        s1_0.version 
    from
        sectors s1_0 
    where
        s1_0.actives 
    order by
        s1_0.id 
    fetch
        first ? rows only
2025-01-05 01:14:09 [main] DEBUG org.hibernate.SQL - 
    insert 
    into
        sectors
        (actives, columns, row_data, sector, shelves, version, id) 
    values
        (?, ?, ?, ?, ?, ?, default)
2025-01-05 01:14:09 [main] DEBUG org.hibernate.SQL - 
    select
        s1_0.id,
        s1_0.actives,
        s1_0.columns,
        s1_0.row_data,
        s1_0.sector,
        s1_0.shelves,
        s1_0.version 
    from
        sectors s1_0 
    where
        s1_0.id=? 
        and s1_0.actives
2025-01-05 01:14:09 [main] DEBUG org.hibernate.SQL - 
    update
        sectors 
    set
        actives=?,
        columns=?,
        row_data=?,
        sector=?,
        shelves=?,
        version=? 
    where
        id=? 
        and version=?
2025-01-05 01:14:09 [main] DEBUG org.hibernate.SQL - 
    select
        s1_0.id,
        s1_0.actives,
        s1_0.columns,
        s1_0.row_data,
        s1_0.sector,
        s1_0.shelves,
        s1_0.version 
    from
        sectors s1_0 
    where
        s1_0.id=?
2025-01-05 01:14:09 [main] DEBUG org.hibernate.SQL - 
    select
        p1_0.sector,
        p1_0.id,
        p1_0.actives,
        p1_0.quantities,
        p1_0.cods,
        p1_0.images,
        p1_0.names,
        p1_0.version 
    from
        parts p1_0 
    where
        p1_0.sector=?
2025-01-05 01:14:09 [main] DEBUG org.hibernate.SQL - 
    delete 
    from
        sectors 
    where
        id=? 
        and version=?
2025-01-05 01:14:09 [main] DEBUG org.hibernate.SQL - 
    insert 
    into
        sectors
        (actives, columns, row_data, sector, shelves, version, id) 
    values
        (?, ?, ?, ?, ?, ?, default)
2025-01-05 01:14:09 [main] DEBUG org.hibernate.SQL - 
    select
        s1_0.id,
        s1_0.actives,
        s1_0.columns,
        s1_0.row_data,
        s1_0.sector,
        s1_0.shelves,
        s1_0.version 
    from
        sectors s1_0 
    where
        s1_0.id=? 
        and s1_0.actives
2025-01-05 01:14:09 [main] DEBUG org.hibernate.SQL - 
    select
        p1_0.sector,
        p1_0.id,
        p1_0.actives,
        p1_0.quantities,
        p1_0.cods,
        p1_0.images,
        p1_0.names,
        p1_0.version 
    from
        parts p1_0 
    where
        p1_0.sector=?
2025-01-05 01:14:09 [main] DEBUG org.hibernate.SQL - 
    select
        s1_0.id,
        s1_0.actives,
        s1_0.columns,
        s1_0.row_data,
        s1_0.sector,
        s1_0.shelves,
        s1_0.version 
    from
        sectors s1_0 
    where
        s1_0.id=?
2025-01-05 01:14:09 [main] DEBUG org.hibernate.SQL - 
    select
        p1_0.sector,
        p1_0.id,
        p1_0.actives,
        p1_0.quantities,
        p1_0.cods,
        p1_0.images,
        p1_0.names,
        p1_0.version 
    from
        parts p1_0 
    where
        p1_0.sector=?
2025-01-05 01:14:09 [main] DEBUG org.hibernate.SQL - 
    delete 
    from
        sectors 
    where
        id=? 
        and version=?
2025-01-05 01:14:09 [main] DEBUG org.hibernate.SQL - 
    select
        s1_0.id 
    from
        sectors s1_0 
    where
        s1_0.sector=? 
        and s1_0.shelves=? 
        and s1_0.columns=? 
        and s1_0.row_data=? 
    fetch
        first ? rows only
2025-01-05 01:14:09 [main] DEBUG org.hibernate.SQL - 
    insert 
    into
        sectors
        (actives, columns, row_data, sector, shelves, version, id) 
    values
        (?, ?, ?, ?, ?, ?, default)
2025-01-05 01:14:09 [main] DEBUG org.hibernate.SQL - 
    insert 
    into
        sectors
        (actives, columns, row_data, sector, shelves, version, id) 
    values
        (?, ?, ?, ?, ?, ?, default)
2025-01-05 01:14:09 [main] DEBUG org.hibernate.SQL - 
    select
        s1_0.id,
        s1_0.actives,
        s1_0.columns,
        s1_0.row_data,
        s1_0.sector,
        s1_0.shelves,
        s1_0.version 
    from
        sectors s1_0 
    where
        s1_0.id=? 
        and s1_0.actives
2025-01-05 01:14:09 [main] DEBUG org.hibernate.SQL - 
    select
        p1_0.sector,
        p1_0.id,
        p1_0.actives,
        p1_0.quantities,
        p1_0.cods,
        p1_0.images,
        p1_0.names,
        p1_0.version 
    from
        parts p1_0 
    where
        p1_0.sector=?
2025-01-05 01:14:09 [main] DEBUG org.hibernate.SQL - 
    select
        s1_0.id,
        s1_0.actives,
        s1_0.columns,
        s1_0.row_data,
        s1_0.sector,
        s1_0.shelves,
        s1_0.version 
    from
        sectors s1_0 
    where
        s1_0.id=?
2025-01-05 01:14:09 [main] DEBUG org.hibernate.SQL - 
    select
        p1_0.sector,
        p1_0.id,
        p1_0.actives,
        p1_0.quantities,
        p1_0.cods,
        p1_0.images,
        p1_0.names,
        p1_0.version 
    from
        parts p1_0 
    where
        p1_0.sector=?
2025-01-05 01:14:09 [main] DEBUG org.hibernate.SQL - 
    delete 
    from
        sectors 
    where
        id=? 
        and version=?
2025-01-05 01:14:09 [SpringApplicationShutdownHook] DEBUG org.hibernate.SQL - 
    drop table if exists parts cascade 
2025-01-05 01:14:09 [SpringApplicationShutdownHook] DEBUG org.hibernate.SQL - 
    drop table if exists sectors cascade 
2025-01-18 18:31:44 [main] DEBUG org.hibernate.SQL - 
    drop table if exists parts cascade 
2025-01-18 18:31:44 [main] DEBUG org.hibernate.SQL - 
    drop table if exists sectors cascade 
2025-01-18 18:31:44 [main] DEBUG org.hibernate.SQL - 
    create table parts (
        actives boolean not null,
        quantities float(53) not null,
        version integer,
        cods bigint not null,
        id bigint generated by default as identity,
        sector bigint,
        names varchar(255) not null,
        images blob not null,
        primary key (id)
    )
2025-01-18 18:31:44 [main] DEBUG org.hibernate.SQL - 
    create table sectors (
        actives boolean not null,
        version integer,
        id bigint generated by default as identity,
        columns varchar(255) not null,
        row_data varchar(255) not null,
        sector varchar(255) not null,
        shelves varchar(255) not null,
        primary key (id)
    )
2025-01-18 18:31:44 [main] DEBUG org.hibernate.SQL - 
    alter table if exists parts 
       add constraint FK44bpbjjhvt2bd6spralcvfki7 
       foreign key (sector) 
       references sectors
2025-01-18 18:31:49 [main] DEBUG org.hibernate.SQL - 
    insert 
    into
        sectors
        (actives, columns, row_data, sector, shelves, version, id) 
    values
        (?, ?, ?, ?, ?, ?, default)
2025-01-18 18:31:49 [main] DEBUG org.hibernate.SQL - 
    insert 
    into
        parts
        (actives, quantities, cods, images, names, sector, version, id) 
    values
        (?, ?, ?, ?, ?, ?, ?, default)
2025-01-18 18:31:49 [main] DEBUG org.hibernate.SQL - 
    insert 
    into
        sectors
        (actives, columns, row_data, sector, shelves, version, id) 
    values
        (?, ?, ?, ?, ?, ?, default)
2025-01-18 18:31:49 [main] DEBUG org.hibernate.SQL - 
    select
        p1_0.id,
        p1_0.actives,
        p1_0.quantities,
        p1_0.cods,
        p1_0.images,
        p1_0.names,
        s1_0.id,
        s1_0.actives,
        s1_0.columns,
        s1_0.row_data,
        s1_0.sector,
        s1_0.shelves,
        s1_0.version,
        p1_0.version 
    from
        parts p1_0 
    left join
        sectors s1_0 
            on s1_0.id=p1_0.sector 
    where
        p1_0.id=?
2025-01-18 18:31:49 [main] DEBUG org.hibernate.SQL - 
    select
        s1_0.id,
        s1_0.actives,
        s1_0.columns,
        s1_0.row_data,
        s1_0.sector,
        s1_0.shelves,
        s1_0.version 
    from
        sectors s1_0 
    where
        s1_0.id=? 
        and s1_0.actives
2025-01-18 18:31:49 [main] DEBUG org.hibernate.SQL - 
    update
        parts 
    set
        actives=?,
        quantities=?,
        cods=?,
        images=?,
        names=?,
        sector=?,
        version=? 
    where
        id=? 
        and version=?
2025-01-18 18:31:49 [main] DEBUG org.hibernate.SQL - 
    select
        p1_0.id,
        p1_0.actives,
        p1_0.quantities,
        p1_0.cods,
        p1_0.images,
        p1_0.names,
        s1_0.id,
        s1_0.actives,
        s1_0.columns,
        s1_0.row_data,
        s1_0.sector,
        s1_0.shelves,
        s1_0.version,
        p1_0.version 
    from
        parts p1_0 
    left join
        sectors s1_0 
            on s1_0.id=p1_0.sector 
    where
        p1_0.id=?
2025-01-18 18:31:49 [main] DEBUG org.hibernate.SQL - 
    delete 
    from
        parts 
    where
        id=? 
        and version=?
2025-01-18 18:31:49 [main] DEBUG org.hibernate.SQL - 
    select
        s1_0.id,
        s1_0.actives,
        s1_0.columns,
        s1_0.row_data,
        s1_0.sector,
        s1_0.shelves,
        s1_0.version 
    from
        sectors s1_0 
    where
        s1_0.id=?
2025-01-18 18:31:49 [main] DEBUG org.hibernate.SQL - 
    select
        p1_0.sector,
        p1_0.id,
        p1_0.actives,
        p1_0.quantities,
        p1_0.cods,
        p1_0.images,
        p1_0.names,
        p1_0.version 
    from
        parts p1_0 
    where
        p1_0.sector=?
2025-01-18 18:31:49 [main] DEBUG org.hibernate.SQL - 
    delete 
    from
        sectors 
    where
        id=? 
        and version=?
2025-01-18 18:31:49 [main] DEBUG org.hibernate.SQL - 
    select
        s1_0.id,
        s1_0.actives,
        s1_0.columns,
        s1_0.row_data,
        s1_0.sector,
        s1_0.shelves,
        s1_0.version 
    from
        sectors s1_0 
    where
        s1_0.id=?
2025-01-18 18:31:49 [main] DEBUG org.hibernate.SQL - 
    select
        p1_0.sector,
        p1_0.id,
        p1_0.actives,
        p1_0.quantities,
        p1_0.cods,
        p1_0.images,
        p1_0.names,
        p1_0.version 
    from
        parts p1_0 
    where
        p1_0.sector=?
2025-01-18 18:31:49 [main] DEBUG org.hibernate.SQL - 
    delete 
    from
        sectors 
    where
        id=? 
        and version=?
2025-01-18 18:31:50 [main] DEBUG org.hibernate.SQL - 
    select
        p1_0.id,
        p1_0.actives,
        p1_0.quantities,
        p1_0.cods,
        p1_0.images,
        p1_0.names,
        p1_0.sector,
        p1_0.version 
    from
        parts p1_0 
    where
        p1_0.actives 
    order by
        p1_0.id 
    fetch
        first ? rows only
2025-01-18 18:31:50 [main] DEBUG org.hibernate.SQL - 
    insert 
    into
        sectors
        (actives, columns, row_data, sector, shelves, version, id) 
    values
        (?, ?, ?, ?, ?, ?, default)
2025-01-18 18:31:50 [main] DEBUG org.hibernate.SQL - 
    insert 
    into
        parts
        (actives, quantities, cods, images, names, sector, version, id) 
    values
        (?, ?, ?, ?, ?, ?, ?, default)
2025-01-18 18:31:50 [main] DEBUG org.hibernate.SQL - 
    select
        p1_0.id,
        p1_0.actives,
        p1_0.quantities,
        p1_0.cods,
        p1_0.images,
        p1_0.names,
        s1_0.id,
        s1_0.actives,
        s1_0.columns,
        s1_0.row_data,
        s1_0.sector,
        s1_0.shelves,
        s1_0.version,
        p1_0.version 
    from
        parts p1_0 
    left join
        sectors s1_0 
            on s1_0.id=p1_0.sector 
    where
        p1_0.id=?
2025-01-18 18:31:50 [main] DEBUG org.hibernate.SQL - 
    update
        parts 
    set
        actives=?,
        quantities=?,
        cods=?,
        images=?,
        names=?,
        sector=?,
        version=? 
    where
        id=? 
        and version=?
2025-01-18 18:31:50 [main] DEBUG org.hibernate.SQL - 
    select
        p1_0.id,
        p1_0.actives,
        p1_0.quantities,
        p1_0.cods,
        p1_0.images,
        p1_0.names,
        s1_0.id,
        s1_0.actives,
        s1_0.columns,
        s1_0.row_data,
        s1_0.sector,
        s1_0.shelves,
        s1_0.version,
        p1_0.version 
    from
        parts p1_0 
    left join
        sectors s1_0 
            on s1_0.id=p1_0.sector 
    where
        p1_0.id=?
2025-01-18 18:31:50 [main] DEBUG org.hibernate.SQL - 
    delete 
    from
        parts 
    where
        id=? 
        and version=?
2025-01-18 18:31:50 [main] DEBUG org.hibernate.SQL - 
    select
        s1_0.id,
        s1_0.actives,
        s1_0.columns,
        s1_0.row_data,
        s1_0.sector,
        s1_0.shelves,
        s1_0.version 
    from
        sectors s1_0 
    where
        s1_0.id=?
2025-01-18 18:31:50 [main] DEBUG org.hibernate.SQL - 
    select
        p1_0.sector,
        p1_0.id,
        p1_0.actives,
        p1_0.quantities,
        p1_0.cods,
        p1_0.images,
        p1_0.names,
        p1_0.version 
    from
        parts p1_0 
    where
        p1_0.sector=?
2025-01-18 18:31:50 [main] DEBUG org.hibernate.SQL - 
    delete 
    from
        sectors 
    where
        id=? 
        and version=?
2025-01-18 18:31:50 [main] DEBUG org.hibernate.SQL - 
    insert 
    into
        sectors
        (actives, columns, row_data, sector, shelves, version, id) 
    values
        (?, ?, ?, ?, ?, ?, default)
2025-01-18 18:31:50 [main] DEBUG org.hibernate.SQL - 
    insert 
    into
        parts
        (actives, quantities, cods, images, names, sector, version, id) 
    values
        (?, ?, ?, ?, ?, ?, ?, default)
2025-01-18 18:31:50 [main] DEBUG org.hibernate.SQL - 
    select
        p1_0.id,
        p1_0.actives,
        p1_0.quantities,
        p1_0.cods,
        p1_0.images,
        p1_0.names,
        p1_0.sector,
        p1_0.version 
    from
        parts p1_0 
    where
        p1_0.id=? 
        and p1_0.actives
2025-01-18 18:31:50 [main] DEBUG org.hibernate.SQL - 
    select
        s1_0.id,
        s1_0.actives,
        s1_0.columns,
        s1_0.row_data,
        s1_0.sector,
        s1_0.shelves,
        s1_0.version 
    from
        sectors s1_0 
    where
        s1_0.id=?
2025-01-18 18:31:50 [main] DEBUG org.hibernate.SQL - 
    select
        p1_0.id,
        p1_0.actives,
        p1_0.quantities,
        p1_0.cods,
        p1_0.images,
        p1_0.names,
        s1_0.id,
        s1_0.actives,
        s1_0.columns,
        s1_0.row_data,
        s1_0.sector,
        s1_0.shelves,
        s1_0.version,
        p1_0.version 
    from
        parts p1_0 
    left join
        sectors s1_0 
            on s1_0.id=p1_0.sector 
    where
        p1_0.id=?
2025-01-18 18:31:50 [main] DEBUG org.hibernate.SQL - 
    delete 
    from
        parts 
    where
        id=? 
        and version=?
2025-01-18 18:31:50 [main] DEBUG org.hibernate.SQL - 
    select
        s1_0.id,
        s1_0.actives,
        s1_0.columns,
        s1_0.row_data,
        s1_0.sector,
        s1_0.shelves,
        s1_0.version 
    from
        sectors s1_0 
    where
        s1_0.id=?
2025-01-18 18:31:50 [main] DEBUG org.hibernate.SQL - 
    select
        p1_0.sector,
        p1_0.id,
        p1_0.actives,
        p1_0.quantities,
        p1_0.cods,
        p1_0.images,
        p1_0.names,
        p1_0.version 
    from
        parts p1_0 
    where
        p1_0.sector=?
2025-01-18 18:31:50 [main] DEBUG org.hibernate.SQL - 
    delete 
    from
        sectors 
    where
        id=? 
        and version=?
2025-01-18 18:31:50 [main] DEBUG org.hibernate.SQL - 
    insert 
    into
        sectors
        (actives, columns, row_data, sector, shelves, version, id) 
    values
        (?, ?, ?, ?, ?, ?, default)
2025-01-18 18:31:50 [main] DEBUG org.hibernate.SQL - 
    select
        s1_0.id,
        s1_0.actives,
        s1_0.columns,
        s1_0.row_data,
        s1_0.sector,
        s1_0.shelves,
        s1_0.version 
    from
        sectors s1_0 
    where
        s1_0.id=?
2025-01-18 18:31:50 [main] DEBUG org.hibernate.SQL - 
    select
        p1_0.id 
    from
        parts p1_0 
    where
        p1_0.cods=? 
        and p1_0.names=? 
        and p1_0.sector=? 
    fetch
        first ? rows only
2025-01-18 18:31:50 [main] DEBUG org.hibernate.SQL - 
    insert 
    into
        parts
        (actives, quantities, cods, images, names, sector, version, id) 
    values
        (?, ?, ?, ?, ?, ?, ?, default)
2025-01-18 18:31:50 [main] DEBUG org.hibernate.SQL - 
    select
        s1_0.id,
        s1_0.actives,
        s1_0.columns,
        s1_0.row_data,
        s1_0.sector,
        s1_0.shelves,
        s1_0.version 
    from
        sectors s1_0 
    where
        s1_0.id=?
2025-01-18 18:31:50 [main] DEBUG org.hibernate.SQL - 
    select
        p1_0.sector,
        p1_0.id,
        p1_0.actives,
        p1_0.quantities,
        p1_0.cods,
        p1_0.images,
        p1_0.names,
        p1_0.version 
    from
        parts p1_0 
    where
        p1_0.sector=?
2025-01-18 18:31:50 [main] DEBUG org.hibernate.SQL - 
    delete 
    from
        parts 
    where
        id=? 
        and version=?
2025-01-18 18:31:50 [main] DEBUG org.hibernate.SQL - 
    delete 
    from
        sectors 
    where
        id=? 
        and version=?
2025-01-18 18:31:50 [main] DEBUG org.hibernate.SQL - 
    insert 
    into
        sectors
        (actives, columns, row_data, sector, shelves, version, id) 
    values
        (?, ?, ?, ?, ?, ?, default)
2025-01-18 18:31:50 [main] DEBUG org.hibernate.SQL - 
    insert 
    into
        parts
        (actives, quantities, cods, images, names, sector, version, id) 
    values
        (?, ?, ?, ?, ?, ?, ?, default)
2025-01-18 18:31:50 [main] DEBUG org.hibernate.SQL - 
    insert 
    into
        sectors
        (actives, columns, row_data, sector, shelves, version, id) 
    values
        (?, ?, ?, ?, ?, ?, default)
2025-01-18 18:31:50 [main] DEBUG org.hibernate.SQL - 
    insert 
    into
        parts
        (actives, quantities, cods, images, names, sector, version, id) 
    values
        (?, ?, ?, ?, ?, ?, ?, default)
2025-01-18 18:31:50 [main] DEBUG org.hibernate.SQL - 
    select
        p1_0.id,
        p1_0.actives,
        p1_0.quantities,
        p1_0.cods,
        p1_0.images,
        p1_0.names,
        p1_0.sector,
        p1_0.version 
    from
        parts p1_0 
    where
        upper(p1_0.names) like upper(?) escape '\' 
        and p1_0.actives 
    order by
        p1_0.id 
    fetch
        first ? rows only
2025-01-18 18:31:50 [main] DEBUG org.hibernate.SQL - 
    select
        s1_0.id,
        s1_0.actives,
        s1_0.columns,
        s1_0.row_data,
        s1_0.sector,
        s1_0.shelves,
        s1_0.version 
    from
        sectors s1_0 
    where
        s1_0.id=?
2025-01-18 18:31:50 [main] DEBUG org.hibernate.SQL - 
    select
        s1_0.id,
        s1_0.actives,
        s1_0.columns,
        s1_0.row_data,
        s1_0.sector,
        s1_0.shelves,
        s1_0.version 
    from
        sectors s1_0 
    where
        s1_0.id=?
2025-01-18 18:31:50 [main] DEBUG org.hibernate.SQL - 
    select
        p1_0.id,
        p1_0.actives,
        p1_0.quantities,
        p1_0.cods,
        p1_0.images,
        p1_0.names,
        s1_0.id,
        s1_0.actives,
        s1_0.columns,
        s1_0.row_data,
        s1_0.sector,
        s1_0.shelves,
        s1_0.version,
        p1_0.version 
    from
        parts p1_0 
    left join
        sectors s1_0 
            on s1_0.id=p1_0.sector 
    where
        p1_0.id=?
2025-01-18 18:31:50 [main] DEBUG org.hibernate.SQL - 
    delete 
    from
        parts 
    where
        id=? 
        and version=?
2025-01-18 18:31:50 [main] DEBUG org.hibernate.SQL - 
    select
        s1_0.id,
        s1_0.actives,
        s1_0.columns,
        s1_0.row_data,
        s1_0.sector,
        s1_0.shelves,
        s1_0.version 
    from
        sectors s1_0 
    where
        s1_0.id=?
2025-01-18 18:31:50 [main] DEBUG org.hibernate.SQL - 
    select
        p1_0.sector,
        p1_0.id,
        p1_0.actives,
        p1_0.quantities,
        p1_0.cods,
        p1_0.images,
        p1_0.names,
        p1_0.version 
    from
        parts p1_0 
    where
        p1_0.sector=?
2025-01-18 18:31:50 [main] DEBUG org.hibernate.SQL - 
    delete 
    from
        sectors 
    where
        id=? 
        and version=?
2025-01-18 18:31:50 [main] DEBUG org.hibernate.SQL - 
    select
        p1_0.id,
        p1_0.actives,
        p1_0.quantities,
        p1_0.cods,
        p1_0.images,
        p1_0.names,
        s1_0.id,
        s1_0.actives,
        s1_0.columns,
        s1_0.row_data,
        s1_0.sector,
        s1_0.shelves,
        s1_0.version,
        p1_0.version 
    from
        parts p1_0 
    left join
        sectors s1_0 
            on s1_0.id=p1_0.sector 
    where
        p1_0.id=?
2025-01-18 18:31:50 [main] DEBUG org.hibernate.SQL - 
    delete 
    from
        parts 
    where
        id=? 
        and version=?
2025-01-18 18:31:50 [main] DEBUG org.hibernate.SQL - 
    select
        s1_0.id,
        s1_0.actives,
        s1_0.columns,
        s1_0.row_data,
        s1_0.sector,
        s1_0.shelves,
        s1_0.version 
    from
        sectors s1_0 
    where
        s1_0.id=?
2025-01-18 18:31:50 [main] DEBUG org.hibernate.SQL - 
    select
        p1_0.sector,
        p1_0.id,
        p1_0.actives,
        p1_0.quantities,
        p1_0.cods,
        p1_0.images,
        p1_0.names,
        p1_0.version 
    from
        parts p1_0 
    where
        p1_0.sector=?
2025-01-18 18:31:50 [main] DEBUG org.hibernate.SQL - 
    delete 
    from
        sectors 
    where
        id=? 
        and version=?
2025-01-18 18:31:50 [main] DEBUG org.hibernate.SQL - 
    insert 
    into
        sectors
        (actives, columns, row_data, sector, shelves, version, id) 
    values
        (?, ?, ?, ?, ?, ?, default)
2025-01-18 18:31:50 [main] DEBUG org.hibernate.SQL - 
    insert 
    into
        parts
        (actives, quantities, cods, images, names, sector, version, id) 
    values
        (?, ?, ?, ?, ?, ?, ?, default)
2025-01-18 18:31:51 [main] DEBUG org.hibernate.SQL - 
    select
        p1_0.id,
        p1_0.actives,
        p1_0.quantities,
        p1_0.cods,
        p1_0.images,
        p1_0.names,
        p1_0.sector,
        p1_0.version 
    from
        parts p1_0 
    where
        p1_0.cods=? 
        and p1_0.actives
2025-01-18 18:31:51 [main] DEBUG org.hibernate.SQL - 
    select
        s1_0.id,
        s1_0.actives,
        s1_0.columns,
        s1_0.row_data,
        s1_0.sector,
        s1_0.shelves,
        s1_0.version 
    from
        sectors s1_0 
    where
        s1_0.id=?
2025-01-18 18:31:51 [main] DEBUG org.hibernate.SQL - 
    select
        p1_0.id,
        p1_0.actives,
        p1_0.quantities,
        p1_0.cods,
        p1_0.images,
        p1_0.names,
        s1_0.id,
        s1_0.actives,
        s1_0.columns,
        s1_0.row_data,
        s1_0.sector,
        s1_0.shelves,
        s1_0.version,
        p1_0.version 
    from
        parts p1_0 
    left join
        sectors s1_0 
            on s1_0.id=p1_0.sector 
    where
        p1_0.id=?
2025-01-18 18:31:51 [main] DEBUG org.hibernate.SQL - 
    delete 
    from
        parts 
    where
        id=? 
        and version=?
2025-01-18 18:31:51 [main] DEBUG org.hibernate.SQL - 
    select
        s1_0.id,
        s1_0.actives,
        s1_0.columns,
        s1_0.row_data,
        s1_0.sector,
        s1_0.shelves,
        s1_0.version 
    from
        sectors s1_0 
    where
        s1_0.id=?
2025-01-18 18:31:51 [main] DEBUG org.hibernate.SQL - 
    select
        p1_0.sector,
        p1_0.id,
        p1_0.actives,
        p1_0.quantities,
        p1_0.cods,
        p1_0.images,
        p1_0.names,
        p1_0.version 
    from
        parts p1_0 
    where
        p1_0.sector=?
2025-01-18 18:31:51 [main] DEBUG org.hibernate.SQL - 
    delete 
    from
        sectors 
    where
        id=? 
        and version=?
2025-01-18 18:31:51 [main] DEBUG org.hibernate.SQL - 
    insert 
    into
        sectors
        (actives, columns, row_data, sector, shelves, version, id) 
    values
        (?, ?, ?, ?, ?, ?, default)
2025-01-18 18:31:51 [main] DEBUG org.hibernate.SQL - 
    insert 
    into
        parts
        (actives, quantities, cods, images, names, sector, version, id) 
    values
        (?, ?, ?, ?, ?, ?, ?, default)
2025-01-18 18:31:51 [main] DEBUG org.hibernate.SQL - 
    select
        p1_0.id,
        p1_0.actives,
        p1_0.quantities,
        p1_0.cods,
        p1_0.images,
        p1_0.names,
        p1_0.sector,
        p1_0.version 
    from
        parts p1_0 
    where
        p1_0.cods=? 
        or upper(p1_0.names) like upper(?) escape '\' 
        and p1_0.actives 
    order by
        p1_0.id 
    fetch
        first ? rows only
2025-01-18 18:31:51 [main] DEBUG org.hibernate.SQL - 
    select
        s1_0.id,
        s1_0.actives,
        s1_0.columns,
        s1_0.row_data,
        s1_0.sector,
        s1_0.shelves,
        s1_0.version 
    from
        sectors s1_0 
    where
        s1_0.id=?
2025-01-18 18:31:51 [main] DEBUG org.hibernate.SQL - 
    select
        p1_0.id,
        p1_0.actives,
        p1_0.quantities,
        p1_0.cods,
        p1_0.images,
        p1_0.names,
        s1_0.id,
        s1_0.actives,
        s1_0.columns,
        s1_0.row_data,
        s1_0.sector,
        s1_0.shelves,
        s1_0.version,
        p1_0.version 
    from
        parts p1_0 
    left join
        sectors s1_0 
            on s1_0.id=p1_0.sector 
    where
        p1_0.id=?
2025-01-18 18:31:51 [main] DEBUG org.hibernate.SQL - 
    delete 
    from
        parts 
    where
        id=? 
        and version=?
2025-01-18 18:31:51 [main] DEBUG org.hibernate.SQL - 
    select
        s1_0.id,
        s1_0.actives,
        s1_0.columns,
        s1_0.row_data,
        s1_0.sector,
        s1_0.shelves,
        s1_0.version 
    from
        sectors s1_0 
    where
        s1_0.id=?
2025-01-18 18:31:51 [main] DEBUG org.hibernate.SQL - 
    select
        p1_0.sector,
        p1_0.id,
        p1_0.actives,
        p1_0.quantities,
        p1_0.cods,
        p1_0.images,
        p1_0.names,
        p1_0.version 
    from
        parts p1_0 
    where
        p1_0.sector=?
2025-01-18 18:31:51 [main] DEBUG org.hibernate.SQL - 
    delete 
    from
        sectors 
    where
        id=? 
        and version=?
2025-01-18 18:31:52 [main] DEBUG org.hibernate.SQL - 
    select
        s1_0.id,
        s1_0.actives,
        s1_0.columns,
        s1_0.row_data,
        s1_0.sector,
        s1_0.shelves,
        s1_0.version 
    from
        sectors s1_0 
    where
        s1_0.actives 
    order by
        s1_0.id 
    fetch
        first ? rows only
2025-01-18 18:31:52 [main] DEBUG org.hibernate.SQL - 
    insert 
    into
        sectors
        (actives, columns, row_data, sector, shelves, version, id) 
    values
        (?, ?, ?, ?, ?, ?, default)
2025-01-18 18:31:52 [main] DEBUG org.hibernate.SQL - 
    select
        s1_0.id,
        s1_0.actives,
        s1_0.columns,
        s1_0.row_data,
        s1_0.sector,
        s1_0.shelves,
        s1_0.version 
    from
        sectors s1_0 
    where
        s1_0.id=? 
        and s1_0.actives
2025-01-18 18:31:52 [main] DEBUG org.hibernate.SQL - 
    update
        sectors 
    set
        actives=?,
        columns=?,
        row_data=?,
        sector=?,
        shelves=?,
        version=? 
    where
        id=? 
        and version=?
2025-01-18 18:31:52 [main] DEBUG org.hibernate.SQL - 
    select
        s1_0.id,
        s1_0.actives,
        s1_0.columns,
        s1_0.row_data,
        s1_0.sector,
        s1_0.shelves,
        s1_0.version 
    from
        sectors s1_0 
    where
        s1_0.id=?
2025-01-18 18:31:52 [main] DEBUG org.hibernate.SQL - 
    select
        p1_0.sector,
        p1_0.id,
        p1_0.actives,
        p1_0.quantities,
        p1_0.cods,
        p1_0.images,
        p1_0.names,
        p1_0.version 
    from
        parts p1_0 
    where
        p1_0.sector=?
2025-01-18 18:31:52 [main] DEBUG org.hibernate.SQL - 
    delete 
    from
        sectors 
    where
        id=? 
        and version=?
2025-01-18 18:31:53 [main] DEBUG org.hibernate.SQL - 
    insert 
    into
        sectors
        (actives, columns, row_data, sector, shelves, version, id) 
    values
        (?, ?, ?, ?, ?, ?, default)
2025-01-18 18:31:53 [main] DEBUG org.hibernate.SQL - 
    select
        s1_0.id,
        s1_0.actives,
        s1_0.columns,
        s1_0.row_data,
        s1_0.sector,
        s1_0.shelves,
        s1_0.version 
    from
        sectors s1_0 
    where
        s1_0.id=? 
        and s1_0.actives
2025-01-18 18:31:53 [main] DEBUG org.hibernate.SQL - 
    select
        p1_0.sector,
        p1_0.id,
        p1_0.actives,
        p1_0.quantities,
        p1_0.cods,
        p1_0.images,
        p1_0.names,
        p1_0.version 
    from
        parts p1_0 
    where
        p1_0.sector=?
2025-01-18 18:31:53 [main] DEBUG org.hibernate.SQL - 
    select
        s1_0.id,
        s1_0.actives,
        s1_0.columns,
        s1_0.row_data,
        s1_0.sector,
        s1_0.shelves,
        s1_0.version 
    from
        sectors s1_0 
    where
        s1_0.id=?
2025-01-18 18:31:53 [main] DEBUG org.hibernate.SQL - 
    select
        p1_0.sector,
        p1_0.id,
        p1_0.actives,
        p1_0.quantities,
        p1_0.cods,
        p1_0.images,
        p1_0.names,
        p1_0.version 
    from
        parts p1_0 
    where
        p1_0.sector=?
2025-01-18 18:31:53 [main] DEBUG org.hibernate.SQL - 
    delete 
    from
        sectors 
    where
        id=? 
        and version=?
2025-01-18 18:31:53 [main] DEBUG org.hibernate.SQL - 
    select
        s1_0.id 
    from
        sectors s1_0 
    where
        s1_0.sector=? 
        and s1_0.shelves=? 
        and s1_0.columns=? 
        and s1_0.row_data=? 
    fetch
        first ? rows only
2025-01-18 18:31:53 [main] DEBUG org.hibernate.SQL - 
    insert 
    into
        sectors
        (actives, columns, row_data, sector, shelves, version, id) 
    values
        (?, ?, ?, ?, ?, ?, default)
2025-01-18 18:31:53 [main] DEBUG org.hibernate.SQL - 
    insert 
    into
        sectors
        (actives, columns, row_data, sector, shelves, version, id) 
    values
        (?, ?, ?, ?, ?, ?, default)
2025-01-18 18:31:53 [main] DEBUG org.hibernate.SQL - 
    select
        s1_0.id,
        s1_0.actives,
        s1_0.columns,
        s1_0.row_data,
        s1_0.sector,
        s1_0.shelves,
        s1_0.version 
    from
        sectors s1_0 
    where
        s1_0.id=? 
        and s1_0.actives
2025-01-18 18:31:53 [main] DEBUG org.hibernate.SQL - 
    select
        p1_0.sector,
        p1_0.id,
        p1_0.actives,
        p1_0.quantities,
        p1_0.cods,
        p1_0.images,
        p1_0.names,
        p1_0.version 
    from
        parts p1_0 
    where
        p1_0.sector=?
2025-01-18 18:31:53 [main] DEBUG org.hibernate.SQL - 
    select
        s1_0.id,
        s1_0.actives,
        s1_0.columns,
        s1_0.row_data,
        s1_0.sector,
        s1_0.shelves,
        s1_0.version 
    from
        sectors s1_0 
    where
        s1_0.id=?
2025-01-18 18:31:53 [main] DEBUG org.hibernate.SQL - 
    select
        p1_0.sector,
        p1_0.id,
        p1_0.actives,
        p1_0.quantities,
        p1_0.cods,
        p1_0.images,
        p1_0.names,
        p1_0.version 
    from
        parts p1_0 
    where
        p1_0.sector=?
2025-01-18 18:31:53 [main] DEBUG org.hibernate.SQL - 
    delete 
    from
        sectors 
    where
        id=? 
        and version=?
2025-01-18 18:31:53 [SpringApplicationShutdownHook] DEBUG org.hibernate.SQL - 
    drop table if exists parts cascade 
2025-01-18 18:31:53 [SpringApplicationShutdownHook] DEBUG org.hibernate.SQL - 
    drop table if exists sectors cascade 
2025-01-18 18:42:03 [main] DEBUG org.hibernate.SQL - 
    drop table if exists parts cascade 
2025-01-18 18:42:03 [main] DEBUG org.hibernate.SQL - 
    drop table if exists sectors cascade 
2025-01-18 18:42:03 [main] DEBUG org.hibernate.SQL - 
    create table parts (
        actives boolean not null,
        quantities float(53) not null,
        version integer,
        cods bigint not null,
        id bigint generated by default as identity,
        sector bigint,
        names varchar(255) not null,
        images blob not null,
        primary key (id)
    )
2025-01-18 18:42:03 [main] DEBUG org.hibernate.SQL - 
    create table sectors (
        actives boolean not null,
        version integer,
        id bigint generated by default as identity,
        columns varchar(255) not null,
        row_data varchar(255) not null,
        sector varchar(255) not null,
        shelves varchar(255) not null,
        primary key (id)
    )
2025-01-18 18:42:03 [main] DEBUG org.hibernate.SQL - 
    alter table if exists parts 
       add constraint FK44bpbjjhvt2bd6spralcvfki7 
       foreign key (sector) 
       references sectors
2025-01-18 18:42:07 [main] DEBUG org.hibernate.SQL - 
    insert 
    into
        sectors
        (actives, columns, row_data, sector, shelves, version, id) 
    values
        (?, ?, ?, ?, ?, ?, default)
2025-01-18 18:42:08 [main] DEBUG org.hibernate.SQL - 
    insert 
    into
        parts
        (actives, quantities, cods, images, names, sector, version, id) 
    values
        (?, ?, ?, ?, ?, ?, ?, default)
2025-01-18 18:42:08 [main] DEBUG org.hibernate.SQL - 
    insert 
    into
        sectors
        (actives, columns, row_data, sector, shelves, version, id) 
    values
        (?, ?, ?, ?, ?, ?, default)
2025-01-18 18:42:08 [main] DEBUG org.hibernate.SQL - 
    select
        p1_0.id,
        p1_0.actives,
        p1_0.quantities,
        p1_0.cods,
        p1_0.images,
        p1_0.names,
        s1_0.id,
        s1_0.actives,
        s1_0.columns,
        s1_0.row_data,
        s1_0.sector,
        s1_0.shelves,
        s1_0.version,
        p1_0.version 
    from
        parts p1_0 
    left join
        sectors s1_0 
            on s1_0.id=p1_0.sector 
    where
        p1_0.id=?
2025-01-18 18:42:08 [main] DEBUG org.hibernate.SQL - 
    select
        s1_0.id,
        s1_0.actives,
        s1_0.columns,
        s1_0.row_data,
        s1_0.sector,
        s1_0.shelves,
        s1_0.version 
    from
        sectors s1_0 
    where
        s1_0.id=? 
        and s1_0.actives
2025-01-18 18:42:08 [main] DEBUG org.hibernate.SQL - 
    update
        parts 
    set
        actives=?,
        quantities=?,
        cods=?,
        images=?,
        names=?,
        sector=?,
        version=? 
    where
        id=? 
        and version=?
2025-01-18 18:42:08 [main] DEBUG org.hibernate.SQL - 
    select
        p1_0.id,
        p1_0.actives,
        p1_0.quantities,
        p1_0.cods,
        p1_0.images,
        p1_0.names,
        s1_0.id,
        s1_0.actives,
        s1_0.columns,
        s1_0.row_data,
        s1_0.sector,
        s1_0.shelves,
        s1_0.version,
        p1_0.version 
    from
        parts p1_0 
    left join
        sectors s1_0 
            on s1_0.id=p1_0.sector 
    where
        p1_0.id=?
2025-01-18 18:42:08 [main] DEBUG org.hibernate.SQL - 
    delete 
    from
        parts 
    where
        id=? 
        and version=?
2025-01-18 18:42:08 [main] DEBUG org.hibernate.SQL - 
    select
        s1_0.id,
        s1_0.actives,
        s1_0.columns,
        s1_0.row_data,
        s1_0.sector,
        s1_0.shelves,
        s1_0.version 
    from
        sectors s1_0 
    where
        s1_0.id=?
2025-01-18 18:42:08 [main] DEBUG org.hibernate.SQL - 
    select
        p1_0.sector,
        p1_0.id,
        p1_0.actives,
        p1_0.quantities,
        p1_0.cods,
        p1_0.images,
        p1_0.names,
        p1_0.version 
    from
        parts p1_0 
    where
        p1_0.sector=?
2025-01-18 18:42:08 [main] DEBUG org.hibernate.SQL - 
    delete 
    from
        sectors 
    where
        id=? 
        and version=?
2025-01-18 18:42:08 [main] DEBUG org.hibernate.SQL - 
    select
        s1_0.id,
        s1_0.actives,
        s1_0.columns,
        s1_0.row_data,
        s1_0.sector,
        s1_0.shelves,
        s1_0.version 
    from
        sectors s1_0 
    where
        s1_0.id=?
2025-01-18 18:42:08 [main] DEBUG org.hibernate.SQL - 
    select
        p1_0.sector,
        p1_0.id,
        p1_0.actives,
        p1_0.quantities,
        p1_0.cods,
        p1_0.images,
        p1_0.names,
        p1_0.version 
    from
        parts p1_0 
    where
        p1_0.sector=?
2025-01-18 18:42:08 [main] DEBUG org.hibernate.SQL - 
    delete 
    from
        sectors 
    where
        id=? 
        and version=?
2025-01-18 18:42:08 [main] DEBUG org.hibernate.SQL - 
    select
        p1_0.id,
        p1_0.actives,
        p1_0.quantities,
        p1_0.cods,
        p1_0.images,
        p1_0.names,
        p1_0.sector,
        p1_0.version 
    from
        parts p1_0 
    where
        p1_0.actives 
    order by
        p1_0.id 
    fetch
        first ? rows only
2025-01-18 18:42:08 [main] DEBUG org.hibernate.SQL - 
    insert 
    into
        sectors
        (actives, columns, row_data, sector, shelves, version, id) 
    values
        (?, ?, ?, ?, ?, ?, default)
2025-01-18 18:42:08 [main] DEBUG org.hibernate.SQL - 
    insert 
    into
        parts
        (actives, quantities, cods, images, names, sector, version, id) 
    values
        (?, ?, ?, ?, ?, ?, ?, default)
2025-01-18 18:42:08 [main] DEBUG org.hibernate.SQL - 
    select
        p1_0.id,
        p1_0.actives,
        p1_0.quantities,
        p1_0.cods,
        p1_0.images,
        p1_0.names,
        s1_0.id,
        s1_0.actives,
        s1_0.columns,
        s1_0.row_data,
        s1_0.sector,
        s1_0.shelves,
        s1_0.version,
        p1_0.version 
    from
        parts p1_0 
    left join
        sectors s1_0 
            on s1_0.id=p1_0.sector 
    where
        p1_0.id=?
2025-01-18 18:42:08 [main] DEBUG org.hibernate.SQL - 
    update
        parts 
    set
        actives=?,
        quantities=?,
        cods=?,
        images=?,
        names=?,
        sector=?,
        version=? 
    where
        id=? 
        and version=?
2025-01-18 18:42:08 [main] DEBUG org.hibernate.SQL - 
    select
        p1_0.id,
        p1_0.actives,
        p1_0.quantities,
        p1_0.cods,
        p1_0.images,
        p1_0.names,
        s1_0.id,
        s1_0.actives,
        s1_0.columns,
        s1_0.row_data,
        s1_0.sector,
        s1_0.shelves,
        s1_0.version,
        p1_0.version 
    from
        parts p1_0 
    left join
        sectors s1_0 
            on s1_0.id=p1_0.sector 
    where
        p1_0.id=?
2025-01-18 18:42:09 [main] DEBUG org.hibernate.SQL - 
    delete 
    from
        parts 
    where
        id=? 
        and version=?
2025-01-18 18:42:09 [main] DEBUG org.hibernate.SQL - 
    select
        s1_0.id,
        s1_0.actives,
        s1_0.columns,
        s1_0.row_data,
        s1_0.sector,
        s1_0.shelves,
        s1_0.version 
    from
        sectors s1_0 
    where
        s1_0.id=?
2025-01-18 18:42:09 [main] DEBUG org.hibernate.SQL - 
    select
        p1_0.sector,
        p1_0.id,
        p1_0.actives,
        p1_0.quantities,
        p1_0.cods,
        p1_0.images,
        p1_0.names,
        p1_0.version 
    from
        parts p1_0 
    where
        p1_0.sector=?
2025-01-18 18:42:09 [main] DEBUG org.hibernate.SQL - 
    delete 
    from
        sectors 
    where
        id=? 
        and version=?
2025-01-18 18:42:09 [main] DEBUG org.hibernate.SQL - 
    insert 
    into
        sectors
        (actives, columns, row_data, sector, shelves, version, id) 
    values
        (?, ?, ?, ?, ?, ?, default)
2025-01-18 18:42:09 [main] DEBUG org.hibernate.SQL - 
    insert 
    into
        parts
        (actives, quantities, cods, images, names, sector, version, id) 
    values
        (?, ?, ?, ?, ?, ?, ?, default)
2025-01-18 18:42:09 [main] DEBUG org.hibernate.SQL - 
    select
        p1_0.id,
        p1_0.actives,
        p1_0.quantities,
        p1_0.cods,
        p1_0.images,
        p1_0.names,
        p1_0.sector,
        p1_0.version 
    from
        parts p1_0 
    where
        p1_0.id=? 
        and p1_0.actives
2025-01-18 18:42:09 [main] DEBUG org.hibernate.SQL - 
    select
        s1_0.id,
        s1_0.actives,
        s1_0.columns,
        s1_0.row_data,
        s1_0.sector,
        s1_0.shelves,
        s1_0.version 
    from
        sectors s1_0 
    where
        s1_0.id=?
2025-01-18 18:42:09 [main] DEBUG org.hibernate.SQL - 
    select
        p1_0.id,
        p1_0.actives,
        p1_0.quantities,
        p1_0.cods,
        p1_0.images,
        p1_0.names,
        s1_0.id,
        s1_0.actives,
        s1_0.columns,
        s1_0.row_data,
        s1_0.sector,
        s1_0.shelves,
        s1_0.version,
        p1_0.version 
    from
        parts p1_0 
    left join
        sectors s1_0 
            on s1_0.id=p1_0.sector 
    where
        p1_0.id=?
2025-01-18 18:42:09 [main] DEBUG org.hibernate.SQL - 
    delete 
    from
        parts 
    where
        id=? 
        and version=?
2025-01-18 18:42:09 [main] DEBUG org.hibernate.SQL - 
    select
        s1_0.id,
        s1_0.actives,
        s1_0.columns,
        s1_0.row_data,
        s1_0.sector,
        s1_0.shelves,
        s1_0.version 
    from
        sectors s1_0 
    where
        s1_0.id=?
2025-01-18 18:42:09 [main] DEBUG org.hibernate.SQL - 
    select
        p1_0.sector,
        p1_0.id,
        p1_0.actives,
        p1_0.quantities,
        p1_0.cods,
        p1_0.images,
        p1_0.names,
        p1_0.version 
    from
        parts p1_0 
    where
        p1_0.sector=?
2025-01-18 18:42:09 [main] DEBUG org.hibernate.SQL - 
    delete 
    from
        sectors 
    where
        id=? 
        and version=?
2025-01-18 18:42:09 [main] DEBUG org.hibernate.SQL - 
    insert 
    into
        sectors
        (actives, columns, row_data, sector, shelves, version, id) 
    values
        (?, ?, ?, ?, ?, ?, default)
2025-01-18 18:42:09 [main] DEBUG org.hibernate.SQL - 
    select
        s1_0.id,
        s1_0.actives,
        s1_0.columns,
        s1_0.row_data,
        s1_0.sector,
        s1_0.shelves,
        s1_0.version 
    from
        sectors s1_0 
    where
        s1_0.id=?
2025-01-18 18:42:09 [main] DEBUG org.hibernate.SQL - 
    select
        p1_0.id 
    from
        parts p1_0 
    where
        p1_0.cods=? 
        and p1_0.names=? 
        and p1_0.sector=? 
    fetch
        first ? rows only
2025-01-18 18:42:09 [main] DEBUG org.hibernate.SQL - 
    insert 
    into
        parts
        (actives, quantities, cods, images, names, sector, version, id) 
    values
        (?, ?, ?, ?, ?, ?, ?, default)
2025-01-18 18:42:09 [main] DEBUG org.hibernate.SQL - 
    select
        s1_0.id,
        s1_0.actives,
        s1_0.columns,
        s1_0.row_data,
        s1_0.sector,
        s1_0.shelves,
        s1_0.version 
    from
        sectors s1_0 
    where
        s1_0.id=?
2025-01-18 18:42:09 [main] DEBUG org.hibernate.SQL - 
    select
        p1_0.sector,
        p1_0.id,
        p1_0.actives,
        p1_0.quantities,
        p1_0.cods,
        p1_0.images,
        p1_0.names,
        p1_0.version 
    from
        parts p1_0 
    where
        p1_0.sector=?
2025-01-18 18:42:09 [main] DEBUG org.hibernate.SQL - 
    delete 
    from
        parts 
    where
        id=? 
        and version=?
2025-01-18 18:42:09 [main] DEBUG org.hibernate.SQL - 
    delete 
    from
        sectors 
    where
        id=? 
        and version=?
2025-01-18 18:42:09 [main] DEBUG org.hibernate.SQL - 
    insert 
    into
        sectors
        (actives, columns, row_data, sector, shelves, version, id) 
    values
        (?, ?, ?, ?, ?, ?, default)
2025-01-18 18:42:09 [main] DEBUG org.hibernate.SQL - 
    insert 
    into
        parts
        (actives, quantities, cods, images, names, sector, version, id) 
    values
        (?, ?, ?, ?, ?, ?, ?, default)
2025-01-18 18:42:09 [main] DEBUG org.hibernate.SQL - 
    insert 
    into
        sectors
        (actives, columns, row_data, sector, shelves, version, id) 
    values
        (?, ?, ?, ?, ?, ?, default)
2025-01-18 18:42:09 [main] DEBUG org.hibernate.SQL - 
    insert 
    into
        parts
        (actives, quantities, cods, images, names, sector, version, id) 
    values
        (?, ?, ?, ?, ?, ?, ?, default)
2025-01-18 18:42:09 [main] DEBUG org.hibernate.SQL - 
    select
        p1_0.id,
        p1_0.actives,
        p1_0.quantities,
        p1_0.cods,
        p1_0.images,
        p1_0.names,
        p1_0.sector,
        p1_0.version 
    from
        parts p1_0 
    where
        upper(p1_0.names) like upper(?) escape '\' 
        and p1_0.actives 
    order by
        p1_0.id 
    fetch
        first ? rows only
2025-01-18 18:42:09 [main] DEBUG org.hibernate.SQL - 
    select
        s1_0.id,
        s1_0.actives,
        s1_0.columns,
        s1_0.row_data,
        s1_0.sector,
        s1_0.shelves,
        s1_0.version 
    from
        sectors s1_0 
    where
        s1_0.id=?
2025-01-18 18:42:09 [main] DEBUG org.hibernate.SQL - 
    select
        s1_0.id,
        s1_0.actives,
        s1_0.columns,
        s1_0.row_data,
        s1_0.sector,
        s1_0.shelves,
        s1_0.version 
    from
        sectors s1_0 
    where
        s1_0.id=?
2025-01-18 18:42:09 [main] DEBUG org.hibernate.SQL - 
    select
        p1_0.id,
        p1_0.actives,
        p1_0.quantities,
        p1_0.cods,
        p1_0.images,
        p1_0.names,
        s1_0.id,
        s1_0.actives,
        s1_0.columns,
        s1_0.row_data,
        s1_0.sector,
        s1_0.shelves,
        s1_0.version,
        p1_0.version 
    from
        parts p1_0 
    left join
        sectors s1_0 
            on s1_0.id=p1_0.sector 
    where
        p1_0.id=?
2025-01-18 18:42:09 [main] DEBUG org.hibernate.SQL - 
    delete 
    from
        parts 
    where
        id=? 
        and version=?
2025-01-18 18:42:09 [main] DEBUG org.hibernate.SQL - 
    select
        s1_0.id,
        s1_0.actives,
        s1_0.columns,
        s1_0.row_data,
        s1_0.sector,
        s1_0.shelves,
        s1_0.version 
    from
        sectors s1_0 
    where
        s1_0.id=?
2025-01-18 18:42:09 [main] DEBUG org.hibernate.SQL - 
    select
        p1_0.sector,
        p1_0.id,
        p1_0.actives,
        p1_0.quantities,
        p1_0.cods,
        p1_0.images,
        p1_0.names,
        p1_0.version 
    from
        parts p1_0 
    where
        p1_0.sector=?
2025-01-18 18:42:09 [main] DEBUG org.hibernate.SQL - 
    delete 
    from
        sectors 
    where
        id=? 
        and version=?
2025-01-18 18:42:09 [main] DEBUG org.hibernate.SQL - 
    select
        p1_0.id,
        p1_0.actives,
        p1_0.quantities,
        p1_0.cods,
        p1_0.images,
        p1_0.names,
        s1_0.id,
        s1_0.actives,
        s1_0.columns,
        s1_0.row_data,
        s1_0.sector,
        s1_0.shelves,
        s1_0.version,
        p1_0.version 
    from
        parts p1_0 
    left join
        sectors s1_0 
            on s1_0.id=p1_0.sector 
    where
        p1_0.id=?
2025-01-18 18:42:09 [main] DEBUG org.hibernate.SQL - 
    delete 
    from
        parts 
    where
        id=? 
        and version=?
2025-01-18 18:42:09 [main] DEBUG org.hibernate.SQL - 
    select
        s1_0.id,
        s1_0.actives,
        s1_0.columns,
        s1_0.row_data,
        s1_0.sector,
        s1_0.shelves,
        s1_0.version 
    from
        sectors s1_0 
    where
        s1_0.id=?
2025-01-18 18:42:09 [main] DEBUG org.hibernate.SQL - 
    select
        p1_0.sector,
        p1_0.id,
        p1_0.actives,
        p1_0.quantities,
        p1_0.cods,
        p1_0.images,
        p1_0.names,
        p1_0.version 
    from
        parts p1_0 
    where
        p1_0.sector=?
2025-01-18 18:42:09 [main] DEBUG org.hibernate.SQL - 
    delete 
    from
        sectors 
    where
        id=? 
        and version=?
2025-01-18 18:42:09 [main] DEBUG org.hibernate.SQL - 
    insert 
    into
        sectors
        (actives, columns, row_data, sector, shelves, version, id) 
    values
        (?, ?, ?, ?, ?, ?, default)
2025-01-18 18:42:09 [main] DEBUG org.hibernate.SQL - 
    insert 
    into
        parts
        (actives, quantities, cods, images, names, sector, version, id) 
    values
        (?, ?, ?, ?, ?, ?, ?, default)
2025-01-18 18:42:09 [main] DEBUG org.hibernate.SQL - 
    select
        p1_0.id,
        p1_0.actives,
        p1_0.quantities,
        p1_0.cods,
        p1_0.images,
        p1_0.names,
        p1_0.sector,
        p1_0.version 
    from
        parts p1_0 
    where
        p1_0.cods=? 
        and p1_0.actives
2025-01-18 18:42:09 [main] DEBUG org.hibernate.SQL - 
    select
        s1_0.id,
        s1_0.actives,
        s1_0.columns,
        s1_0.row_data,
        s1_0.sector,
        s1_0.shelves,
        s1_0.version 
    from
        sectors s1_0 
    where
        s1_0.id=?
2025-01-18 18:42:09 [main] DEBUG org.hibernate.SQL - 
    select
        p1_0.id,
        p1_0.actives,
        p1_0.quantities,
        p1_0.cods,
        p1_0.images,
        p1_0.names,
        s1_0.id,
        s1_0.actives,
        s1_0.columns,
        s1_0.row_data,
        s1_0.sector,
        s1_0.shelves,
        s1_0.version,
        p1_0.version 
    from
        parts p1_0 
    left join
        sectors s1_0 
            on s1_0.id=p1_0.sector 
    where
        p1_0.id=?
2025-01-18 18:42:09 [main] DEBUG org.hibernate.SQL - 
    delete 
    from
        parts 
    where
        id=? 
        and version=?
2025-01-18 18:42:09 [main] DEBUG org.hibernate.SQL - 
    select
        s1_0.id,
        s1_0.actives,
        s1_0.columns,
        s1_0.row_data,
        s1_0.sector,
        s1_0.shelves,
        s1_0.version 
    from
        sectors s1_0 
    where
        s1_0.id=?
2025-01-18 18:42:09 [main] DEBUG org.hibernate.SQL - 
    select
        p1_0.sector,
        p1_0.id,
        p1_0.actives,
        p1_0.quantities,
        p1_0.cods,
        p1_0.images,
        p1_0.names,
        p1_0.version 
    from
        parts p1_0 
    where
        p1_0.sector=?
2025-01-18 18:42:09 [main] DEBUG org.hibernate.SQL - 
    delete 
    from
        sectors 
    where
        id=? 
        and version=?
2025-01-18 18:42:09 [main] DEBUG org.hibernate.SQL - 
    insert 
    into
        sectors
        (actives, columns, row_data, sector, shelves, version, id) 
    values
        (?, ?, ?, ?, ?, ?, default)
2025-01-18 18:42:10 [main] DEBUG org.hibernate.SQL - 
    insert 
    into
        parts
        (actives, quantities, cods, images, names, sector, version, id) 
    values
        (?, ?, ?, ?, ?, ?, ?, default)
2025-01-18 18:42:10 [main] DEBUG org.hibernate.SQL - 
    select
        p1_0.id,
        p1_0.actives,
        p1_0.quantities,
        p1_0.cods,
        p1_0.images,
        p1_0.names,
        p1_0.sector,
        p1_0.version 
    from
        parts p1_0 
    where
        p1_0.cods=? 
        or upper(p1_0.names) like upper(?) escape '\' 
        and p1_0.actives 
    order by
        p1_0.id 
    fetch
        first ? rows only
2025-01-18 18:42:10 [main] DEBUG org.hibernate.SQL - 
    select
        s1_0.id,
        s1_0.actives,
        s1_0.columns,
        s1_0.row_data,
        s1_0.sector,
        s1_0.shelves,
        s1_0.version 
    from
        sectors s1_0 
    where
        s1_0.id=?
2025-01-18 18:42:10 [main] DEBUG org.hibernate.SQL - 
    select
        p1_0.id,
        p1_0.actives,
        p1_0.quantities,
        p1_0.cods,
        p1_0.images,
        p1_0.names,
        s1_0.id,
        s1_0.actives,
        s1_0.columns,
        s1_0.row_data,
        s1_0.sector,
        s1_0.shelves,
        s1_0.version,
        p1_0.version 
    from
        parts p1_0 
    left join
        sectors s1_0 
            on s1_0.id=p1_0.sector 
    where
        p1_0.id=?
2025-01-18 18:42:10 [main] DEBUG org.hibernate.SQL - 
    delete 
    from
        parts 
    where
        id=? 
        and version=?
2025-01-18 18:42:10 [main] DEBUG org.hibernate.SQL - 
    select
        s1_0.id,
        s1_0.actives,
        s1_0.columns,
        s1_0.row_data,
        s1_0.sector,
        s1_0.shelves,
        s1_0.version 
    from
        sectors s1_0 
    where
        s1_0.id=?
2025-01-18 18:42:10 [main] DEBUG org.hibernate.SQL - 
    select
        p1_0.sector,
        p1_0.id,
        p1_0.actives,
        p1_0.quantities,
        p1_0.cods,
        p1_0.images,
        p1_0.names,
        p1_0.version 
    from
        parts p1_0 
    where
        p1_0.sector=?
2025-01-18 18:42:10 [main] DEBUG org.hibernate.SQL - 
    delete 
    from
        sectors 
    where
        id=? 
        and version=?
2025-01-18 18:42:11 [main] DEBUG org.hibernate.SQL - 
    select
        s1_0.id,
        s1_0.actives,
        s1_0.columns,
        s1_0.row_data,
        s1_0.sector,
        s1_0.shelves,
        s1_0.version 
    from
        sectors s1_0 
    where
        s1_0.actives 
    order by
        s1_0.id 
    fetch
        first ? rows only
2025-01-18 18:42:11 [main] DEBUG org.hibernate.SQL - 
    insert 
    into
        sectors
        (actives, columns, row_data, sector, shelves, version, id) 
    values
        (?, ?, ?, ?, ?, ?, default)
2025-01-18 18:42:11 [main] DEBUG org.hibernate.SQL - 
    select
        s1_0.id,
        s1_0.actives,
        s1_0.columns,
        s1_0.row_data,
        s1_0.sector,
        s1_0.shelves,
        s1_0.version 
    from
        sectors s1_0 
    where
        s1_0.id=? 
        and s1_0.actives
2025-01-18 18:42:11 [main] DEBUG org.hibernate.SQL - 
    update
        sectors 
    set
        actives=?,
        columns=?,
        row_data=?,
        sector=?,
        shelves=?,
        version=? 
    where
        id=? 
        and version=?
2025-01-18 18:42:11 [main] DEBUG org.hibernate.SQL - 
    select
        s1_0.id,
        s1_0.actives,
        s1_0.columns,
        s1_0.row_data,
        s1_0.sector,
        s1_0.shelves,
        s1_0.version 
    from
        sectors s1_0 
    where
        s1_0.id=?
2025-01-18 18:42:11 [main] DEBUG org.hibernate.SQL - 
    select
        p1_0.sector,
        p1_0.id,
        p1_0.actives,
        p1_0.quantities,
        p1_0.cods,
        p1_0.images,
        p1_0.names,
        p1_0.version 
    from
        parts p1_0 
    where
        p1_0.sector=?
2025-01-18 18:42:11 [main] DEBUG org.hibernate.SQL - 
    delete 
    from
        sectors 
    where
        id=? 
        and version=?
2025-01-18 18:42:11 [main] DEBUG org.hibernate.SQL - 
    insert 
    into
        sectors
        (actives, columns, row_data, sector, shelves, version, id) 
    values
        (?, ?, ?, ?, ?, ?, default)
2025-01-18 18:42:12 [main] DEBUG org.hibernate.SQL - 
    select
        s1_0.id,
        s1_0.actives,
        s1_0.columns,
        s1_0.row_data,
        s1_0.sector,
        s1_0.shelves,
        s1_0.version 
    from
        sectors s1_0 
    where
        s1_0.id=? 
        and s1_0.actives
2025-01-18 18:42:12 [main] DEBUG org.hibernate.SQL - 
    select
        p1_0.sector,
        p1_0.id,
        p1_0.actives,
        p1_0.quantities,
        p1_0.cods,
        p1_0.images,
        p1_0.names,
        p1_0.version 
    from
        parts p1_0 
    where
        p1_0.sector=?
2025-01-18 18:42:12 [main] DEBUG org.hibernate.SQL - 
    select
        s1_0.id,
        s1_0.actives,
        s1_0.columns,
        s1_0.row_data,
        s1_0.sector,
        s1_0.shelves,
        s1_0.version 
    from
        sectors s1_0 
    where
        s1_0.id=?
2025-01-18 18:42:12 [main] DEBUG org.hibernate.SQL - 
    select
        p1_0.sector,
        p1_0.id,
        p1_0.actives,
        p1_0.quantities,
        p1_0.cods,
        p1_0.images,
        p1_0.names,
        p1_0.version 
    from
        parts p1_0 
    where
        p1_0.sector=?
2025-01-18 18:42:12 [main] DEBUG org.hibernate.SQL - 
    delete 
    from
        sectors 
    where
        id=? 
        and version=?
2025-01-18 18:42:12 [main] DEBUG org.hibernate.SQL - 
    select
        s1_0.id 
    from
        sectors s1_0 
    where
        s1_0.sector=? 
        and s1_0.shelves=? 
        and s1_0.columns=? 
        and s1_0.row_data=? 
    fetch
        first ? rows only
2025-01-18 18:42:12 [main] DEBUG org.hibernate.SQL - 
    insert 
    into
        sectors
        (actives, columns, row_data, sector, shelves, version, id) 
    values
        (?, ?, ?, ?, ?, ?, default)
2025-01-18 18:42:12 [main] DEBUG org.hibernate.SQL - 
    insert 
    into
        sectors
        (actives, columns, row_data, sector, shelves, version, id) 
    values
        (?, ?, ?, ?, ?, ?, default)
2025-01-18 18:42:12 [main] DEBUG org.hibernate.SQL - 
    select
        s1_0.id,
        s1_0.actives,
        s1_0.columns,
        s1_0.row_data,
        s1_0.sector,
        s1_0.shelves,
        s1_0.version 
    from
        sectors s1_0 
    where
        s1_0.id=? 
        and s1_0.actives
2025-01-18 18:42:12 [main] DEBUG org.hibernate.SQL - 
    select
        p1_0.sector,
        p1_0.id,
        p1_0.actives,
        p1_0.quantities,
        p1_0.cods,
        p1_0.images,
        p1_0.names,
        p1_0.version 
    from
        parts p1_0 
    where
        p1_0.sector=?
2025-01-18 18:42:12 [main] DEBUG org.hibernate.SQL - 
    select
        s1_0.id,
        s1_0.actives,
        s1_0.columns,
        s1_0.row_data,
        s1_0.sector,
        s1_0.shelves,
        s1_0.version 
    from
        sectors s1_0 
    where
        s1_0.id=?
2025-01-18 18:42:12 [main] DEBUG org.hibernate.SQL - 
    select
        p1_0.sector,
        p1_0.id,
        p1_0.actives,
        p1_0.quantities,
        p1_0.cods,
        p1_0.images,
        p1_0.names,
        p1_0.version 
    from
        parts p1_0 
    where
        p1_0.sector=?
2025-01-18 18:42:12 [main] DEBUG org.hibernate.SQL - 
    delete 
    from
        sectors 
    where
        id=? 
        and version=?
2025-01-18 18:42:12 [SpringApplicationShutdownHook] DEBUG org.hibernate.SQL - 
    drop table if exists parts cascade 
2025-01-18 18:42:12 [SpringApplicationShutdownHook] DEBUG org.hibernate.SQL - 
    drop table if exists sectors cascade 
2025-01-21 19:10:54 [main] DEBUG org.hibernate.SQL - 
    drop table if exists parts cascade 
2025-01-21 19:10:54 [main] DEBUG org.hibernate.SQL - 
    drop table if exists sectors cascade 
2025-01-21 19:10:54 [main] DEBUG org.hibernate.SQL - 
    create table parts (
        actives boolean not null,
        quantities float(53) not null,
        version integer,
        cods bigint not null,
        id bigint generated by default as identity,
        sector bigint,
        names varchar(255) not null,
        images blob not null,
        primary key (id)
    )
2025-01-21 19:10:54 [main] DEBUG org.hibernate.SQL - 
    create table sectors (
        actives boolean not null,
        version integer,
        id bigint generated by default as identity,
        columns varchar(255) not null,
        row_data varchar(255) not null,
        sector varchar(255) not null,
        shelves varchar(255) not null,
        primary key (id)
    )
2025-01-21 19:10:54 [main] DEBUG org.hibernate.SQL - 
    alter table if exists parts 
       add constraint FK44bpbjjhvt2bd6spralcvfki7 
       foreign key (sector) 
       references sectors
2025-01-21 19:11:00 [main] DEBUG org.hibernate.SQL - 
    insert 
    into
        sectors
        (actives, columns, row_data, sector, shelves, version, id) 
    values
        (?, ?, ?, ?, ?, ?, default)
2025-01-21 19:11:01 [main] DEBUG org.hibernate.SQL - 
    insert 
    into
        parts
        (actives, quantities, cods, images, names, sector, version, id) 
    values
        (?, ?, ?, ?, ?, ?, ?, default)
2025-01-21 19:11:01 [main] DEBUG org.hibernate.SQL - 
    insert 
    into
        sectors
        (actives, columns, row_data, sector, shelves, version, id) 
    values
        (?, ?, ?, ?, ?, ?, default)
2025-01-21 19:11:01 [main] DEBUG org.hibernate.SQL - 
    select
        p1_0.id,
        p1_0.actives,
        p1_0.quantities,
        p1_0.cods,
        p1_0.images,
        p1_0.names,
        s1_0.id,
        s1_0.actives,
        s1_0.columns,
        s1_0.row_data,
        s1_0.sector,
        s1_0.shelves,
        s1_0.version,
        p1_0.version 
    from
        parts p1_0 
    left join
        sectors s1_0 
            on s1_0.id=p1_0.sector 
    where
        p1_0.id=?
2025-01-21 19:11:01 [main] DEBUG org.hibernate.SQL - 
    select
        s1_0.id,
        s1_0.actives,
        s1_0.columns,
        s1_0.row_data,
        s1_0.sector,
        s1_0.shelves,
        s1_0.version 
    from
        sectors s1_0 
    where
        s1_0.id=? 
        and s1_0.actives
2025-01-21 19:11:01 [main] DEBUG org.hibernate.SQL - 
    update
        parts 
    set
        actives=?,
        quantities=?,
        cods=?,
        images=?,
        names=?,
        sector=?,
        version=? 
    where
        id=? 
        and version=?
2025-01-21 19:11:01 [main] DEBUG org.hibernate.SQL - 
    select
        p1_0.id,
        p1_0.actives,
        p1_0.quantities,
        p1_0.cods,
        p1_0.images,
        p1_0.names,
        s1_0.id,
        s1_0.actives,
        s1_0.columns,
        s1_0.row_data,
        s1_0.sector,
        s1_0.shelves,
        s1_0.version,
        p1_0.version 
    from
        parts p1_0 
    left join
        sectors s1_0 
            on s1_0.id=p1_0.sector 
    where
        p1_0.id=?
2025-01-21 19:11:01 [main] DEBUG org.hibernate.SQL - 
    delete 
    from
        parts 
    where
        id=? 
        and version=?
2025-01-21 19:11:01 [main] DEBUG org.hibernate.SQL - 
    select
        s1_0.id,
        s1_0.actives,
        s1_0.columns,
        s1_0.row_data,
        s1_0.sector,
        s1_0.shelves,
        s1_0.version 
    from
        sectors s1_0 
    where
        s1_0.id=?
2025-01-21 19:11:01 [main] DEBUG org.hibernate.SQL - 
    select
        p1_0.sector,
        p1_0.id,
        p1_0.actives,
        p1_0.quantities,
        p1_0.cods,
        p1_0.images,
        p1_0.names,
        p1_0.version 
    from
        parts p1_0 
    where
        p1_0.sector=?
2025-01-21 19:11:01 [main] DEBUG org.hibernate.SQL - 
    delete 
    from
        sectors 
    where
        id=? 
        and version=?
2025-01-21 19:11:01 [main] DEBUG org.hibernate.SQL - 
    select
        s1_0.id,
        s1_0.actives,
        s1_0.columns,
        s1_0.row_data,
        s1_0.sector,
        s1_0.shelves,
        s1_0.version 
    from
        sectors s1_0 
    where
        s1_0.id=?
2025-01-21 19:11:01 [main] DEBUG org.hibernate.SQL - 
    select
        p1_0.sector,
        p1_0.id,
        p1_0.actives,
        p1_0.quantities,
        p1_0.cods,
        p1_0.images,
        p1_0.names,
        p1_0.version 
    from
        parts p1_0 
    where
        p1_0.sector=?
2025-01-21 19:11:01 [main] DEBUG org.hibernate.SQL - 
    delete 
    from
        sectors 
    where
        id=? 
        and version=?
2025-01-21 19:11:02 [main] DEBUG org.hibernate.SQL - 
    select
        p1_0.id,
        p1_0.actives,
        p1_0.quantities,
        p1_0.cods,
        p1_0.images,
        p1_0.names,
        p1_0.sector,
        p1_0.version 
    from
        parts p1_0 
    where
        p1_0.actives 
    order by
        p1_0.id 
    fetch
        first ? rows only
2025-01-21 19:11:02 [main] DEBUG org.hibernate.SQL - 
    insert 
    into
        sectors
        (actives, columns, row_data, sector, shelves, version, id) 
    values
        (?, ?, ?, ?, ?, ?, default)
2025-01-21 19:11:02 [main] DEBUG org.hibernate.SQL - 
    insert 
    into
        parts
        (actives, quantities, cods, images, names, sector, version, id) 
    values
        (?, ?, ?, ?, ?, ?, ?, default)
2025-01-21 19:11:02 [main] DEBUG org.hibernate.SQL - 
    select
        p1_0.id,
        p1_0.actives,
        p1_0.quantities,
        p1_0.cods,
        p1_0.images,
        p1_0.names,
        s1_0.id,
        s1_0.actives,
        s1_0.columns,
        s1_0.row_data,
        s1_0.sector,
        s1_0.shelves,
        s1_0.version,
        p1_0.version 
    from
        parts p1_0 
    left join
        sectors s1_0 
            on s1_0.id=p1_0.sector 
    where
        p1_0.id=?
2025-01-21 19:11:02 [main] DEBUG org.hibernate.SQL - 
    update
        parts 
    set
        actives=?,
        quantities=?,
        cods=?,
        images=?,
        names=?,
        sector=?,
        version=? 
    where
        id=? 
        and version=?
2025-01-21 19:11:02 [main] DEBUG org.hibernate.SQL - 
    select
        p1_0.id,
        p1_0.actives,
        p1_0.quantities,
        p1_0.cods,
        p1_0.images,
        p1_0.names,
        s1_0.id,
        s1_0.actives,
        s1_0.columns,
        s1_0.row_data,
        s1_0.sector,
        s1_0.shelves,
        s1_0.version,
        p1_0.version 
    from
        parts p1_0 
    left join
        sectors s1_0 
            on s1_0.id=p1_0.sector 
    where
        p1_0.id=?
2025-01-21 19:11:02 [main] DEBUG org.hibernate.SQL - 
    delete 
    from
        parts 
    where
        id=? 
        and version=?
2025-01-21 19:11:02 [main] DEBUG org.hibernate.SQL - 
    select
        s1_0.id,
        s1_0.actives,
        s1_0.columns,
        s1_0.row_data,
        s1_0.sector,
        s1_0.shelves,
        s1_0.version 
    from
        sectors s1_0 
    where
        s1_0.id=?
2025-01-21 19:11:02 [main] DEBUG org.hibernate.SQL - 
    select
        p1_0.sector,
        p1_0.id,
        p1_0.actives,
        p1_0.quantities,
        p1_0.cods,
        p1_0.images,
        p1_0.names,
        p1_0.version 
    from
        parts p1_0 
    where
        p1_0.sector=?
2025-01-21 19:11:02 [main] DEBUG org.hibernate.SQL - 
    delete 
    from
        sectors 
    where
        id=? 
        and version=?
2025-01-21 19:11:02 [main] DEBUG org.hibernate.SQL - 
    insert 
    into
        sectors
        (actives, columns, row_data, sector, shelves, version, id) 
    values
        (?, ?, ?, ?, ?, ?, default)
2025-01-21 19:11:02 [main] DEBUG org.hibernate.SQL - 
    insert 
    into
        parts
        (actives, quantities, cods, images, names, sector, version, id) 
    values
        (?, ?, ?, ?, ?, ?, ?, default)
2025-01-21 19:11:02 [main] DEBUG org.hibernate.SQL - 
    select
        p1_0.id,
        p1_0.actives,
        p1_0.quantities,
        p1_0.cods,
        p1_0.images,
        p1_0.names,
        p1_0.sector,
        p1_0.version 
    from
        parts p1_0 
    where
        p1_0.id=? 
        and p1_0.actives
2025-01-21 19:11:02 [main] DEBUG org.hibernate.SQL - 
    select
        s1_0.id,
        s1_0.actives,
        s1_0.columns,
        s1_0.row_data,
        s1_0.sector,
        s1_0.shelves,
        s1_0.version 
    from
        sectors s1_0 
    where
        s1_0.id=?
2025-01-21 19:11:02 [main] DEBUG org.hibernate.SQL - 
    select
        p1_0.id,
        p1_0.actives,
        p1_0.quantities,
        p1_0.cods,
        p1_0.images,
        p1_0.names,
        s1_0.id,
        s1_0.actives,
        s1_0.columns,
        s1_0.row_data,
        s1_0.sector,
        s1_0.shelves,
        s1_0.version,
        p1_0.version 
    from
        parts p1_0 
    left join
        sectors s1_0 
            on s1_0.id=p1_0.sector 
    where
        p1_0.id=?
2025-01-21 19:11:02 [main] DEBUG org.hibernate.SQL - 
    delete 
    from
        parts 
    where
        id=? 
        and version=?
2025-01-21 19:11:02 [main] DEBUG org.hibernate.SQL - 
    select
        s1_0.id,
        s1_0.actives,
        s1_0.columns,
        s1_0.row_data,
        s1_0.sector,
        s1_0.shelves,
        s1_0.version 
    from
        sectors s1_0 
    where
        s1_0.id=?
2025-01-21 19:11:02 [main] DEBUG org.hibernate.SQL - 
    select
        p1_0.sector,
        p1_0.id,
        p1_0.actives,
        p1_0.quantities,
        p1_0.cods,
        p1_0.images,
        p1_0.names,
        p1_0.version 
    from
        parts p1_0 
    where
        p1_0.sector=?
2025-01-21 19:11:02 [main] DEBUG org.hibernate.SQL - 
    delete 
    from
        sectors 
    where
        id=? 
        and version=?
2025-01-21 19:11:02 [main] DEBUG org.hibernate.SQL - 
    insert 
    into
        sectors
        (actives, columns, row_data, sector, shelves, version, id) 
    values
        (?, ?, ?, ?, ?, ?, default)
2025-01-21 19:11:02 [main] DEBUG org.hibernate.SQL - 
    select
        s1_0.id,
        s1_0.actives,
        s1_0.columns,
        s1_0.row_data,
        s1_0.sector,
        s1_0.shelves,
        s1_0.version 
    from
        sectors s1_0 
    where
        s1_0.id=?
2025-01-21 19:11:02 [main] DEBUG org.hibernate.SQL - 
    select
        p1_0.id 
    from
        parts p1_0 
    where
        p1_0.cods=? 
        and p1_0.names=? 
        and p1_0.sector=? 
    fetch
        first ? rows only
2025-01-21 19:11:02 [main] DEBUG org.hibernate.SQL - 
    insert 
    into
        parts
        (actives, quantities, cods, images, names, sector, version, id) 
    values
        (?, ?, ?, ?, ?, ?, ?, default)
2025-01-21 19:11:03 [main] DEBUG org.hibernate.SQL - 
    select
        s1_0.id,
        s1_0.actives,
        s1_0.columns,
        s1_0.row_data,
        s1_0.sector,
        s1_0.shelves,
        s1_0.version 
    from
        sectors s1_0 
    where
        s1_0.id=?
2025-01-21 19:11:03 [main] DEBUG org.hibernate.SQL - 
    select
        p1_0.sector,
        p1_0.id,
        p1_0.actives,
        p1_0.quantities,
        p1_0.cods,
        p1_0.images,
        p1_0.names,
        p1_0.version 
    from
        parts p1_0 
    where
        p1_0.sector=?
2025-01-21 19:11:03 [main] DEBUG org.hibernate.SQL - 
    delete 
    from
        parts 
    where
        id=? 
        and version=?
2025-01-21 19:11:03 [main] DEBUG org.hibernate.SQL - 
    delete 
    from
        sectors 
    where
        id=? 
        and version=?
2025-01-21 19:11:03 [main] DEBUG org.hibernate.SQL - 
    insert 
    into
        sectors
        (actives, columns, row_data, sector, shelves, version, id) 
    values
        (?, ?, ?, ?, ?, ?, default)
2025-01-21 19:11:03 [main] DEBUG org.hibernate.SQL - 
    insert 
    into
        parts
        (actives, quantities, cods, images, names, sector, version, id) 
    values
        (?, ?, ?, ?, ?, ?, ?, default)
2025-01-21 19:11:03 [main] DEBUG org.hibernate.SQL - 
    insert 
    into
        sectors
        (actives, columns, row_data, sector, shelves, version, id) 
    values
        (?, ?, ?, ?, ?, ?, default)
2025-01-21 19:11:03 [main] DEBUG org.hibernate.SQL - 
    insert 
    into
        parts
        (actives, quantities, cods, images, names, sector, version, id) 
    values
        (?, ?, ?, ?, ?, ?, ?, default)
2025-01-21 19:11:03 [main] DEBUG org.hibernate.SQL - 
    select
        p1_0.id,
        p1_0.actives,
        p1_0.quantities,
        p1_0.cods,
        p1_0.images,
        p1_0.names,
        p1_0.sector,
        p1_0.version 
    from
        parts p1_0 
    where
        upper(p1_0.names) like upper(?) escape '\' 
        and p1_0.actives 
    order by
        p1_0.id 
    fetch
        first ? rows only
2025-01-21 19:11:03 [main] DEBUG org.hibernate.SQL - 
    select
        s1_0.id,
        s1_0.actives,
        s1_0.columns,
        s1_0.row_data,
        s1_0.sector,
        s1_0.shelves,
        s1_0.version 
    from
        sectors s1_0 
    where
        s1_0.id=?
2025-01-21 19:11:03 [main] DEBUG org.hibernate.SQL - 
    select
        s1_0.id,
        s1_0.actives,
        s1_0.columns,
        s1_0.row_data,
        s1_0.sector,
        s1_0.shelves,
        s1_0.version 
    from
        sectors s1_0 
    where
        s1_0.id=?
2025-01-21 19:11:03 [main] DEBUG org.hibernate.SQL - 
    select
        p1_0.id,
        p1_0.actives,
        p1_0.quantities,
        p1_0.cods,
        p1_0.images,
        p1_0.names,
        s1_0.id,
        s1_0.actives,
        s1_0.columns,
        s1_0.row_data,
        s1_0.sector,
        s1_0.shelves,
        s1_0.version,
        p1_0.version 
    from
        parts p1_0 
    left join
        sectors s1_0 
            on s1_0.id=p1_0.sector 
    where
        p1_0.id=?
2025-01-21 19:11:03 [main] DEBUG org.hibernate.SQL - 
    delete 
    from
        parts 
    where
        id=? 
        and version=?
2025-01-21 19:11:03 [main] DEBUG org.hibernate.SQL - 
    select
        s1_0.id,
        s1_0.actives,
        s1_0.columns,
        s1_0.row_data,
        s1_0.sector,
        s1_0.shelves,
        s1_0.version 
    from
        sectors s1_0 
    where
        s1_0.id=?
2025-01-21 19:11:03 [main] DEBUG org.hibernate.SQL - 
    select
        p1_0.sector,
        p1_0.id,
        p1_0.actives,
        p1_0.quantities,
        p1_0.cods,
        p1_0.images,
        p1_0.names,
        p1_0.version 
    from
        parts p1_0 
    where
        p1_0.sector=?
2025-01-21 19:11:03 [main] DEBUG org.hibernate.SQL - 
    delete 
    from
        sectors 
    where
        id=? 
        and version=?
2025-01-21 19:11:03 [main] DEBUG org.hibernate.SQL - 
    select
        p1_0.id,
        p1_0.actives,
        p1_0.quantities,
        p1_0.cods,
        p1_0.images,
        p1_0.names,
        s1_0.id,
        s1_0.actives,
        s1_0.columns,
        s1_0.row_data,
        s1_0.sector,
        s1_0.shelves,
        s1_0.version,
        p1_0.version 
    from
        parts p1_0 
    left join
        sectors s1_0 
            on s1_0.id=p1_0.sector 
    where
        p1_0.id=?
2025-01-21 19:11:03 [main] DEBUG org.hibernate.SQL - 
    delete 
    from
        parts 
    where
        id=? 
        and version=?
2025-01-21 19:11:03 [main] DEBUG org.hibernate.SQL - 
    select
        s1_0.id,
        s1_0.actives,
        s1_0.columns,
        s1_0.row_data,
        s1_0.sector,
        s1_0.shelves,
        s1_0.version 
    from
        sectors s1_0 
    where
        s1_0.id=?
2025-01-21 19:11:03 [main] DEBUG org.hibernate.SQL - 
    select
        p1_0.sector,
        p1_0.id,
        p1_0.actives,
        p1_0.quantities,
        p1_0.cods,
        p1_0.images,
        p1_0.names,
        p1_0.version 
    from
        parts p1_0 
    where
        p1_0.sector=?
2025-01-21 19:11:03 [main] DEBUG org.hibernate.SQL - 
    delete 
    from
        sectors 
    where
        id=? 
        and version=?
2025-01-21 19:11:03 [main] DEBUG org.hibernate.SQL - 
    insert 
    into
        sectors
        (actives, columns, row_data, sector, shelves, version, id) 
    values
        (?, ?, ?, ?, ?, ?, default)
2025-01-21 19:11:03 [main] DEBUG org.hibernate.SQL - 
    insert 
    into
        parts
        (actives, quantities, cods, images, names, sector, version, id) 
    values
        (?, ?, ?, ?, ?, ?, ?, default)
2025-01-21 19:11:03 [main] DEBUG org.hibernate.SQL - 
    select
        p1_0.id,
        p1_0.actives,
        p1_0.quantities,
        p1_0.cods,
        p1_0.images,
        p1_0.names,
        p1_0.sector,
        p1_0.version 
    from
        parts p1_0 
    where
        p1_0.cods=? 
        and p1_0.actives
2025-01-21 19:11:03 [main] DEBUG org.hibernate.SQL - 
    select
        s1_0.id,
        s1_0.actives,
        s1_0.columns,
        s1_0.row_data,
        s1_0.sector,
        s1_0.shelves,
        s1_0.version 
    from
        sectors s1_0 
    where
        s1_0.id=?
2025-01-21 19:11:03 [main] DEBUG org.hibernate.SQL - 
    select
        p1_0.id,
        p1_0.actives,
        p1_0.quantities,
        p1_0.cods,
        p1_0.images,
        p1_0.names,
        s1_0.id,
        s1_0.actives,
        s1_0.columns,
        s1_0.row_data,
        s1_0.sector,
        s1_0.shelves,
        s1_0.version,
        p1_0.version 
    from
        parts p1_0 
    left join
        sectors s1_0 
            on s1_0.id=p1_0.sector 
    where
        p1_0.id=?
2025-01-21 19:11:03 [main] DEBUG org.hibernate.SQL - 
    delete 
    from
        parts 
    where
        id=? 
        and version=?
2025-01-21 19:11:03 [main] DEBUG org.hibernate.SQL - 
    select
        s1_0.id,
        s1_0.actives,
        s1_0.columns,
        s1_0.row_data,
        s1_0.sector,
        s1_0.shelves,
        s1_0.version 
    from
        sectors s1_0 
    where
        s1_0.id=?
2025-01-21 19:11:03 [main] DEBUG org.hibernate.SQL - 
    select
        p1_0.sector,
        p1_0.id,
        p1_0.actives,
        p1_0.quantities,
        p1_0.cods,
        p1_0.images,
        p1_0.names,
        p1_0.version 
    from
        parts p1_0 
    where
        p1_0.sector=?
2025-01-21 19:11:03 [main] DEBUG org.hibernate.SQL - 
    delete 
    from
        sectors 
    where
        id=? 
        and version=?
2025-01-21 19:11:03 [main] DEBUG org.hibernate.SQL - 
    insert 
    into
        sectors
        (actives, columns, row_data, sector, shelves, version, id) 
    values
        (?, ?, ?, ?, ?, ?, default)
2025-01-21 19:11:03 [main] DEBUG org.hibernate.SQL - 
    insert 
    into
        parts
        (actives, quantities, cods, images, names, sector, version, id) 
    values
        (?, ?, ?, ?, ?, ?, ?, default)
2025-01-21 19:11:03 [main] DEBUG org.hibernate.SQL - 
    select
        p1_0.id,
        p1_0.actives,
        p1_0.quantities,
        p1_0.cods,
        p1_0.images,
        p1_0.names,
        p1_0.sector,
        p1_0.version 
    from
        parts p1_0 
    where
        p1_0.cods=? 
        or upper(p1_0.names) like upper(?) escape '\' 
        and p1_0.actives 
    order by
        p1_0.id 
    fetch
        first ? rows only
2025-01-21 19:11:03 [main] DEBUG org.hibernate.SQL - 
    select
        s1_0.id,
        s1_0.actives,
        s1_0.columns,
        s1_0.row_data,
        s1_0.sector,
        s1_0.shelves,
        s1_0.version 
    from
        sectors s1_0 
    where
        s1_0.id=?
2025-01-21 19:11:03 [main] DEBUG org.hibernate.SQL - 
    select
        p1_0.id,
        p1_0.actives,
        p1_0.quantities,
        p1_0.cods,
        p1_0.images,
        p1_0.names,
        s1_0.id,
        s1_0.actives,
        s1_0.columns,
        s1_0.row_data,
        s1_0.sector,
        s1_0.shelves,
        s1_0.version,
        p1_0.version 
    from
        parts p1_0 
    left join
        sectors s1_0 
            on s1_0.id=p1_0.sector 
    where
        p1_0.id=?
2025-01-21 19:11:03 [main] DEBUG org.hibernate.SQL - 
    delete 
    from
        parts 
    where
        id=? 
        and version=?
2025-01-21 19:11:03 [main] DEBUG org.hibernate.SQL - 
    select
        s1_0.id,
        s1_0.actives,
        s1_0.columns,
        s1_0.row_data,
        s1_0.sector,
        s1_0.shelves,
        s1_0.version 
    from
        sectors s1_0 
    where
        s1_0.id=?
2025-01-21 19:11:03 [main] DEBUG org.hibernate.SQL - 
    select
        p1_0.sector,
        p1_0.id,
        p1_0.actives,
        p1_0.quantities,
        p1_0.cods,
        p1_0.images,
        p1_0.names,
        p1_0.version 
    from
        parts p1_0 
    where
        p1_0.sector=?
2025-01-21 19:11:03 [main] DEBUG org.hibernate.SQL - 
    delete 
    from
        sectors 
    where
        id=? 
        and version=?
2025-01-21 19:11:03 [main] DEBUG org.hibernate.SQL - 
    select
        s1_0.id,
        s1_0.actives,
        s1_0.columns,
        s1_0.row_data,
        s1_0.sector,
        s1_0.shelves,
        s1_0.version 
    from
        sectors s1_0 
    where
        s1_0.actives 
    order by
        s1_0.id 
    fetch
        first ? rows only
2025-01-21 19:11:03 [main] DEBUG org.hibernate.SQL - 
    insert 
    into
        sectors
        (actives, columns, row_data, sector, shelves, version, id) 
    values
        (?, ?, ?, ?, ?, ?, default)
2025-01-21 19:11:03 [main] DEBUG org.hibernate.SQL - 
    select
        s1_0.id,
        s1_0.actives,
        s1_0.columns,
        s1_0.row_data,
        s1_0.sector,
        s1_0.shelves,
        s1_0.version 
    from
        sectors s1_0 
    where
        s1_0.id=? 
        and s1_0.actives
2025-01-21 19:11:03 [main] DEBUG org.hibernate.SQL - 
    update
        sectors 
    set
        actives=?,
        columns=?,
        row_data=?,
        sector=?,
        shelves=?,
        version=? 
    where
        id=? 
        and version=?
2025-01-21 19:11:03 [main] DEBUG org.hibernate.SQL - 
    select
        s1_0.id,
        s1_0.actives,
        s1_0.columns,
        s1_0.row_data,
        s1_0.sector,
        s1_0.shelves,
        s1_0.version 
    from
        sectors s1_0 
    where
        s1_0.id=?
2025-01-21 19:11:03 [main] DEBUG org.hibernate.SQL - 
    select
        p1_0.sector,
        p1_0.id,
        p1_0.actives,
        p1_0.quantities,
        p1_0.cods,
        p1_0.images,
        p1_0.names,
        p1_0.version 
    from
        parts p1_0 
    where
        p1_0.sector=?
2025-01-21 19:11:03 [main] DEBUG org.hibernate.SQL - 
    delete 
    from
        sectors 
    where
        id=? 
        and version=?
2025-01-21 19:11:03 [main] DEBUG org.hibernate.SQL - 
    insert 
    into
        sectors
        (actives, columns, row_data, sector, shelves, version, id) 
    values
        (?, ?, ?, ?, ?, ?, default)
2025-01-21 19:11:03 [main] DEBUG org.hibernate.SQL - 
    select
        s1_0.id,
        s1_0.actives,
        s1_0.columns,
        s1_0.row_data,
        s1_0.sector,
        s1_0.shelves,
        s1_0.version 
    from
        sectors s1_0 
    where
        s1_0.id=? 
        and s1_0.actives
2025-01-21 19:11:03 [main] DEBUG org.hibernate.SQL - 
    select
        p1_0.sector,
        p1_0.id,
        p1_0.actives,
        p1_0.quantities,
        p1_0.cods,
        p1_0.images,
        p1_0.names,
        p1_0.version 
    from
        parts p1_0 
    where
        p1_0.sector=?
2025-01-21 19:11:03 [main] DEBUG org.hibernate.SQL - 
    select
        s1_0.id,
        s1_0.actives,
        s1_0.columns,
        s1_0.row_data,
        s1_0.sector,
        s1_0.shelves,
        s1_0.version 
    from
        sectors s1_0 
    where
        s1_0.id=?
2025-01-21 19:11:03 [main] DEBUG org.hibernate.SQL - 
    select
        p1_0.sector,
        p1_0.id,
        p1_0.actives,
        p1_0.quantities,
        p1_0.cods,
        p1_0.images,
        p1_0.names,
        p1_0.version 
    from
        parts p1_0 
    where
        p1_0.sector=?
2025-01-21 19:11:03 [main] DEBUG org.hibernate.SQL - 
    delete 
    from
        sectors 
    where
        id=? 
        and version=?
2025-01-21 19:11:04 [main] DEBUG org.hibernate.SQL - 
    select
        s1_0.id 
    from
        sectors s1_0 
    where
        s1_0.sector=? 
        and s1_0.shelves=? 
        and s1_0.columns=? 
        and s1_0.row_data=? 
    fetch
        first ? rows only
2025-01-21 19:11:04 [main] DEBUG org.hibernate.SQL - 
    insert 
    into
        sectors
        (actives, columns, row_data, sector, shelves, version, id) 
    values
        (?, ?, ?, ?, ?, ?, default)
2025-01-21 19:11:04 [main] DEBUG org.hibernate.SQL - 
    insert 
    into
        sectors
        (actives, columns, row_data, sector, shelves, version, id) 
    values
        (?, ?, ?, ?, ?, ?, default)
2025-01-21 19:11:04 [main] DEBUG org.hibernate.SQL - 
    select
        s1_0.id,
        s1_0.actives,
        s1_0.columns,
        s1_0.row_data,
        s1_0.sector,
        s1_0.shelves,
        s1_0.version 
    from
        sectors s1_0 
    where
        s1_0.id=? 
        and s1_0.actives
2025-01-21 19:11:04 [main] DEBUG org.hibernate.SQL - 
    select
        p1_0.sector,
        p1_0.id,
        p1_0.actives,
        p1_0.quantities,
        p1_0.cods,
        p1_0.images,
        p1_0.names,
        p1_0.version 
    from
        parts p1_0 
    where
        p1_0.sector=?
2025-01-21 19:11:04 [main] DEBUG org.hibernate.SQL - 
    select
        s1_0.id,
        s1_0.actives,
        s1_0.columns,
        s1_0.row_data,
        s1_0.sector,
        s1_0.shelves,
        s1_0.version 
    from
        sectors s1_0 
    where
        s1_0.id=?
2025-01-21 19:11:04 [main] DEBUG org.hibernate.SQL - 
    select
        p1_0.sector,
        p1_0.id,
        p1_0.actives,
        p1_0.quantities,
        p1_0.cods,
        p1_0.images,
        p1_0.names,
        p1_0.version 
    from
        parts p1_0 
    where
        p1_0.sector=?
2025-01-21 19:11:04 [main] DEBUG org.hibernate.SQL - 
    delete 
    from
        sectors 
    where
        id=? 
        and version=?
2025-01-21 19:11:06 [SpringApplicationShutdownHook] DEBUG org.hibernate.SQL - 
    drop table if exists parts cascade 
2025-01-21 19:11:06 [SpringApplicationShutdownHook] DEBUG org.hibernate.SQL - 
    drop table if exists sectors cascade 
2025-01-21 19:14:06 [http-nio-8080-exec-4] DEBUG org.hibernate.SQL - select p1_0.id,p1_0.actives,p1_0.quantities,p1_0.cods,p1_0.images,p1_0.names,p1_0.sector,p1_0.version from parts p1_0 where p1_0.actives order by p1_0.id limit ?
2025-01-21 19:14:06 [http-nio-8080-exec-4] DEBUG org.hibernate.SQL - select s1_0.id,s1_0.actives,s1_0.columns,s1_0.row_data,s1_0.sector,s1_0.shelves,s1_0.version from sectors s1_0 where s1_0.id=?
2025-01-21 19:52:00 [main] DEBUG org.hibernate.SQL - 
    drop table if exists parts cascade 
2025-01-21 19:52:00 [main] DEBUG org.hibernate.SQL - 
    drop table if exists sectors cascade 
2025-01-21 19:52:00 [main] DEBUG org.hibernate.SQL - 
    create table parts (
        actives boolean not null,
        quantities float(53) not null,
        version integer,
        cods bigint not null,
        id bigint generated by default as identity,
        sector bigint,
        names varchar(255) not null,
        images blob not null,
        primary key (id)
    )
2025-01-21 19:52:00 [main] DEBUG org.hibernate.SQL - 
    create table sectors (
        actives boolean not null,
        version integer,
        id bigint generated by default as identity,
        columns varchar(255) not null,
        row_data varchar(255) not null,
        sector varchar(255) not null,
        shelves varchar(255) not null,
        primary key (id)
    )
2025-01-21 19:52:00 [main] DEBUG org.hibernate.SQL - 
    alter table if exists parts 
       add constraint FK44bpbjjhvt2bd6spralcvfki7 
       foreign key (sector) 
       references sectors
2025-01-21 19:52:06 [main] DEBUG org.hibernate.SQL - 
    insert 
    into
        sectors
        (actives, columns, row_data, sector, shelves, version, id) 
    values
        (?, ?, ?, ?, ?, ?, default)
2025-01-21 19:52:07 [main] DEBUG org.hibernate.SQL - 
    insert 
    into
        parts
        (actives, quantities, cods, images, names, sector, version, id) 
    values
        (?, ?, ?, ?, ?, ?, ?, default)
2025-01-21 19:52:07 [main] DEBUG org.hibernate.SQL - 
    insert 
    into
        sectors
        (actives, columns, row_data, sector, shelves, version, id) 
    values
        (?, ?, ?, ?, ?, ?, default)
2025-01-21 19:52:07 [main] DEBUG org.hibernate.SQL - 
    select
        p1_0.id,
        p1_0.actives,
        p1_0.quantities,
        p1_0.cods,
        p1_0.images,
        p1_0.names,
        s1_0.id,
        s1_0.actives,
        s1_0.columns,
        s1_0.row_data,
        s1_0.sector,
        s1_0.shelves,
        s1_0.version,
        p1_0.version 
    from
        parts p1_0 
    left join
        sectors s1_0 
            on s1_0.id=p1_0.sector 
    where
        p1_0.id=?
2025-01-21 19:52:07 [main] DEBUG org.hibernate.SQL - 
    select
        s1_0.id,
        s1_0.actives,
        s1_0.columns,
        s1_0.row_data,
        s1_0.sector,
        s1_0.shelves,
        s1_0.version 
    from
        sectors s1_0 
    where
        s1_0.id=? 
        and s1_0.actives
2025-01-21 19:52:07 [main] DEBUG org.hibernate.SQL - 
    update
        parts 
    set
        actives=?,
        quantities=?,
        cods=?,
        images=?,
        names=?,
        sector=?,
        version=? 
    where
        id=? 
        and version=?
2025-01-21 19:52:07 [main] DEBUG org.hibernate.SQL - 
    select
        p1_0.id,
        p1_0.actives,
        p1_0.quantities,
        p1_0.cods,
        p1_0.images,
        p1_0.names,
        s1_0.id,
        s1_0.actives,
        s1_0.columns,
        s1_0.row_data,
        s1_0.sector,
        s1_0.shelves,
        s1_0.version,
        p1_0.version 
    from
        parts p1_0 
    left join
        sectors s1_0 
            on s1_0.id=p1_0.sector 
    where
        p1_0.id=?
2025-01-21 19:52:07 [main] DEBUG org.hibernate.SQL - 
    delete 
    from
        parts 
    where
        id=? 
        and version=?
2025-01-21 19:52:07 [main] DEBUG org.hibernate.SQL - 
    select
        s1_0.id,
        s1_0.actives,
        s1_0.columns,
        s1_0.row_data,
        s1_0.sector,
        s1_0.shelves,
        s1_0.version 
    from
        sectors s1_0 
    where
        s1_0.id=?
2025-01-21 19:52:07 [main] DEBUG org.hibernate.SQL - 
    select
        p1_0.sector,
        p1_0.id,
        p1_0.actives,
        p1_0.quantities,
        p1_0.cods,
        p1_0.images,
        p1_0.names,
        p1_0.version 
    from
        parts p1_0 
    where
        p1_0.sector=?
2025-01-21 19:52:07 [main] DEBUG org.hibernate.SQL - 
    delete 
    from
        sectors 
    where
        id=? 
        and version=?
2025-01-21 19:52:07 [main] DEBUG org.hibernate.SQL - 
    select
        s1_0.id,
        s1_0.actives,
        s1_0.columns,
        s1_0.row_data,
        s1_0.sector,
        s1_0.shelves,
        s1_0.version 
    from
        sectors s1_0 
    where
        s1_0.id=?
2025-01-21 19:52:07 [main] DEBUG org.hibernate.SQL - 
    select
        p1_0.sector,
        p1_0.id,
        p1_0.actives,
        p1_0.quantities,
        p1_0.cods,
        p1_0.images,
        p1_0.names,
        p1_0.version 
    from
        parts p1_0 
    where
        p1_0.sector=?
2025-01-21 19:52:07 [main] DEBUG org.hibernate.SQL - 
    delete 
    from
        sectors 
    where
        id=? 
        and version=?
2025-01-21 19:52:07 [main] DEBUG org.hibernate.SQL - 
    select
        p1_0.id,
        p1_0.actives,
        p1_0.quantities,
        p1_0.cods,
        p1_0.images,
        p1_0.names,
        p1_0.sector,
        p1_0.version 
    from
        parts p1_0 
    where
        p1_0.actives 
    order by
        p1_0.id 
    fetch
        first ? rows only
2025-01-21 19:52:08 [main] DEBUG org.hibernate.SQL - 
    insert 
    into
        sectors
        (actives, columns, row_data, sector, shelves, version, id) 
    values
        (?, ?, ?, ?, ?, ?, default)
2025-01-21 19:52:08 [main] DEBUG org.hibernate.SQL - 
    insert 
    into
        parts
        (actives, quantities, cods, images, names, sector, version, id) 
    values
        (?, ?, ?, ?, ?, ?, ?, default)
2025-01-21 19:52:08 [main] DEBUG org.hibernate.SQL - 
    select
        p1_0.id,
        p1_0.actives,
        p1_0.quantities,
        p1_0.cods,
        p1_0.images,
        p1_0.names,
        s1_0.id,
        s1_0.actives,
        s1_0.columns,
        s1_0.row_data,
        s1_0.sector,
        s1_0.shelves,
        s1_0.version,
        p1_0.version 
    from
        parts p1_0 
    left join
        sectors s1_0 
            on s1_0.id=p1_0.sector 
    where
        p1_0.id=?
2025-01-21 19:52:08 [main] DEBUG org.hibernate.SQL - 
    update
        parts 
    set
        actives=?,
        quantities=?,
        cods=?,
        images=?,
        names=?,
        sector=?,
        version=? 
    where
        id=? 
        and version=?
2025-01-21 19:52:08 [main] DEBUG org.hibernate.SQL - 
    select
        p1_0.id,
        p1_0.actives,
        p1_0.quantities,
        p1_0.cods,
        p1_0.images,
        p1_0.names,
        s1_0.id,
        s1_0.actives,
        s1_0.columns,
        s1_0.row_data,
        s1_0.sector,
        s1_0.shelves,
        s1_0.version,
        p1_0.version 
    from
        parts p1_0 
    left join
        sectors s1_0 
            on s1_0.id=p1_0.sector 
    where
        p1_0.id=?
2025-01-21 19:52:08 [main] DEBUG org.hibernate.SQL - 
    delete 
    from
        parts 
    where
        id=? 
        and version=?
2025-01-21 19:52:08 [main] DEBUG org.hibernate.SQL - 
    select
        s1_0.id,
        s1_0.actives,
        s1_0.columns,
        s1_0.row_data,
        s1_0.sector,
        s1_0.shelves,
        s1_0.version 
    from
        sectors s1_0 
    where
        s1_0.id=?
2025-01-21 19:52:08 [main] DEBUG org.hibernate.SQL - 
    select
        p1_0.sector,
        p1_0.id,
        p1_0.actives,
        p1_0.quantities,
        p1_0.cods,
        p1_0.images,
        p1_0.names,
        p1_0.version 
    from
        parts p1_0 
    where
        p1_0.sector=?
2025-01-21 19:52:08 [main] DEBUG org.hibernate.SQL - 
    delete 
    from
        sectors 
    where
        id=? 
        and version=?
2025-01-21 19:52:08 [main] DEBUG org.hibernate.SQL - 
    insert 
    into
        sectors
        (actives, columns, row_data, sector, shelves, version, id) 
    values
        (?, ?, ?, ?, ?, ?, default)
2025-01-21 19:52:08 [main] DEBUG org.hibernate.SQL - 
    insert 
    into
        parts
        (actives, quantities, cods, images, names, sector, version, id) 
    values
        (?, ?, ?, ?, ?, ?, ?, default)
2025-01-21 19:52:08 [main] DEBUG org.hibernate.SQL - 
    select
        p1_0.id,
        p1_0.actives,
        p1_0.quantities,
        p1_0.cods,
        p1_0.images,
        p1_0.names,
        p1_0.sector,
        p1_0.version 
    from
        parts p1_0 
    where
        p1_0.id=? 
        and p1_0.actives
2025-01-21 19:52:08 [main] DEBUG org.hibernate.SQL - 
    select
        s1_0.id,
        s1_0.actives,
        s1_0.columns,
        s1_0.row_data,
        s1_0.sector,
        s1_0.shelves,
        s1_0.version 
    from
        sectors s1_0 
    where
        s1_0.id=?
2025-01-21 19:52:08 [main] DEBUG org.hibernate.SQL - 
    select
        p1_0.id,
        p1_0.actives,
        p1_0.quantities,
        p1_0.cods,
        p1_0.images,
        p1_0.names,
        s1_0.id,
        s1_0.actives,
        s1_0.columns,
        s1_0.row_data,
        s1_0.sector,
        s1_0.shelves,
        s1_0.version,
        p1_0.version 
    from
        parts p1_0 
    left join
        sectors s1_0 
            on s1_0.id=p1_0.sector 
    where
        p1_0.id=?
2025-01-21 19:52:08 [main] DEBUG org.hibernate.SQL - 
    delete 
    from
        parts 
    where
        id=? 
        and version=?
2025-01-21 19:52:08 [main] DEBUG org.hibernate.SQL - 
    select
        s1_0.id,
        s1_0.actives,
        s1_0.columns,
        s1_0.row_data,
        s1_0.sector,
        s1_0.shelves,
        s1_0.version 
    from
        sectors s1_0 
    where
        s1_0.id=?
2025-01-21 19:52:08 [main] DEBUG org.hibernate.SQL - 
    select
        p1_0.sector,
        p1_0.id,
        p1_0.actives,
        p1_0.quantities,
        p1_0.cods,
        p1_0.images,
        p1_0.names,
        p1_0.version 
    from
        parts p1_0 
    where
        p1_0.sector=?
2025-01-21 19:52:08 [main] DEBUG org.hibernate.SQL - 
    delete 
    from
        sectors 
    where
        id=? 
        and version=?
2025-01-21 19:52:08 [main] DEBUG org.hibernate.SQL - 
    insert 
    into
        sectors
        (actives, columns, row_data, sector, shelves, version, id) 
    values
        (?, ?, ?, ?, ?, ?, default)
2025-01-21 19:52:08 [main] DEBUG org.hibernate.SQL - 
    select
        s1_0.id,
        s1_0.actives,
        s1_0.columns,
        s1_0.row_data,
        s1_0.sector,
        s1_0.shelves,
        s1_0.version 
    from
        sectors s1_0 
    where
        s1_0.id=?
2025-01-21 19:52:08 [main] DEBUG org.hibernate.SQL - 
    select
        p1_0.id 
    from
        parts p1_0 
    where
        p1_0.cods=? 
        and p1_0.names=? 
        and p1_0.sector=? 
    fetch
        first ? rows only
2025-01-21 19:52:09 [main] DEBUG org.hibernate.SQL - 
    insert 
    into
        parts
        (actives, quantities, cods, images, names, sector, version, id) 
    values
        (?, ?, ?, ?, ?, ?, ?, default)
2025-01-21 19:52:09 [main] DEBUG org.hibernate.SQL - 
    select
        s1_0.id,
        s1_0.actives,
        s1_0.columns,
        s1_0.row_data,
        s1_0.sector,
        s1_0.shelves,
        s1_0.version 
    from
        sectors s1_0 
    where
        s1_0.id=?
2025-01-21 19:52:09 [main] DEBUG org.hibernate.SQL - 
    select
        p1_0.sector,
        p1_0.id,
        p1_0.actives,
        p1_0.quantities,
        p1_0.cods,
        p1_0.images,
        p1_0.names,
        p1_0.version 
    from
        parts p1_0 
    where
        p1_0.sector=?
2025-01-21 19:52:09 [main] DEBUG org.hibernate.SQL - 
    delete 
    from
        parts 
    where
        id=? 
        and version=?
2025-01-21 19:52:09 [main] DEBUG org.hibernate.SQL - 
    delete 
    from
        sectors 
    where
        id=? 
        and version=?
2025-01-21 19:52:09 [main] DEBUG org.hibernate.SQL - 
    insert 
    into
        sectors
        (actives, columns, row_data, sector, shelves, version, id) 
    values
        (?, ?, ?, ?, ?, ?, default)
2025-01-21 19:52:09 [main] DEBUG org.hibernate.SQL - 
    insert 
    into
        parts
        (actives, quantities, cods, images, names, sector, version, id) 
    values
        (?, ?, ?, ?, ?, ?, ?, default)
2025-01-21 19:52:09 [main] DEBUG org.hibernate.SQL - 
    insert 
    into
        sectors
        (actives, columns, row_data, sector, shelves, version, id) 
    values
        (?, ?, ?, ?, ?, ?, default)
2025-01-21 19:52:09 [main] DEBUG org.hibernate.SQL - 
    insert 
    into
        parts
        (actives, quantities, cods, images, names, sector, version, id) 
    values
        (?, ?, ?, ?, ?, ?, ?, default)
2025-01-21 19:52:09 [main] DEBUG org.hibernate.SQL - 
    select
        p1_0.id,
        p1_0.actives,
        p1_0.quantities,
        p1_0.cods,
        p1_0.images,
        p1_0.names,
        p1_0.sector,
        p1_0.version 
    from
        parts p1_0 
    where
        upper(p1_0.names) like upper(?) escape '\' 
        and p1_0.actives 
    order by
        p1_0.id 
    fetch
        first ? rows only
2025-01-21 19:52:09 [main] DEBUG org.hibernate.SQL - 
    select
        s1_0.id,
        s1_0.actives,
        s1_0.columns,
        s1_0.row_data,
        s1_0.sector,
        s1_0.shelves,
        s1_0.version 
    from
        sectors s1_0 
    where
        s1_0.id=?
2025-01-21 19:52:09 [main] DEBUG org.hibernate.SQL - 
    select
        s1_0.id,
        s1_0.actives,
        s1_0.columns,
        s1_0.row_data,
        s1_0.sector,
        s1_0.shelves,
        s1_0.version 
    from
        sectors s1_0 
    where
        s1_0.id=?
2025-01-21 19:52:09 [main] DEBUG org.hibernate.SQL - 
    select
        p1_0.id,
        p1_0.actives,
        p1_0.quantities,
        p1_0.cods,
        p1_0.images,
        p1_0.names,
        s1_0.id,
        s1_0.actives,
        s1_0.columns,
        s1_0.row_data,
        s1_0.sector,
        s1_0.shelves,
        s1_0.version,
        p1_0.version 
    from
        parts p1_0 
    left join
        sectors s1_0 
            on s1_0.id=p1_0.sector 
    where
        p1_0.id=?
2025-01-21 19:52:09 [main] DEBUG org.hibernate.SQL - 
    delete 
    from
        parts 
    where
        id=? 
        and version=?
2025-01-21 19:52:09 [main] DEBUG org.hibernate.SQL - 
    select
        s1_0.id,
        s1_0.actives,
        s1_0.columns,
        s1_0.row_data,
        s1_0.sector,
        s1_0.shelves,
        s1_0.version 
    from
        sectors s1_0 
    where
        s1_0.id=?
2025-01-21 19:52:09 [main] DEBUG org.hibernate.SQL - 
    select
        p1_0.sector,
        p1_0.id,
        p1_0.actives,
        p1_0.quantities,
        p1_0.cods,
        p1_0.images,
        p1_0.names,
        p1_0.version 
    from
        parts p1_0 
    where
        p1_0.sector=?
2025-01-21 19:52:09 [main] DEBUG org.hibernate.SQL - 
    delete 
    from
        sectors 
    where
        id=? 
        and version=?
2025-01-21 19:52:09 [main] DEBUG org.hibernate.SQL - 
    select
        p1_0.id,
        p1_0.actives,
        p1_0.quantities,
        p1_0.cods,
        p1_0.images,
        p1_0.names,
        s1_0.id,
        s1_0.actives,
        s1_0.columns,
        s1_0.row_data,
        s1_0.sector,
        s1_0.shelves,
        s1_0.version,
        p1_0.version 
    from
        parts p1_0 
    left join
        sectors s1_0 
            on s1_0.id=p1_0.sector 
    where
        p1_0.id=?
2025-01-21 19:52:09 [main] DEBUG org.hibernate.SQL - 
    delete 
    from
        parts 
    where
        id=? 
        and version=?
2025-01-21 19:52:09 [main] DEBUG org.hibernate.SQL - 
    select
        s1_0.id,
        s1_0.actives,
        s1_0.columns,
        s1_0.row_data,
        s1_0.sector,
        s1_0.shelves,
        s1_0.version 
    from
        sectors s1_0 
    where
        s1_0.id=?
2025-01-21 19:52:09 [main] DEBUG org.hibernate.SQL - 
    select
        p1_0.sector,
        p1_0.id,
        p1_0.actives,
        p1_0.quantities,
        p1_0.cods,
        p1_0.images,
        p1_0.names,
        p1_0.version 
    from
        parts p1_0 
    where
        p1_0.sector=?
2025-01-21 19:52:09 [main] DEBUG org.hibernate.SQL - 
    delete 
    from
        sectors 
    where
        id=? 
        and version=?
2025-01-21 19:52:09 [main] DEBUG org.hibernate.SQL - 
    insert 
    into
        sectors
        (actives, columns, row_data, sector, shelves, version, id) 
    values
        (?, ?, ?, ?, ?, ?, default)
2025-01-21 19:52:09 [main] DEBUG org.hibernate.SQL - 
    insert 
    into
        parts
        (actives, quantities, cods, images, names, sector, version, id) 
    values
        (?, ?, ?, ?, ?, ?, ?, default)
2025-01-21 19:52:09 [main] DEBUG org.hibernate.SQL - 
    select
        p1_0.id,
        p1_0.actives,
        p1_0.quantities,
        p1_0.cods,
        p1_0.images,
        p1_0.names,
        p1_0.sector,
        p1_0.version 
    from
        parts p1_0 
    where
        p1_0.cods=? 
        and p1_0.actives
2025-01-21 19:52:09 [main] DEBUG org.hibernate.SQL - 
    select
        s1_0.id,
        s1_0.actives,
        s1_0.columns,
        s1_0.row_data,
        s1_0.sector,
        s1_0.shelves,
        s1_0.version 
    from
        sectors s1_0 
    where
        s1_0.id=?
2025-01-21 19:52:09 [main] DEBUG org.hibernate.SQL - 
    select
        p1_0.id,
        p1_0.actives,
        p1_0.quantities,
        p1_0.cods,
        p1_0.images,
        p1_0.names,
        s1_0.id,
        s1_0.actives,
        s1_0.columns,
        s1_0.row_data,
        s1_0.sector,
        s1_0.shelves,
        s1_0.version,
        p1_0.version 
    from
        parts p1_0 
    left join
        sectors s1_0 
            on s1_0.id=p1_0.sector 
    where
        p1_0.id=?
2025-01-21 19:52:09 [main] DEBUG org.hibernate.SQL - 
    delete 
    from
        parts 
    where
        id=? 
        and version=?
2025-01-21 19:52:09 [main] DEBUG org.hibernate.SQL - 
    select
        s1_0.id,
        s1_0.actives,
        s1_0.columns,
        s1_0.row_data,
        s1_0.sector,
        s1_0.shelves,
        s1_0.version 
    from
        sectors s1_0 
    where
        s1_0.id=?
2025-01-21 19:52:09 [main] DEBUG org.hibernate.SQL - 
    select
        p1_0.sector,
        p1_0.id,
        p1_0.actives,
        p1_0.quantities,
        p1_0.cods,
        p1_0.images,
        p1_0.names,
        p1_0.version 
    from
        parts p1_0 
    where
        p1_0.sector=?
2025-01-21 19:52:09 [main] DEBUG org.hibernate.SQL - 
    delete 
    from
        sectors 
    where
        id=? 
        and version=?
2025-01-21 19:52:09 [main] DEBUG org.hibernate.SQL - 
    insert 
    into
        sectors
        (actives, columns, row_data, sector, shelves, version, id) 
    values
        (?, ?, ?, ?, ?, ?, default)
2025-01-21 19:52:09 [main] DEBUG org.hibernate.SQL - 
    insert 
    into
        parts
        (actives, quantities, cods, images, names, sector, version, id) 
    values
        (?, ?, ?, ?, ?, ?, ?, default)
2025-01-21 19:52:09 [main] DEBUG org.hibernate.SQL - 
    select
        p1_0.id,
        p1_0.actives,
        p1_0.quantities,
        p1_0.cods,
        p1_0.images,
        p1_0.names,
        p1_0.sector,
        p1_0.version 
    from
        parts p1_0 
    where
        p1_0.cods=? 
        or upper(p1_0.names) like upper(?) escape '\' 
        and p1_0.actives 
    order by
        p1_0.id 
    fetch
        first ? rows only
2025-01-21 19:52:09 [main] DEBUG org.hibernate.SQL - 
    select
        s1_0.id,
        s1_0.actives,
        s1_0.columns,
        s1_0.row_data,
        s1_0.sector,
        s1_0.shelves,
        s1_0.version 
    from
        sectors s1_0 
    where
        s1_0.id=?
2025-01-21 19:52:09 [main] DEBUG org.hibernate.SQL - 
    select
        p1_0.id,
        p1_0.actives,
        p1_0.quantities,
        p1_0.cods,
        p1_0.images,
        p1_0.names,
        s1_0.id,
        s1_0.actives,
        s1_0.columns,
        s1_0.row_data,
        s1_0.sector,
        s1_0.shelves,
        s1_0.version,
        p1_0.version 
    from
        parts p1_0 
    left join
        sectors s1_0 
            on s1_0.id=p1_0.sector 
    where
        p1_0.id=?
2025-01-21 19:52:09 [main] DEBUG org.hibernate.SQL - 
    delete 
    from
        parts 
    where
        id=? 
        and version=?
2025-01-21 19:52:09 [main] DEBUG org.hibernate.SQL - 
    select
        s1_0.id,
        s1_0.actives,
        s1_0.columns,
        s1_0.row_data,
        s1_0.sector,
        s1_0.shelves,
        s1_0.version 
    from
        sectors s1_0 
    where
        s1_0.id=?
2025-01-21 19:52:09 [main] DEBUG org.hibernate.SQL - 
    select
        p1_0.sector,
        p1_0.id,
        p1_0.actives,
        p1_0.quantities,
        p1_0.cods,
        p1_0.images,
        p1_0.names,
        p1_0.version 
    from
        parts p1_0 
    where
        p1_0.sector=?
2025-01-21 19:52:09 [main] DEBUG org.hibernate.SQL - 
    delete 
    from
        sectors 
    where
        id=? 
        and version=?
2025-01-21 19:52:09 [main] DEBUG org.hibernate.SQL - 
    select
        s1_0.id,
        s1_0.actives,
        s1_0.columns,
        s1_0.row_data,
        s1_0.sector,
        s1_0.shelves,
        s1_0.version 
    from
        sectors s1_0 
    where
        s1_0.actives 
    order by
        s1_0.id 
    fetch
        first ? rows only
2025-01-21 19:52:09 [main] DEBUG org.hibernate.SQL - 
    insert 
    into
        sectors
        (actives, columns, row_data, sector, shelves, version, id) 
    values
        (?, ?, ?, ?, ?, ?, default)
2025-01-21 19:52:09 [main] DEBUG org.hibernate.SQL - 
    select
        s1_0.id,
        s1_0.actives,
        s1_0.columns,
        s1_0.row_data,
        s1_0.sector,
        s1_0.shelves,
        s1_0.version 
    from
        sectors s1_0 
    where
        s1_0.id=? 
        and s1_0.actives
2025-01-21 19:52:09 [main] DEBUG org.hibernate.SQL - 
    update
        sectors 
    set
        actives=?,
        columns=?,
        row_data=?,
        sector=?,
        shelves=?,
        version=? 
    where
        id=? 
        and version=?
2025-01-21 19:52:09 [main] DEBUG org.hibernate.SQL - 
    select
        s1_0.id,
        s1_0.actives,
        s1_0.columns,
        s1_0.row_data,
        s1_0.sector,
        s1_0.shelves,
        s1_0.version 
    from
        sectors s1_0 
    where
        s1_0.id=?
2025-01-21 19:52:09 [main] DEBUG org.hibernate.SQL - 
    select
        p1_0.sector,
        p1_0.id,
        p1_0.actives,
        p1_0.quantities,
        p1_0.cods,
        p1_0.images,
        p1_0.names,
        p1_0.version 
    from
        parts p1_0 
    where
        p1_0.sector=?
2025-01-21 19:52:09 [main] DEBUG org.hibernate.SQL - 
    delete 
    from
        sectors 
    where
        id=? 
        and version=?
2025-01-21 19:52:09 [main] DEBUG org.hibernate.SQL - 
    insert 
    into
        sectors
        (actives, columns, row_data, sector, shelves, version, id) 
    values
        (?, ?, ?, ?, ?, ?, default)
2025-01-21 19:52:09 [main] DEBUG org.hibernate.SQL - 
    select
        s1_0.id,
        s1_0.actives,
        s1_0.columns,
        s1_0.row_data,
        s1_0.sector,
        s1_0.shelves,
        s1_0.version 
    from
        sectors s1_0 
    where
        s1_0.id=? 
        and s1_0.actives
2025-01-21 19:52:09 [main] DEBUG org.hibernate.SQL - 
    select
        p1_0.sector,
        p1_0.id,
        p1_0.actives,
        p1_0.quantities,
        p1_0.cods,
        p1_0.images,
        p1_0.names,
        p1_0.version 
    from
        parts p1_0 
    where
        p1_0.sector=?
2025-01-21 19:52:10 [main] DEBUG org.hibernate.SQL - 
    select
        s1_0.id,
        s1_0.actives,
        s1_0.columns,
        s1_0.row_data,
        s1_0.sector,
        s1_0.shelves,
        s1_0.version 
    from
        sectors s1_0 
    where
        s1_0.id=?
2025-01-21 19:52:10 [main] DEBUG org.hibernate.SQL - 
    select
        p1_0.sector,
        p1_0.id,
        p1_0.actives,
        p1_0.quantities,
        p1_0.cods,
        p1_0.images,
        p1_0.names,
        p1_0.version 
    from
        parts p1_0 
    where
        p1_0.sector=?
2025-01-21 19:52:10 [main] DEBUG org.hibernate.SQL - 
    delete 
    from
        sectors 
    where
        id=? 
        and version=?
2025-01-21 19:52:10 [main] DEBUG org.hibernate.SQL - 
    select
        s1_0.id 
    from
        sectors s1_0 
    where
        s1_0.sector=? 
        and s1_0.shelves=? 
        and s1_0.columns=? 
        and s1_0.row_data=? 
    fetch
        first ? rows only
2025-01-21 19:52:10 [main] DEBUG org.hibernate.SQL - 
    insert 
    into
        sectors
        (actives, columns, row_data, sector, shelves, version, id) 
    values
        (?, ?, ?, ?, ?, ?, default)
2025-01-21 19:52:10 [main] DEBUG org.hibernate.SQL - 
    insert 
    into
        sectors
        (actives, columns, row_data, sector, shelves, version, id) 
    values
        (?, ?, ?, ?, ?, ?, default)
2025-01-21 19:52:10 [main] DEBUG org.hibernate.SQL - 
    select
        s1_0.id,
        s1_0.actives,
        s1_0.columns,
        s1_0.row_data,
        s1_0.sector,
        s1_0.shelves,
        s1_0.version 
    from
        sectors s1_0 
    where
        s1_0.id=? 
        and s1_0.actives
2025-01-21 19:52:10 [main] DEBUG org.hibernate.SQL - 
    select
        p1_0.sector,
        p1_0.id,
        p1_0.actives,
        p1_0.quantities,
        p1_0.cods,
        p1_0.images,
        p1_0.names,
        p1_0.version 
    from
        parts p1_0 
    where
        p1_0.sector=?
2025-01-21 19:52:10 [main] DEBUG org.hibernate.SQL - 
    select
        s1_0.id,
        s1_0.actives,
        s1_0.columns,
        s1_0.row_data,
        s1_0.sector,
        s1_0.shelves,
        s1_0.version 
    from
        sectors s1_0 
    where
        s1_0.id=?
2025-01-21 19:52:10 [main] DEBUG org.hibernate.SQL - 
    select
        p1_0.sector,
        p1_0.id,
        p1_0.actives,
        p1_0.quantities,
        p1_0.cods,
        p1_0.images,
        p1_0.names,
        p1_0.version 
    from
        parts p1_0 
    where
        p1_0.sector=?
2025-01-21 19:52:10 [main] DEBUG org.hibernate.SQL - 
    delete 
    from
        sectors 
    where
        id=? 
        and version=?
2025-01-21 19:52:15 [SpringApplicationShutdownHook] DEBUG org.hibernate.SQL - 
    drop table if exists parts cascade 
2025-01-21 19:52:15 [SpringApplicationShutdownHook] DEBUG org.hibernate.SQL - 
    drop table if exists sectors cascade 
2025-01-23 21:08:59 [http-nio-8080-exec-1] DEBUG org.hibernate.SQL - select s1_0.id,s1_0.actives,s1_0.columns,s1_0.row_data,s1_0.sector,s1_0.shelves,s1_0.version from sectors s1_0 where s1_0.actives order by s1_0.id limit ?
2025-01-23 21:08:59 [http-nio-8080-exec-1] DEBUG org.hibernate.SQL - select p1_0.sector,p1_0.id,p1_0.actives,p1_0.quantities,p1_0.cods,p1_0.images,p1_0.names,p1_0.version from parts p1_0 where p1_0.sector=?
2025-01-23 21:09:00 [http-nio-8080-exec-3] DEBUG org.hibernate.SQL - select p1_0.id,p1_0.actives,p1_0.quantities,p1_0.cods,p1_0.images,p1_0.names,p1_0.sector,p1_0.version from parts p1_0 where p1_0.actives order by p1_0.id limit ?
2025-01-23 21:09:01 [http-nio-8080-exec-3] DEBUG org.hibernate.SQL - select s1_0.id,s1_0.actives,s1_0.columns,s1_0.row_data,s1_0.sector,s1_0.shelves,s1_0.version from sectors s1_0 where s1_0.id=?
2025-01-23 21:09:20 [http-nio-8080-exec-5] DEBUG org.hibernate.SQL - select s1_0.id,s1_0.actives,s1_0.columns,s1_0.row_data,s1_0.sector,s1_0.shelves,s1_0.version from sectors s1_0 where s1_0.id=?
2025-01-23 21:09:20 [http-nio-8080-exec-5] DEBUG org.hibernate.SQL - select p1_0.id from parts p1_0 where p1_0.cods=? and p1_0.names=? and p1_0.sector=? limit ?
2025-01-23 21:09:21 [http-nio-8080-exec-5] DEBUG org.hibernate.SQL - insert into parts (actives,quantities,cods,images,names,sector,version) values (?,?,?,?,?,?,?)
2025-01-23 21:09:21 [http-nio-8080-exec-5] DEBUG org.hibernate.SQL - insert into parts (actives,quantities,cods,images,names,sector,version) values (?,?,?,?,?,?,?)
2025-01-23 21:09:21 [http-nio-8080-exec-5] DEBUG org.hibernate.SQL - insert into parts (actives,quantities,cods,images,names,sector,version) values (?,?,?,?,?,?,?)
2025-01-23 21:09:21 [http-nio-8080-exec-5] DEBUG org.hibernate.SQL - insert into parts (actives,quantities,cods,images,names,sector,version) values (?,?,?,?,?,?,?)
2025-01-23 21:09:21 [http-nio-8080-exec-5] DEBUG org.hibernate.SQL - insert into parts (actives,quantities,cods,images,names,sector,version) values (?,?,?,?,?,?,?)
2025-01-23 21:09:21 [http-nio-8080-exec-5] DEBUG org.hibernate.SQL - insert into parts (actives,quantities,cods,images,names,sector,version) values (?,?,?,?,?,?,?)
2025-01-23 21:09:21 [http-nio-8080-exec-5] DEBUG org.hibernate.SQL - insert into parts (actives,quantities,cods,images,names,sector,version) values (?,?,?,?,?,?,?)
2025-01-23 21:09:21 [http-nio-8080-exec-5] DEBUG org.hibernate.SQL - insert into parts (actives,quantities,cods,images,names,sector,version) values (?,?,?,?,?,?,?)
2025-01-23 21:09:21 [http-nio-8080-exec-5] DEBUG org.hibernate.SQL - insert into parts (actives,quantities,cods,images,names,sector,version) values (?,?,?,?,?,?,?)
2025-01-23 21:09:21 [http-nio-8080-exec-5] DEBUG org.hibernate.SQL - insert into parts (actives,quantities,cods,images,names,sector,version) values (?,?,?,?,?,?,?)
2025-01-23 21:09:21 [http-nio-8080-exec-5] DEBUG org.hibernate.SQL - insert into parts (actives,quantities,cods,images,names,sector,version) values (?,?,?,?,?,?,?)
2025-01-23 21:09:21 [http-nio-8080-exec-5] DEBUG org.hibernate.SQL - insert into parts (actives,quantities,cods,images,names,sector,version) values (?,?,?,?,?,?,?)
2025-01-23 21:09:21 [http-nio-8080-exec-5] DEBUG org.hibernate.SQL - insert into parts (actives,quantities,cods,images,names,sector,version) values (?,?,?,?,?,?,?)
2025-01-23 21:09:21 [http-nio-8080-exec-5] DEBUG org.hibernate.SQL - insert into parts (actives,quantities,cods,images,names,sector,version) values (?,?,?,?,?,?,?)
2025-01-23 21:09:21 [http-nio-8080-exec-5] DEBUG org.hibernate.SQL - insert into parts (actives,quantities,cods,images,names,sector,version) values (?,?,?,?,?,?,?)
2025-01-23 21:09:21 [http-nio-8080-exec-5] DEBUG org.hibernate.SQL - insert into parts (actives,quantities,cods,images,names,sector,version) values (?,?,?,?,?,?,?)
2025-01-23 21:09:21 [http-nio-8080-exec-5] DEBUG org.hibernate.SQL - insert into parts (actives,quantities,cods,images,names,sector,version) values (?,?,?,?,?,?,?)
2025-01-23 21:09:21 [http-nio-8080-exec-5] DEBUG org.hibernate.SQL - insert into parts (actives,quantities,cods,images,names,sector,version) values (?,?,?,?,?,?,?)
2025-01-23 21:09:21 [http-nio-8080-exec-5] DEBUG org.hibernate.SQL - insert into parts (actives,quantities,cods,images,names,sector,version) values (?,?,?,?,?,?,?)
2025-01-23 21:09:21 [http-nio-8080-exec-5] DEBUG org.hibernate.SQL - insert into parts (actives,quantities,cods,images,names,sector,version) values (?,?,?,?,?,?,?)
2025-01-23 21:09:21 [http-nio-8080-exec-5] DEBUG org.hibernate.SQL - insert into parts (actives,quantities,cods,images,names,sector,version) values (?,?,?,?,?,?,?)
2025-01-23 21:09:21 [http-nio-8080-exec-5] DEBUG org.hibernate.SQL - insert into parts (actives,quantities,cods,images,names,sector,version) values (?,?,?,?,?,?,?)
2025-01-23 21:09:39 [http-nio-8080-exec-7] DEBUG org.hibernate.SQL - select p1_0.id,p1_0.actives,p1_0.quantities,p1_0.cods,p1_0.images,p1_0.names,p1_0.sector,p1_0.version from parts p1_0 where p1_0.actives order by p1_0.id limit ?
2025-01-23 21:09:39 [http-nio-8080-exec-7] DEBUG org.hibernate.SQL - select s1_0.id,s1_0.actives,s1_0.columns,s1_0.row_data,s1_0.sector,s1_0.shelves,s1_0.version from sectors s1_0 where s1_0.id=?
2025-01-23 21:09:40 [http-nio-8080-exec-7] DEBUG org.hibernate.SQL - select count(p1_0.id) from parts p1_0 where p1_0.actives
2025-01-23 21:10:00 [http-nio-8080-exec-10] DEBUG org.hibernate.SQL - select p1_0.id,p1_0.actives,p1_0.quantities,p1_0.cods,p1_0.images,p1_0.names,p1_0.sector,p1_0.version from parts p1_0 where upper(p1_0.names) like upper(?) escape '\\' and p1_0.actives order by p1_0.id limit ?
2025-01-23 21:10:00 [http-nio-8080-exec-10] DEBUG org.hibernate.SQL - select s1_0.id,s1_0.actives,s1_0.columns,s1_0.row_data,s1_0.sector,s1_0.shelves,s1_0.version from sectors s1_0 where s1_0.id=?
2025-01-23 21:10:07 [http-nio-8080-exec-2] DEBUG org.hibernate.SQL - select p1_0.id,p1_0.actives,p1_0.quantities,p1_0.cods,p1_0.images,p1_0.names,p1_0.sector,p1_0.version from parts p1_0 where upper(p1_0.names) like upper(?) escape '\\' and p1_0.actives order by p1_0.id limit ?
2025-01-23 21:10:07 [http-nio-8080-exec-2] DEBUG org.hibernate.SQL - select s1_0.id,s1_0.actives,s1_0.columns,s1_0.row_data,s1_0.sector,s1_0.shelves,s1_0.version from sectors s1_0 where s1_0.id=?
2025-01-25 22:16:50 [http-nio-8080-exec-1] DEBUG org.hibernate.SQL - select p1_0.id,p1_0.actives,p1_0.quantities,p1_0.cods,p1_0.images,p1_0.names,p1_0.sector,p1_0.version from parts p1_0 where p1_0.actives order by p1_0.id limit ?,?
2025-01-25 22:16:50 [http-nio-8080-exec-1] DEBUG org.hibernate.SQL - select s1_0.id,s1_0.actives,s1_0.columns,s1_0.row_data,s1_0.sector,s1_0.shelves,s1_0.version from sectors s1_0 where s1_0.id=?
2025-01-25 22:16:50 [http-nio-8080-exec-1] DEBUG org.hibernate.SQL - select count(p1_0.id) from parts p1_0 where p1_0.actives
2025-01-25 22:19:58 [http-nio-8080-exec-1] DEBUG org.hibernate.SQL - select p1_0.id,p1_0.actives,p1_0.quantities,p1_0.cods,p1_0.images,p1_0.names,p1_0.sector,p1_0.version from parts p1_0 where p1_0.actives order by p1_0.id limit ?,?
2025-01-25 22:19:58 [http-nio-8080-exec-1] DEBUG org.hibernate.SQL - select count(p1_0.id) from parts p1_0 where p1_0.actives
2025-01-25 22:20:09 [http-nio-8080-exec-5] DEBUG org.hibernate.SQL - select p1_0.id,p1_0.actives,p1_0.quantities,p1_0.cods,p1_0.images,p1_0.names,p1_0.sector,p1_0.version from parts p1_0 where p1_0.actives order by p1_0.id limit ?,?
2025-01-25 22:20:10 [http-nio-8080-exec-5] DEBUG org.hibernate.SQL - select s1_0.id,s1_0.actives,s1_0.columns,s1_0.row_data,s1_0.sector,s1_0.shelves,s1_0.version from sectors s1_0 where s1_0.id=?
2025-01-25 22:20:18 [http-nio-8080-exec-9] DEBUG org.hibernate.SQL - select p1_0.id,p1_0.actives,p1_0.quantities,p1_0.cods,p1_0.images,p1_0.names,p1_0.sector,p1_0.version from parts p1_0 where p1_0.actives order by p1_0.id limit ?,?
2025-01-25 22:20:18 [http-nio-8080-exec-9] DEBUG org.hibernate.SQL - select s1_0.id,s1_0.actives,s1_0.columns,s1_0.row_data,s1_0.sector,s1_0.shelves,s1_0.version from sectors s1_0 where s1_0.id=?
2025-01-25 22:20:18 [http-nio-8080-exec-9] DEBUG org.hibernate.SQL - select count(p1_0.id) from parts p1_0 where p1_0.actives
2025-01-25 22:21:12 [http-nio-8080-exec-1] DEBUG org.hibernate.SQL - select p1_0.id,p1_0.actives,p1_0.quantities,p1_0.cods,p1_0.images,p1_0.names,p1_0.sector,p1_0.version from parts p1_0 where p1_0.actives order by p1_0.id limit ?,?
2025-01-25 22:21:12 [http-nio-8080-exec-1] DEBUG org.hibernate.SQL - select s1_0.id,s1_0.actives,s1_0.columns,s1_0.row_data,s1_0.sector,s1_0.shelves,s1_0.version from sectors s1_0 where s1_0.id=?
2025-01-25 22:21:12 [http-nio-8080-exec-1] DEBUG org.hibernate.SQL - select count(p1_0.id) from parts p1_0 where p1_0.actives
2025-01-25 22:23:43 [http-nio-8080-exec-1] DEBUG org.hibernate.SQL - select p1_0.id,p1_0.actives,p1_0.quantities,p1_0.cods,p1_0.images,p1_0.names,p1_0.sector,p1_0.version from parts p1_0 where p1_0.actives order by p1_0.id limit ?,?
2025-01-25 22:23:43 [http-nio-8080-exec-1] DEBUG org.hibernate.SQL - select s1_0.id,s1_0.actives,s1_0.columns,s1_0.row_data,s1_0.sector,s1_0.shelves,s1_0.version from sectors s1_0 where s1_0.id=?
2025-01-25 22:23:43 [http-nio-8080-exec-1] DEBUG org.hibernate.SQL - select count(p1_0.id) from parts p1_0 where p1_0.actives
2025-01-25 22:23:50 [http-nio-8080-exec-3] DEBUG org.hibernate.SQL - select p1_0.id,p1_0.actives,p1_0.quantities,p1_0.cods,p1_0.images,p1_0.names,p1_0.sector,p1_0.version from parts p1_0 where p1_0.actives order by p1_0.id limit ?,?
2025-01-25 22:23:50 [http-nio-8080-exec-3] DEBUG org.hibernate.SQL - select s1_0.id,s1_0.actives,s1_0.columns,s1_0.row_data,s1_0.sector,s1_0.shelves,s1_0.version from sectors s1_0 where s1_0.id=?
2025-01-25 22:23:53 [http-nio-8080-exec-5] DEBUG org.hibernate.SQL - select p1_0.id,p1_0.actives,p1_0.quantities,p1_0.cods,p1_0.images,p1_0.names,p1_0.sector,p1_0.version from parts p1_0 where p1_0.actives order by p1_0.id limit ?,?
2025-01-25 22:23:53 [http-nio-8080-exec-5] DEBUG org.hibernate.SQL - select count(p1_0.id) from parts p1_0 where p1_0.actives
2025-01-25 22:24:32 [http-nio-8080-exec-1] DEBUG org.hibernate.SQL - select p1_0.id,p1_0.actives,p1_0.quantities,p1_0.cods,p1_0.images,p1_0.names,p1_0.sector,p1_0.version from parts p1_0 where p1_0.cods=? or upper(p1_0.names) like upper(?) escape '\\' and p1_0.actives order by p1_0.id limit ?
2025-01-25 22:24:46 [http-nio-8080-exec-5] DEBUG org.hibernate.SQL - select p1_0.id,p1_0.actives,p1_0.quantities,p1_0.cods,p1_0.images,p1_0.names,p1_0.sector,p1_0.version from parts p1_0 where p1_0.cods=? or upper(p1_0.names) like upper(?) escape '\\' and p1_0.actives order by p1_0.id limit ?
2025-01-25 22:24:46 [http-nio-8080-exec-5] DEBUG org.hibernate.SQL - select s1_0.id,s1_0.actives,s1_0.columns,s1_0.row_data,s1_0.sector,s1_0.shelves,s1_0.version from sectors s1_0 where s1_0.id=?
2025-01-25 22:25:00 [http-nio-8080-exec-7] DEBUG org.hibernate.SQL - select p1_0.id,p1_0.actives,p1_0.quantities,p1_0.cods,p1_0.images,p1_0.names,p1_0.sector,p1_0.version from parts p1_0 where p1_0.cods=? or upper(p1_0.names) like upper(?) escape '\\' and p1_0.actives order by p1_0.id limit ?
2025-01-25 22:25:00 [http-nio-8080-exec-7] DEBUG org.hibernate.SQL - select s1_0.id,s1_0.actives,s1_0.columns,s1_0.row_data,s1_0.sector,s1_0.shelves,s1_0.version from sectors s1_0 where s1_0.id=?
2025-01-25 22:25:42 [http-nio-8080-exec-1] DEBUG org.hibernate.SQL - select p1_0.id,p1_0.actives,p1_0.quantities,p1_0.cods,p1_0.images,p1_0.names,p1_0.sector,p1_0.version from parts p1_0 where p1_0.actives order by p1_0.id limit ?
2025-01-25 22:25:42 [http-nio-8080-exec-1] DEBUG org.hibernate.SQL - select s1_0.id,s1_0.actives,s1_0.columns,s1_0.row_data,s1_0.sector,s1_0.shelves,s1_0.version from sectors s1_0 where s1_0.id=?
2025-01-25 22:25:42 [http-nio-8080-exec-1] DEBUG org.hibernate.SQL - select count(p1_0.id) from parts p1_0 where p1_0.actives
2025-01-25 22:26:40 [http-nio-8080-exec-1] DEBUG org.hibernate.SQL - select p1_0.id,p1_0.actives,p1_0.quantities,p1_0.cods,p1_0.images,p1_0.names,p1_0.sector,p1_0.version from parts p1_0 where p1_0.cods=? or upper(p1_0.names) like upper(?) escape '\\' and p1_0.actives order by p1_0.id limit ?,?
2025-01-25 22:26:40 [http-nio-8080-exec-1] DEBUG org.hibernate.SQL - select count(p1_0.id) from parts p1_0 where p1_0.cods=? or upper(p1_0.names) like upper(?) escape '\\' and p1_0.actives
2025-01-25 22:26:44 [http-nio-8080-exec-2] DEBUG org.hibernate.SQL - select p1_0.id,p1_0.actives,p1_0.quantities,p1_0.cods,p1_0.images,p1_0.names,p1_0.sector,p1_0.version from parts p1_0 where upper(p1_0.names) like upper(?) escape '\\' and p1_0.actives order by p1_0.id limit ?,?
2025-01-25 22:26:44 [http-nio-8080-exec-2] DEBUG org.hibernate.SQL - select count(p1_0.id) from parts p1_0 where upper(p1_0.names) like upper(?) escape '\\' and p1_0.actives
2025-01-25 22:26:55 [http-nio-8080-exec-10] DEBUG org.hibernate.SQL - select p1_0.id,p1_0.actives,p1_0.quantities,p1_0.cods,p1_0.images,p1_0.names,p1_0.sector,p1_0.version from parts p1_0 where upper(p1_0.names) like upper(?) escape '\\' and p1_0.actives order by p1_0.id limit ?,?
2025-01-25 22:26:55 [http-nio-8080-exec-10] DEBUG org.hibernate.SQL - select count(p1_0.id) from parts p1_0 where upper(p1_0.names) like upper(?) escape '\\' and p1_0.actives
2025-01-25 22:27:05 [http-nio-8080-exec-2] DEBUG org.hibernate.SQL - select p1_0.id,p1_0.actives,p1_0.quantities,p1_0.cods,p1_0.images,p1_0.names,p1_0.sector,p1_0.version from parts p1_0 where p1_0.cods=? and p1_0.actives
2025-01-25 22:27:05 [http-nio-8080-exec-2] DEBUG org.hibernate.SQL - select s1_0.id,s1_0.actives,s1_0.columns,s1_0.row_data,s1_0.sector,s1_0.shelves,s1_0.version from sectors s1_0 where s1_0.id=?
2025-01-25 22:27:08 [http-nio-8080-exec-5] DEBUG org.hibernate.SQL - select p1_0.id,p1_0.actives,p1_0.quantities,p1_0.cods,p1_0.images,p1_0.names,p1_0.sector,p1_0.version from parts p1_0 where p1_0.cods=? and p1_0.actives
2025-01-25 22:27:08 [http-nio-8080-exec-5] DEBUG org.hibernate.SQL - select s1_0.id,s1_0.actives,s1_0.columns,s1_0.row_data,s1_0.sector,s1_0.shelves,s1_0.version from sectors s1_0 where s1_0.id=?
2025-01-25 22:27:09 [http-nio-8080-exec-7] DEBUG org.hibernate.SQL - select p1_0.id,p1_0.actives,p1_0.quantities,p1_0.cods,p1_0.images,p1_0.names,p1_0.sector,p1_0.version from parts p1_0 where p1_0.cods=? and p1_0.actives
2025-01-25 22:27:09 [http-nio-8080-exec-7] DEBUG org.hibernate.SQL - select s1_0.id,s1_0.actives,s1_0.columns,s1_0.row_data,s1_0.sector,s1_0.shelves,s1_0.version from sectors s1_0 where s1_0.id=?
2025-01-25 22:27:17 [http-nio-8080-exec-10] DEBUG org.hibernate.SQL - select p1_0.id,p1_0.actives,p1_0.quantities,p1_0.cods,p1_0.images,p1_0.names,p1_0.sector,p1_0.version from parts p1_0 where p1_0.cods=? and p1_0.actives
2025-01-25 22:27:17 [http-nio-8080-exec-10] DEBUG org.hibernate.SQL - select s1_0.id,s1_0.actives,s1_0.columns,s1_0.row_data,s1_0.sector,s1_0.shelves,s1_0.version from sectors s1_0 where s1_0.id=?
2025-01-25 22:27:34 [http-nio-8080-exec-5] DEBUG org.hibernate.SQL - select p1_0.id,p1_0.actives,p1_0.quantities,p1_0.cods,p1_0.images,p1_0.names,p1_0.sector,p1_0.version from parts p1_0 where upper(p1_0.names) like upper(?) escape '\\' and p1_0.actives order by p1_0.id limit ?
2025-01-25 22:27:34 [http-nio-8080-exec-5] DEBUG org.hibernate.SQL - select s1_0.id,s1_0.actives,s1_0.columns,s1_0.row_data,s1_0.sector,s1_0.shelves,s1_0.version from sectors s1_0 where s1_0.id=?
2025-01-25 22:27:54 [http-nio-8080-exec-9] DEBUG org.hibernate.SQL - select p1_0.id,p1_0.actives,p1_0.quantities,p1_0.cods,p1_0.images,p1_0.names,p1_0.sector,p1_0.version from parts p1_0 where upper(p1_0.names) like upper(?) escape '\\' and p1_0.actives order by p1_0.id limit ?
2025-01-25 22:27:54 [http-nio-8080-exec-9] DEBUG org.hibernate.SQL - select s1_0.id,s1_0.actives,s1_0.columns,s1_0.row_data,s1_0.sector,s1_0.shelves,s1_0.version from sectors s1_0 where s1_0.id=?
2025-01-25 22:31:13 [http-nio-8080-exec-1] DEBUG org.hibernate.SQL - select p1_0.id,p1_0.actives,p1_0.quantities,p1_0.cods,p1_0.images,p1_0.names,p1_0.sector,p1_0.version from parts p1_0 where p1_0.actives order by p1_0.id limit ?
2025-01-25 22:31:13 [http-nio-8080-exec-2] DEBUG org.hibernate.SQL - select p1_0.id,p1_0.actives,p1_0.quantities,p1_0.cods,p1_0.images,p1_0.names,p1_0.sector,p1_0.version from parts p1_0 where p1_0.actives order by p1_0.id limit ?
2025-01-25 22:31:13 [http-nio-8080-exec-1] DEBUG org.hibernate.SQL - select s1_0.id,s1_0.actives,s1_0.columns,s1_0.row_data,s1_0.sector,s1_0.shelves,s1_0.version from sectors s1_0 where s1_0.id=?
2025-01-25 22:31:13 [http-nio-8080-exec-2] DEBUG org.hibernate.SQL - select s1_0.id,s1_0.actives,s1_0.columns,s1_0.row_data,s1_0.sector,s1_0.shelves,s1_0.version from sectors s1_0 where s1_0.id=?
2025-01-25 22:31:13 [http-nio-8080-exec-2] DEBUG org.hibernate.SQL - select count(p1_0.id) from parts p1_0 where p1_0.actives
2025-01-25 22:31:13 [http-nio-8080-exec-1] DEBUG org.hibernate.SQL - select count(p1_0.id) from parts p1_0 where p1_0.actives
2025-01-25 22:31:17 [http-nio-8080-exec-3] DEBUG org.hibernate.SQL - select p1_0.id,p1_0.actives,p1_0.quantities,p1_0.cods,p1_0.images,p1_0.names,p1_0.sector,p1_0.version from parts p1_0 where p1_0.actives order by p1_0.id limit ?,?
2025-01-25 22:31:17 [http-nio-8080-exec-3] DEBUG org.hibernate.SQL - select s1_0.id,s1_0.actives,s1_0.columns,s1_0.row_data,s1_0.sector,s1_0.shelves,s1_0.version from sectors s1_0 where s1_0.id=?
2025-01-25 22:31:17 [http-nio-8080-exec-3] DEBUG org.hibernate.SQL - select count(p1_0.id) from parts p1_0 where p1_0.actives
2025-01-25 22:31:19 [http-nio-8080-exec-5] DEBUG org.hibernate.SQL - select p1_0.id,p1_0.actives,p1_0.quantities,p1_0.cods,p1_0.images,p1_0.names,p1_0.sector,p1_0.version from parts p1_0 where p1_0.actives order by p1_0.id limit ?,?
2025-01-25 22:31:19 [http-nio-8080-exec-5] DEBUG org.hibernate.SQL - select s1_0.id,s1_0.actives,s1_0.columns,s1_0.row_data,s1_0.sector,s1_0.shelves,s1_0.version from sectors s1_0 where s1_0.id=?
2025-01-25 22:31:35 [http-nio-8080-exec-1] DEBUG org.hibernate.SQL - select s1_0.id,s1_0.actives,s1_0.columns,s1_0.row_data,s1_0.sector,s1_0.shelves,s1_0.version from sectors s1_0 where s1_0.actives order by s1_0.id limit ?
2025-01-25 22:31:35 [http-nio-8080-exec-1] DEBUG org.hibernate.SQL - select p1_0.sector,p1_0.id,p1_0.actives,p1_0.quantities,p1_0.cods,p1_0.images,p1_0.names,p1_0.version from parts p1_0 where p1_0.sector=?
2025-01-25 22:33:32 [http-nio-8080-exec-2] DEBUG org.hibernate.SQL - select s1_0.id,s1_0.actives,s1_0.columns,s1_0.row_data,s1_0.sector,s1_0.shelves,s1_0.version from sectors s1_0 where s1_0.id=?
2025-01-25 22:33:33 [http-nio-8080-exec-2] DEBUG org.hibernate.SQL - select p1_0.id from parts p1_0 where p1_0.cods=? and p1_0.names=? and p1_0.sector=? limit ?
2025-01-25 22:33:33 [http-nio-8080-exec-2] DEBUG org.hibernate.SQL - insert into parts (actives,quantities,cods,images,names,sector,version) values (?,?,?,?,?,?,?)
2025-01-25 22:33:34 [http-nio-8080-exec-2] DEBUG org.hibernate.SQL - insert into parts (actives,quantities,cods,images,names,sector,version) values (?,?,?,?,?,?,?)
2025-01-25 22:33:34 [http-nio-8080-exec-2] DEBUG org.hibernate.SQL - insert into parts (actives,quantities,cods,images,names,sector,version) values (?,?,?,?,?,?,?)
2025-01-25 22:33:34 [http-nio-8080-exec-2] DEBUG org.hibernate.SQL - insert into parts (actives,quantities,cods,images,names,sector,version) values (?,?,?,?,?,?,?)
2025-01-25 22:33:34 [http-nio-8080-exec-2] DEBUG org.hibernate.SQL - insert into parts (actives,quantities,cods,images,names,sector,version) values (?,?,?,?,?,?,?)
2025-01-25 22:33:34 [http-nio-8080-exec-2] DEBUG org.hibernate.SQL - insert into parts (actives,quantities,cods,images,names,sector,version) values (?,?,?,?,?,?,?)
2025-01-25 22:33:34 [http-nio-8080-exec-2] DEBUG org.hibernate.SQL - insert into parts (actives,quantities,cods,images,names,sector,version) values (?,?,?,?,?,?,?)
2025-01-25 22:33:34 [http-nio-8080-exec-2] DEBUG org.hibernate.SQL - insert into parts (actives,quantities,cods,images,names,sector,version) values (?,?,?,?,?,?,?)
2025-01-25 22:33:34 [http-nio-8080-exec-2] DEBUG org.hibernate.SQL - insert into parts (actives,quantities,cods,images,names,sector,version) values (?,?,?,?,?,?,?)
2025-01-25 22:33:34 [http-nio-8080-exec-2] DEBUG org.hibernate.SQL - insert into parts (actives,quantities,cods,images,names,sector,version) values (?,?,?,?,?,?,?)
2025-01-25 22:33:34 [http-nio-8080-exec-2] DEBUG org.hibernate.SQL - insert into parts (actives,quantities,cods,images,names,sector,version) values (?,?,?,?,?,?,?)
2025-01-25 22:33:34 [http-nio-8080-exec-2] DEBUG org.hibernate.SQL - insert into parts (actives,quantities,cods,images,names,sector,version) values (?,?,?,?,?,?,?)
2025-01-25 22:33:34 [http-nio-8080-exec-2] DEBUG org.hibernate.SQL - insert into parts (actives,quantities,cods,images,names,sector,version) values (?,?,?,?,?,?,?)
2025-01-25 22:33:34 [http-nio-8080-exec-2] DEBUG org.hibernate.SQL - insert into parts (actives,quantities,cods,images,names,sector,version) values (?,?,?,?,?,?,?)
2025-01-25 22:33:34 [http-nio-8080-exec-2] DEBUG org.hibernate.SQL - insert into parts (actives,quantities,cods,images,names,sector,version) values (?,?,?,?,?,?,?)
2025-01-25 22:33:34 [http-nio-8080-exec-2] DEBUG org.hibernate.SQL - insert into parts (actives,quantities,cods,images,names,sector,version) values (?,?,?,?,?,?,?)
2025-01-25 22:33:34 [http-nio-8080-exec-2] DEBUG org.hibernate.SQL - insert into parts (actives,quantities,cods,images,names,sector,version) values (?,?,?,?,?,?,?)
2025-01-25 22:33:34 [http-nio-8080-exec-2] DEBUG org.hibernate.SQL - insert into parts (actives,quantities,cods,images,names,sector,version) values (?,?,?,?,?,?,?)
2025-01-25 22:33:34 [http-nio-8080-exec-2] DEBUG org.hibernate.SQL - insert into parts (actives,quantities,cods,images,names,sector,version) values (?,?,?,?,?,?,?)
2025-01-25 22:33:34 [http-nio-8080-exec-2] DEBUG org.hibernate.SQL - insert into parts (actives,quantities,cods,images,names,sector,version) values (?,?,?,?,?,?,?)
2025-01-25 22:33:35 [http-nio-8080-exec-2] DEBUG org.hibernate.SQL - insert into parts (actives,quantities,cods,images,names,sector,version) values (?,?,?,?,?,?,?)
2025-01-25 22:33:35 [http-nio-8080-exec-2] DEBUG org.hibernate.SQL - insert into parts (actives,quantities,cods,images,names,sector,version) values (?,?,?,?,?,?,?)
2025-01-25 22:33:38 [http-nio-8080-exec-4] DEBUG org.hibernate.SQL - select p1_0.id,p1_0.actives,p1_0.quantities,p1_0.cods,p1_0.images,p1_0.names,p1_0.sector,p1_0.version from parts p1_0 where p1_0.actives order by p1_0.id limit ?
2025-01-25 22:33:38 [http-nio-8080-exec-4] DEBUG org.hibernate.SQL - select s1_0.id,s1_0.actives,s1_0.columns,s1_0.row_data,s1_0.sector,s1_0.shelves,s1_0.version from sectors s1_0 where s1_0.id=?
2025-01-25 22:33:38 [http-nio-8080-exec-4] DEBUG org.hibernate.SQL - select count(p1_0.id) from parts p1_0 where p1_0.actives
2025-01-25 22:33:42 [http-nio-8080-exec-7] DEBUG org.hibernate.SQL - select p1_0.id,p1_0.actives,p1_0.quantities,p1_0.cods,p1_0.images,p1_0.names,p1_0.sector,p1_0.version from parts p1_0 where p1_0.actives order by p1_0.id limit ?,?
2025-01-25 22:33:42 [http-nio-8080-exec-7] DEBUG org.hibernate.SQL - select s1_0.id,s1_0.actives,s1_0.columns,s1_0.row_data,s1_0.sector,s1_0.shelves,s1_0.version from sectors s1_0 where s1_0.id=?
2025-01-25 22:33:44 [http-nio-8080-exec-9] DEBUG org.hibernate.SQL - select p1_0.id,p1_0.actives,p1_0.quantities,p1_0.cods,p1_0.images,p1_0.names,p1_0.sector,p1_0.version from parts p1_0 where p1_0.actives order by p1_0.id limit ?,?
2025-01-25 22:33:44 [http-nio-8080-exec-9] DEBUG org.hibernate.SQL - select s1_0.id,s1_0.actives,s1_0.columns,s1_0.row_data,s1_0.sector,s1_0.shelves,s1_0.version from sectors s1_0 where s1_0.id=?
2025-01-25 22:33:44 [http-nio-8080-exec-9] DEBUG org.hibernate.SQL - select count(p1_0.id) from parts p1_0 where p1_0.actives
2025-01-25 22:33:50 [http-nio-8080-exec-1] DEBUG org.hibernate.SQL - select p1_0.id,p1_0.actives,p1_0.quantities,p1_0.cods,p1_0.images,p1_0.names,p1_0.sector,p1_0.version from parts p1_0 where upper(p1_0.names) like upper(?) escape '\\' and p1_0.actives order by p1_0.id limit ?,?
2025-01-25 22:33:50 [http-nio-8080-exec-1] DEBUG org.hibernate.SQL - select count(p1_0.id) from parts p1_0 where upper(p1_0.names) like upper(?) escape '\\' and p1_0.actives
2025-01-25 22:34:09 [http-nio-8080-exec-6] DEBUG org.hibernate.SQL - select p1_0.id,p1_0.actives,p1_0.quantities,p1_0.cods,p1_0.images,p1_0.names,p1_0.sector,p1_0.version from parts p1_0 where upper(p1_0.names) like upper(?) escape '\\' and p1_0.actives order by p1_0.id limit ?,?
2025-01-25 22:34:09 [http-nio-8080-exec-6] DEBUG org.hibernate.SQL - select count(p1_0.id) from parts p1_0 where upper(p1_0.names) like upper(?) escape '\\' and p1_0.actives
2025-01-25 22:34:10 [http-nio-8080-exec-7] DEBUG org.hibernate.SQL - select s1_0.id,s1_0.actives,s1_0.columns,s1_0.row_data,s1_0.sector,s1_0.shelves,s1_0.version from sectors s1_0 where s1_0.actives order by s1_0.id limit ?
2025-01-25 22:34:10 [http-nio-8080-exec-7] DEBUG org.hibernate.SQL - select p1_0.sector,p1_0.id,p1_0.actives,p1_0.quantities,p1_0.cods,p1_0.images,p1_0.names,p1_0.version from parts p1_0 where p1_0.sector=?
2025-01-25 22:34:19 [http-nio-8080-exec-1] DEBUG org.hibernate.SQL - select p1_0.id,p1_0.actives,p1_0.quantities,p1_0.cods,p1_0.images,p1_0.names,p1_0.sector,p1_0.version from parts p1_0 where upper(p1_0.names) like upper(?) escape '\\' and p1_0.actives order by p1_0.id limit ?
2025-01-25 22:34:24 [http-nio-8080-exec-3] DEBUG org.hibernate.SQL - select p1_0.id,p1_0.actives,p1_0.quantities,p1_0.cods,p1_0.images,p1_0.names,p1_0.sector,p1_0.version from parts p1_0 where upper(p1_0.names) like upper(?) escape '\\' and p1_0.actives order by p1_0.id limit ?
2025-01-25 22:34:24 [http-nio-8080-exec-3] DEBUG org.hibernate.SQL - select s1_0.id,s1_0.actives,s1_0.columns,s1_0.row_data,s1_0.sector,s1_0.shelves,s1_0.version from sectors s1_0 where s1_0.id=?
2025-01-25 22:34:46 [http-nio-8080-exec-1] DEBUG org.hibernate.SQL - select p1_0.id,p1_0.actives,p1_0.quantities,p1_0.cods,p1_0.images,p1_0.names,p1_0.sector,p1_0.version from parts p1_0 where upper(p1_0.names) like upper(?) escape '\\' and p1_0.actives order by p1_0.id limit ?,?
2025-01-25 22:34:46 [http-nio-8080-exec-1] DEBUG org.hibernate.SQL - select count(p1_0.id) from parts p1_0 where upper(p1_0.names) like upper(?) escape '\\' and p1_0.actives
2025-01-25 22:34:53 [http-nio-8080-exec-9] DEBUG org.hibernate.SQL - select p1_0.id,p1_0.actives,p1_0.quantities,p1_0.cods,p1_0.images,p1_0.names,p1_0.sector,p1_0.version from parts p1_0 where upper(p1_0.names) like upper(?) escape '\\' and p1_0.actives order by p1_0.id limit ?,?
2025-01-25 22:34:53 [http-nio-8080-exec-9] DEBUG org.hibernate.SQL - select count(p1_0.id) from parts p1_0 where upper(p1_0.names) like upper(?) escape '\\' and p1_0.actives
2025-01-25 22:34:56 [http-nio-8080-exec-4] DEBUG org.hibernate.SQL - select p1_0.id,p1_0.actives,p1_0.quantities,p1_0.cods,p1_0.images,p1_0.names,p1_0.sector,p1_0.version from parts p1_0 where upper(p1_0.names) like upper(?) escape '\\' and p1_0.actives order by p1_0.id limit ?,?
2025-01-25 22:34:56 [http-nio-8080-exec-4] DEBUG org.hibernate.SQL - select s1_0.id,s1_0.actives,s1_0.columns,s1_0.row_data,s1_0.sector,s1_0.shelves,s1_0.version from sectors s1_0 where s1_0.id=?
2025-01-25 22:34:56 [http-nio-8080-exec-4] DEBUG org.hibernate.SQL - select count(p1_0.id) from parts p1_0 where upper(p1_0.names) like upper(?) escape '\\' and p1_0.actives
2025-01-25 22:34:59 [http-nio-8080-exec-6] DEBUG org.hibernate.SQL - select p1_0.id,p1_0.actives,p1_0.quantities,p1_0.cods,p1_0.images,p1_0.names,p1_0.sector,p1_0.version from parts p1_0 where upper(p1_0.names) like upper(?) escape '\\' and p1_0.actives order by p1_0.id limit ?
2025-01-25 22:34:59 [http-nio-8080-exec-6] DEBUG org.hibernate.SQL - select s1_0.id,s1_0.actives,s1_0.columns,s1_0.row_data,s1_0.sector,s1_0.shelves,s1_0.version from sectors s1_0 where s1_0.id=?
2025-01-25 22:34:59 [http-nio-8080-exec-6] DEBUG org.hibernate.SQL - select count(p1_0.id) from parts p1_0 where upper(p1_0.names) like upper(?) escape '\\' and p1_0.actives
2025-01-25 22:35:01 [http-nio-8080-exec-8] DEBUG org.hibernate.SQL - select p1_0.id,p1_0.actives,p1_0.quantities,p1_0.cods,p1_0.images,p1_0.names,p1_0.sector,p1_0.version from parts p1_0 where upper(p1_0.names) like upper(?) escape '\\' and p1_0.actives order by p1_0.id limit ?,?
2025-01-25 22:35:01 [http-nio-8080-exec-8] DEBUG org.hibernate.SQL - select s1_0.id,s1_0.actives,s1_0.columns,s1_0.row_data,s1_0.sector,s1_0.shelves,s1_0.version from sectors s1_0 where s1_0.id=?
2025-01-25 22:35:09 [http-nio-8080-exec-2] DEBUG org.hibernate.SQL - select p1_0.id,p1_0.actives,p1_0.quantities,p1_0.cods,p1_0.images,p1_0.names,p1_0.sector,p1_0.version from parts p1_0 where upper(p1_0.names) like upper(?) escape '\\' and p1_0.actives order by p1_0.id limit ?,?
2025-01-25 22:35:09 [http-nio-8080-exec-2] DEBUG org.hibernate.SQL - select s1_0.id,s1_0.actives,s1_0.columns,s1_0.row_data,s1_0.sector,s1_0.shelves,s1_0.version from sectors s1_0 where s1_0.id=?
2025-01-25 22:35:09 [http-nio-8080-exec-2] DEBUG org.hibernate.SQL - select count(p1_0.id) from parts p1_0 where upper(p1_0.names) like upper(?) escape '\\' and p1_0.actives
2025-01-25 22:35:13 [http-nio-8080-exec-8] DEBUG org.hibernate.SQL - select p1_0.id,p1_0.actives,p1_0.quantities,p1_0.cods,p1_0.images,p1_0.names,p1_0.sector,p1_0.version from parts p1_0 where upper(p1_0.names) like upper(?) escape '\\' and p1_0.actives order by p1_0.id limit ?
2025-01-25 22:35:13 [http-nio-8080-exec-8] DEBUG org.hibernate.SQL - select s1_0.id,s1_0.actives,s1_0.columns,s1_0.row_data,s1_0.sector,s1_0.shelves,s1_0.version from sectors s1_0 where s1_0.id=?
2025-01-25 22:35:13 [http-nio-8080-exec-8] DEBUG org.hibernate.SQL - select count(p1_0.id) from parts p1_0 where upper(p1_0.names) like upper(?) escape '\\' and p1_0.actives
2025-01-25 22:35:18 [http-nio-8080-exec-1] DEBUG org.hibernate.SQL - select p1_0.id,p1_0.actives,p1_0.quantities,p1_0.cods,p1_0.images,p1_0.names,p1_0.sector,p1_0.version from parts p1_0 where upper(p1_0.names) like upper(?) escape '\\' and p1_0.actives order by p1_0.id limit ?,?
2025-01-25 22:35:18 [http-nio-8080-exec-1] DEBUG org.hibernate.SQL - select s1_0.id,s1_0.actives,s1_0.columns,s1_0.row_data,s1_0.sector,s1_0.shelves,s1_0.version from sectors s1_0 where s1_0.id=?
2025-01-25 22:35:44 [http-nio-8080-exec-7] DEBUG org.hibernate.SQL - select p1_0.id,p1_0.actives,p1_0.quantities,p1_0.cods,p1_0.images,p1_0.names,p1_0.sector,p1_0.version from parts p1_0 where upper(p1_0.names) like upper(?) escape '\\' and p1_0.actives order by p1_0.id limit ?
2025-01-25 22:35:44 [http-nio-8080-exec-7] DEBUG org.hibernate.SQL - select s1_0.id,s1_0.actives,s1_0.columns,s1_0.row_data,s1_0.sector,s1_0.shelves,s1_0.version from sectors s1_0 where s1_0.id=?
2025-01-25 22:35:44 [http-nio-8080-exec-7] DEBUG org.hibernate.SQL - select count(p1_0.id) from parts p1_0 where upper(p1_0.names) like upper(?) escape '\\' and p1_0.actives
2025-01-25 22:35:49 [http-nio-8080-exec-9] DEBUG org.hibernate.SQL - select p1_0.id,p1_0.actives,p1_0.quantities,p1_0.cods,p1_0.images,p1_0.names,p1_0.sector,p1_0.version from parts p1_0 where upper(p1_0.names) like upper(?) escape '\\' and p1_0.actives order by p1_0.id limit ?
2025-01-25 22:35:49 [http-nio-8080-exec-9] DEBUG org.hibernate.SQL - select s1_0.id,s1_0.actives,s1_0.columns,s1_0.row_data,s1_0.sector,s1_0.shelves,s1_0.version from sectors s1_0 where s1_0.id=?
2025-01-25 22:35:49 [http-nio-8080-exec-9] DEBUG org.hibernate.SQL - select count(p1_0.id) from parts p1_0 where upper(p1_0.names) like upper(?) escape '\\' and p1_0.actives
2025-01-25 22:35:58 [http-nio-8080-exec-2] DEBUG org.hibernate.SQL - select p1_0.id,p1_0.actives,p1_0.quantities,p1_0.cods,p1_0.images,p1_0.names,p1_0.sector,p1_0.version from parts p1_0 where upper(p1_0.names) like upper(?) escape '\\' and p1_0.actives order by p1_0.id limit ?
2025-01-25 22:35:58 [http-nio-8080-exec-2] DEBUG org.hibernate.SQL - select s1_0.id,s1_0.actives,s1_0.columns,s1_0.row_data,s1_0.sector,s1_0.shelves,s1_0.version from sectors s1_0 where s1_0.id=?
2025-01-25 22:36:03 [http-nio-8080-exec-5] DEBUG org.hibernate.SQL - select p1_0.id,p1_0.actives,p1_0.quantities,p1_0.cods,p1_0.images,p1_0.names,p1_0.sector,p1_0.version from parts p1_0 where upper(p1_0.names) like upper(?) escape '\\' and p1_0.actives order by p1_0.id limit ?
2025-01-25 22:36:03 [http-nio-8080-exec-5] DEBUG org.hibernate.SQL - select s1_0.id,s1_0.actives,s1_0.columns,s1_0.row_data,s1_0.sector,s1_0.shelves,s1_0.version from sectors s1_0 where s1_0.id=?
2025-01-25 22:36:52 [http-nio-8080-exec-1] DEBUG org.hibernate.SQL - select p1_0.id,p1_0.actives,p1_0.quantities,p1_0.cods,p1_0.images,p1_0.names,p1_0.sector,p1_0.version from parts p1_0 where upper(p1_0.names) like upper(?) escape '\\' and p1_0.actives order by p1_0.id limit ?
2025-01-25 22:36:53 [http-nio-8080-exec-1] DEBUG org.hibernate.SQL - select s1_0.id,s1_0.actives,s1_0.columns,s1_0.row_data,s1_0.sector,s1_0.shelves,s1_0.version from sectors s1_0 where s1_0.id=?
2025-01-25 22:36:56 [http-nio-8080-exec-3] DEBUG org.hibernate.SQL - select s1_0.id,s1_0.actives,s1_0.columns,s1_0.row_data,s1_0.sector,s1_0.shelves,s1_0.version from sectors s1_0 where s1_0.actives order by s1_0.id limit ?
2025-01-25 22:36:56 [http-nio-8080-exec-3] DEBUG org.hibernate.SQL - select p1_0.sector,p1_0.id,p1_0.actives,p1_0.quantities,p1_0.cods,p1_0.images,p1_0.names,p1_0.version from parts p1_0 where p1_0.sector=?
2025-01-25 22:36:58 [http-nio-8080-exec-4] DEBUG org.hibernate.SQL - select p1_0.id,p1_0.actives,p1_0.quantities,p1_0.cods,p1_0.images,p1_0.names,p1_0.sector,p1_0.version from parts p1_0 where p1_0.actives order by p1_0.id limit ?
2025-01-25 22:36:58 [http-nio-8080-exec-4] DEBUG org.hibernate.SQL - select s1_0.id,s1_0.actives,s1_0.columns,s1_0.row_data,s1_0.sector,s1_0.shelves,s1_0.version from sectors s1_0 where s1_0.id=?
2025-01-25 22:36:58 [http-nio-8080-exec-4] DEBUG org.hibernate.SQL - select count(p1_0.id) from parts p1_0 where p1_0.actives
2025-01-25 22:37:06 [http-nio-8080-exec-5] DEBUG org.hibernate.SQL - select p1_0.id,p1_0.actives,p1_0.quantities,p1_0.cods,p1_0.images,p1_0.names,p1_0.sector,p1_0.version from parts p1_0 where upper(p1_0.names) like upper(?) escape '\\' and p1_0.actives order by p1_0.id limit ?
2025-01-25 22:37:13 [http-nio-8080-exec-6] DEBUG org.hibernate.SQL - select p1_0.id,p1_0.actives,p1_0.quantities,p1_0.cods,p1_0.images,p1_0.names,p1_0.sector,p1_0.version from parts p1_0 where upper(p1_0.names) like upper(?) escape '\\' and p1_0.actives order by p1_0.id limit ?
2025-01-25 22:37:13 [http-nio-8080-exec-6] DEBUG org.hibernate.SQL - select s1_0.id,s1_0.actives,s1_0.columns,s1_0.row_data,s1_0.sector,s1_0.shelves,s1_0.version from sectors s1_0 where s1_0.id=?
2025-01-25 22:37:21 [http-nio-8080-exec-7] DEBUG org.hibernate.SQL - select p1_0.id,p1_0.actives,p1_0.quantities,p1_0.cods,p1_0.images,p1_0.names,p1_0.sector,p1_0.version from parts p1_0 where upper(p1_0.names) like upper(?) escape '\\' and p1_0.actives order by p1_0.id limit ?
2025-01-25 22:37:21 [http-nio-8080-exec-7] DEBUG org.hibernate.SQL - select s1_0.id,s1_0.actives,s1_0.columns,s1_0.row_data,s1_0.sector,s1_0.shelves,s1_0.version from sectors s1_0 where s1_0.id=?
2025-01-25 22:37:21 [http-nio-8080-exec-7] DEBUG org.hibernate.SQL - select count(p1_0.id) from parts p1_0 where upper(p1_0.names) like upper(?) escape '\\' and p1_0.actives
2025-01-25 22:37:34 [http-nio-8080-exec-8] DEBUG org.hibernate.SQL - select p1_0.id,p1_0.actives,p1_0.quantities,p1_0.cods,p1_0.images,p1_0.names,p1_0.sector,p1_0.version from parts p1_0 where upper(p1_0.names) like upper(?) escape '\\' and p1_0.actives order by p1_0.id limit ?
2025-01-25 22:37:34 [http-nio-8080-exec-8] DEBUG org.hibernate.SQL - select s1_0.id,s1_0.actives,s1_0.columns,s1_0.row_data,s1_0.sector,s1_0.shelves,s1_0.version from sectors s1_0 where s1_0.id=?
2025-01-25 22:37:34 [http-nio-8080-exec-8] DEBUG org.hibernate.SQL - select count(p1_0.id) from parts p1_0 where upper(p1_0.names) like upper(?) escape '\\' and p1_0.actives
2025-01-25 22:37:37 [http-nio-8080-exec-2] DEBUG org.hibernate.SQL - select p1_0.id,p1_0.actives,p1_0.quantities,p1_0.cods,p1_0.images,p1_0.names,p1_0.sector,p1_0.version from parts p1_0 where upper(p1_0.names) like upper(?) escape '\\' and p1_0.actives order by p1_0.id limit ?,?
2025-01-25 22:37:37 [http-nio-8080-exec-2] DEBUG org.hibernate.SQL - select s1_0.id,s1_0.actives,s1_0.columns,s1_0.row_data,s1_0.sector,s1_0.shelves,s1_0.version from sectors s1_0 where s1_0.id=?
2025-01-25 22:43:54 [main] DEBUG org.hibernate.SQL - 
    drop table if exists parts cascade 
2025-01-25 22:43:54 [main] DEBUG org.hibernate.SQL - 
    drop table if exists sectors cascade 
2025-01-25 22:43:54 [main] DEBUG org.hibernate.SQL - 
    create table parts (
        actives boolean not null,
        quantities float(53) not null,
        version integer,
        cods bigint not null,
        id bigint generated by default as identity,
        sector bigint,
        names varchar(255) not null,
        images blob not null,
        primary key (id)
    )
2025-01-25 22:43:54 [main] DEBUG org.hibernate.SQL - 
    create table sectors (
        actives boolean not null,
        version integer,
        id bigint generated by default as identity,
        columns varchar(255) not null,
        row_data varchar(255) not null,
        sector varchar(255) not null,
        shelves varchar(255) not null,
        primary key (id)
    )
2025-01-25 22:43:54 [main] DEBUG org.hibernate.SQL - 
    alter table if exists parts 
       add constraint FK44bpbjjhvt2bd6spralcvfki7 
       foreign key (sector) 
       references sectors
2025-01-25 22:44:02 [main] DEBUG org.hibernate.SQL - 
    insert 
    into
        sectors
        (actives, columns, row_data, sector, shelves, version, id) 
    values
        (?, ?, ?, ?, ?, ?, default)
2025-01-25 22:44:03 [main] DEBUG org.hibernate.SQL - 
    insert 
    into
        parts
        (actives, quantities, cods, images, names, sector, version, id) 
    values
        (?, ?, ?, ?, ?, ?, ?, default)
2025-01-25 22:44:03 [main] DEBUG org.hibernate.SQL - 
    insert 
    into
        sectors
        (actives, columns, row_data, sector, shelves, version, id) 
    values
        (?, ?, ?, ?, ?, ?, default)
2025-01-25 22:44:03 [main] DEBUG org.hibernate.SQL - 
    select
        p1_0.id,
        p1_0.actives,
        p1_0.quantities,
        p1_0.cods,
        p1_0.images,
        p1_0.names,
        s1_0.id,
        s1_0.actives,
        s1_0.columns,
        s1_0.row_data,
        s1_0.sector,
        s1_0.shelves,
        s1_0.version,
        p1_0.version 
    from
        parts p1_0 
    left join
        sectors s1_0 
            on s1_0.id=p1_0.sector 
    where
        p1_0.id=?
2025-01-25 22:44:04 [main] DEBUG org.hibernate.SQL - 
    select
        s1_0.id,
        s1_0.actives,
        s1_0.columns,
        s1_0.row_data,
        s1_0.sector,
        s1_0.shelves,
        s1_0.version 
    from
        sectors s1_0 
    where
        s1_0.id=? 
        and s1_0.actives
2025-01-25 22:44:04 [main] DEBUG org.hibernate.SQL - 
    update
        parts 
    set
        actives=?,
        quantities=?,
        cods=?,
        images=?,
        names=?,
        sector=?,
        version=? 
    where
        id=? 
        and version=?
2025-01-25 22:44:04 [main] DEBUG org.hibernate.SQL - 
    select
        p1_0.id,
        p1_0.actives,
        p1_0.quantities,
        p1_0.cods,
        p1_0.images,
        p1_0.names,
        s1_0.id,
        s1_0.actives,
        s1_0.columns,
        s1_0.row_data,
        s1_0.sector,
        s1_0.shelves,
        s1_0.version,
        p1_0.version 
    from
        parts p1_0 
    left join
        sectors s1_0 
            on s1_0.id=p1_0.sector 
    where
        p1_0.id=?
2025-01-25 22:44:04 [main] DEBUG org.hibernate.SQL - 
    delete 
    from
        parts 
    where
        id=? 
        and version=?
2025-01-25 22:44:04 [main] DEBUG org.hibernate.SQL - 
    select
        s1_0.id,
        s1_0.actives,
        s1_0.columns,
        s1_0.row_data,
        s1_0.sector,
        s1_0.shelves,
        s1_0.version 
    from
        sectors s1_0 
    where
        s1_0.id=?
2025-01-25 22:44:04 [main] DEBUG org.hibernate.SQL - 
    select
        p1_0.sector,
        p1_0.id,
        p1_0.actives,
        p1_0.quantities,
        p1_0.cods,
        p1_0.images,
        p1_0.names,
        p1_0.version 
    from
        parts p1_0 
    where
        p1_0.sector=?
2025-01-25 22:44:04 [main] DEBUG org.hibernate.SQL - 
    delete 
    from
        sectors 
    where
        id=? 
        and version=?
2025-01-25 22:44:04 [main] DEBUG org.hibernate.SQL - 
    select
        s1_0.id,
        s1_0.actives,
        s1_0.columns,
        s1_0.row_data,
        s1_0.sector,
        s1_0.shelves,
        s1_0.version 
    from
        sectors s1_0 
    where
        s1_0.id=?
2025-01-25 22:44:04 [main] DEBUG org.hibernate.SQL - 
    select
        p1_0.sector,
        p1_0.id,
        p1_0.actives,
        p1_0.quantities,
        p1_0.cods,
        p1_0.images,
        p1_0.names,
        p1_0.version 
    from
        parts p1_0 
    where
        p1_0.sector=?
2025-01-25 22:44:04 [main] DEBUG org.hibernate.SQL - 
    delete 
    from
        sectors 
    where
        id=? 
        and version=?
2025-01-25 22:44:04 [main] DEBUG org.hibernate.SQL - 
    select
        p1_0.id,
        p1_0.actives,
        p1_0.quantities,
        p1_0.cods,
        p1_0.images,
        p1_0.names,
        p1_0.sector,
        p1_0.version 
    from
        parts p1_0 
    where
        p1_0.actives 
    order by
        p1_0.id 
    fetch
        first ? rows only
2025-01-25 22:44:04 [main] DEBUG org.hibernate.SQL - 
    insert 
    into
        sectors
        (actives, columns, row_data, sector, shelves, version, id) 
    values
        (?, ?, ?, ?, ?, ?, default)
2025-01-25 22:44:04 [main] DEBUG org.hibernate.SQL - 
    insert 
    into
        parts
        (actives, quantities, cods, images, names, sector, version, id) 
    values
        (?, ?, ?, ?, ?, ?, ?, default)
2025-01-25 22:44:04 [main] DEBUG org.hibernate.SQL - 
    select
        p1_0.id,
        p1_0.actives,
        p1_0.quantities,
        p1_0.cods,
        p1_0.images,
        p1_0.names,
        s1_0.id,
        s1_0.actives,
        s1_0.columns,
        s1_0.row_data,
        s1_0.sector,
        s1_0.shelves,
        s1_0.version,
        p1_0.version 
    from
        parts p1_0 
    left join
        sectors s1_0 
            on s1_0.id=p1_0.sector 
    where
        p1_0.id=?
2025-01-25 22:44:04 [main] DEBUG org.hibernate.SQL - 
    update
        parts 
    set
        actives=?,
        quantities=?,
        cods=?,
        images=?,
        names=?,
        sector=?,
        version=? 
    where
        id=? 
        and version=?
2025-01-25 22:44:04 [main] DEBUG org.hibernate.SQL - 
    select
        p1_0.id,
        p1_0.actives,
        p1_0.quantities,
        p1_0.cods,
        p1_0.images,
        p1_0.names,
        s1_0.id,
        s1_0.actives,
        s1_0.columns,
        s1_0.row_data,
        s1_0.sector,
        s1_0.shelves,
        s1_0.version,
        p1_0.version 
    from
        parts p1_0 
    left join
        sectors s1_0 
            on s1_0.id=p1_0.sector 
    where
        p1_0.id=?
2025-01-25 22:44:04 [main] DEBUG org.hibernate.SQL - 
    delete 
    from
        parts 
    where
        id=? 
        and version=?
2025-01-25 22:44:04 [main] DEBUG org.hibernate.SQL - 
    select
        s1_0.id,
        s1_0.actives,
        s1_0.columns,
        s1_0.row_data,
        s1_0.sector,
        s1_0.shelves,
        s1_0.version 
    from
        sectors s1_0 
    where
        s1_0.id=?
2025-01-25 22:44:04 [main] DEBUG org.hibernate.SQL - 
    select
        p1_0.sector,
        p1_0.id,
        p1_0.actives,
        p1_0.quantities,
        p1_0.cods,
        p1_0.images,
        p1_0.names,
        p1_0.version 
    from
        parts p1_0 
    where
        p1_0.sector=?
2025-01-25 22:44:04 [main] DEBUG org.hibernate.SQL - 
    delete 
    from
        sectors 
    where
        id=? 
        and version=?
2025-01-25 22:44:04 [main] DEBUG org.hibernate.SQL - 
    insert 
    into
        sectors
        (actives, columns, row_data, sector, shelves, version, id) 
    values
        (?, ?, ?, ?, ?, ?, default)
2025-01-25 22:44:04 [main] DEBUG org.hibernate.SQL - 
    insert 
    into
        parts
        (actives, quantities, cods, images, names, sector, version, id) 
    values
        (?, ?, ?, ?, ?, ?, ?, default)
2025-01-25 22:44:05 [main] DEBUG org.hibernate.SQL - 
    select
        p1_0.id,
        p1_0.actives,
        p1_0.quantities,
        p1_0.cods,
        p1_0.images,
        p1_0.names,
        p1_0.sector,
        p1_0.version 
    from
        parts p1_0 
    where
        p1_0.id=? 
        and p1_0.actives
2025-01-25 22:44:05 [main] DEBUG org.hibernate.SQL - 
    select
        s1_0.id,
        s1_0.actives,
        s1_0.columns,
        s1_0.row_data,
        s1_0.sector,
        s1_0.shelves,
        s1_0.version 
    from
        sectors s1_0 
    where
        s1_0.id=?
2025-01-25 22:44:05 [main] DEBUG org.hibernate.SQL - 
    select
        p1_0.id,
        p1_0.actives,
        p1_0.quantities,
        p1_0.cods,
        p1_0.images,
        p1_0.names,
        s1_0.id,
        s1_0.actives,
        s1_0.columns,
        s1_0.row_data,
        s1_0.sector,
        s1_0.shelves,
        s1_0.version,
        p1_0.version 
    from
        parts p1_0 
    left join
        sectors s1_0 
            on s1_0.id=p1_0.sector 
    where
        p1_0.id=?
2025-01-25 22:44:05 [main] DEBUG org.hibernate.SQL - 
    delete 
    from
        parts 
    where
        id=? 
        and version=?
2025-01-25 22:44:05 [main] DEBUG org.hibernate.SQL - 
    select
        s1_0.id,
        s1_0.actives,
        s1_0.columns,
        s1_0.row_data,
        s1_0.sector,
        s1_0.shelves,
        s1_0.version 
    from
        sectors s1_0 
    where
        s1_0.id=?
2025-01-25 22:44:05 [main] DEBUG org.hibernate.SQL - 
    select
        p1_0.sector,
        p1_0.id,
        p1_0.actives,
        p1_0.quantities,
        p1_0.cods,
        p1_0.images,
        p1_0.names,
        p1_0.version 
    from
        parts p1_0 
    where
        p1_0.sector=?
2025-01-25 22:44:05 [main] DEBUG org.hibernate.SQL - 
    delete 
    from
        sectors 
    where
        id=? 
        and version=?
2025-01-25 22:44:05 [main] DEBUG org.hibernate.SQL - 
    insert 
    into
        sectors
        (actives, columns, row_data, sector, shelves, version, id) 
    values
        (?, ?, ?, ?, ?, ?, default)
2025-01-25 22:44:05 [main] DEBUG org.hibernate.SQL - 
    select
        s1_0.id,
        s1_0.actives,
        s1_0.columns,
        s1_0.row_data,
        s1_0.sector,
        s1_0.shelves,
        s1_0.version 
    from
        sectors s1_0 
    where
        s1_0.id=?
2025-01-25 22:44:05 [main] DEBUG org.hibernate.SQL - 
    select
        p1_0.id 
    from
        parts p1_0 
    where
        p1_0.cods=? 
        and p1_0.names=? 
        and p1_0.sector=? 
    fetch
        first ? rows only
2025-01-25 22:44:06 [main] DEBUG org.hibernate.SQL - 
    insert 
    into
        parts
        (actives, quantities, cods, images, names, sector, version, id) 
    values
        (?, ?, ?, ?, ?, ?, ?, default)
2025-01-25 22:44:06 [main] DEBUG org.hibernate.SQL - 
    select
        s1_0.id,
        s1_0.actives,
        s1_0.columns,
        s1_0.row_data,
        s1_0.sector,
        s1_0.shelves,
        s1_0.version 
    from
        sectors s1_0 
    where
        s1_0.id=?
2025-01-25 22:44:06 [main] DEBUG org.hibernate.SQL - 
    select
        p1_0.sector,
        p1_0.id,
        p1_0.actives,
        p1_0.quantities,
        p1_0.cods,
        p1_0.images,
        p1_0.names,
        p1_0.version 
    from
        parts p1_0 
    where
        p1_0.sector=?
2025-01-25 22:44:06 [main] DEBUG org.hibernate.SQL - 
    delete 
    from
        parts 
    where
        id=? 
        and version=?
2025-01-25 22:44:06 [main] DEBUG org.hibernate.SQL - 
    delete 
    from
        sectors 
    where
        id=? 
        and version=?
2025-01-25 22:44:06 [main] DEBUG org.hibernate.SQL - 
    insert 
    into
        sectors
        (actives, columns, row_data, sector, shelves, version, id) 
    values
        (?, ?, ?, ?, ?, ?, default)
2025-01-25 22:44:06 [main] DEBUG org.hibernate.SQL - 
    insert 
    into
        parts
        (actives, quantities, cods, images, names, sector, version, id) 
    values
        (?, ?, ?, ?, ?, ?, ?, default)
2025-01-25 22:44:06 [main] DEBUG org.hibernate.SQL - 
    insert 
    into
        sectors
        (actives, columns, row_data, sector, shelves, version, id) 
    values
        (?, ?, ?, ?, ?, ?, default)
2025-01-25 22:44:06 [main] DEBUG org.hibernate.SQL - 
    insert 
    into
        parts
        (actives, quantities, cods, images, names, sector, version, id) 
    values
        (?, ?, ?, ?, ?, ?, ?, default)
2025-01-25 22:44:06 [main] DEBUG org.hibernate.SQL - 
    select
        p1_0.id,
        p1_0.actives,
        p1_0.quantities,
        p1_0.cods,
        p1_0.images,
        p1_0.names,
        p1_0.sector,
        p1_0.version 
    from
        parts p1_0 
    where
        upper(p1_0.names) like upper(?) escape '\' 
        and p1_0.actives 
    order by
        p1_0.id 
    fetch
        first ? rows only
2025-01-25 22:44:06 [main] DEBUG org.hibernate.SQL - 
    select
        s1_0.id,
        s1_0.actives,
        s1_0.columns,
        s1_0.row_data,
        s1_0.sector,
        s1_0.shelves,
        s1_0.version 
    from
        sectors s1_0 
    where
        s1_0.id=?
2025-01-25 22:44:06 [main] DEBUG org.hibernate.SQL - 
    select
        s1_0.id,
        s1_0.actives,
        s1_0.columns,
        s1_0.row_data,
        s1_0.sector,
        s1_0.shelves,
        s1_0.version 
    from
        sectors s1_0 
    where
        s1_0.id=?
2025-01-25 22:44:06 [main] DEBUG org.hibernate.SQL - 
    select
        p1_0.id,
        p1_0.actives,
        p1_0.quantities,
        p1_0.cods,
        p1_0.images,
        p1_0.names,
        s1_0.id,
        s1_0.actives,
        s1_0.columns,
        s1_0.row_data,
        s1_0.sector,
        s1_0.shelves,
        s1_0.version,
        p1_0.version 
    from
        parts p1_0 
    left join
        sectors s1_0 
            on s1_0.id=p1_0.sector 
    where
        p1_0.id=?
2025-01-25 22:44:06 [main] DEBUG org.hibernate.SQL - 
    delete 
    from
        parts 
    where
        id=? 
        and version=?
2025-01-25 22:44:06 [main] DEBUG org.hibernate.SQL - 
    select
        s1_0.id,
        s1_0.actives,
        s1_0.columns,
        s1_0.row_data,
        s1_0.sector,
        s1_0.shelves,
        s1_0.version 
    from
        sectors s1_0 
    where
        s1_0.id=?
2025-01-25 22:44:06 [main] DEBUG org.hibernate.SQL - 
    select
        p1_0.sector,
        p1_0.id,
        p1_0.actives,
        p1_0.quantities,
        p1_0.cods,
        p1_0.images,
        p1_0.names,
        p1_0.version 
    from
        parts p1_0 
    where
        p1_0.sector=?
2025-01-25 22:44:06 [main] DEBUG org.hibernate.SQL - 
    delete 
    from
        sectors 
    where
        id=? 
        and version=?
2025-01-25 22:44:06 [main] DEBUG org.hibernate.SQL - 
    select
        p1_0.id,
        p1_0.actives,
        p1_0.quantities,
        p1_0.cods,
        p1_0.images,
        p1_0.names,
        s1_0.id,
        s1_0.actives,
        s1_0.columns,
        s1_0.row_data,
        s1_0.sector,
        s1_0.shelves,
        s1_0.version,
        p1_0.version 
    from
        parts p1_0 
    left join
        sectors s1_0 
            on s1_0.id=p1_0.sector 
    where
        p1_0.id=?
2025-01-25 22:44:06 [main] DEBUG org.hibernate.SQL - 
    delete 
    from
        parts 
    where
        id=? 
        and version=?
2025-01-25 22:44:06 [main] DEBUG org.hibernate.SQL - 
    select
        s1_0.id,
        s1_0.actives,
        s1_0.columns,
        s1_0.row_data,
        s1_0.sector,
        s1_0.shelves,
        s1_0.version 
    from
        sectors s1_0 
    where
        s1_0.id=?
2025-01-25 22:44:06 [main] DEBUG org.hibernate.SQL - 
    select
        p1_0.sector,
        p1_0.id,
        p1_0.actives,
        p1_0.quantities,
        p1_0.cods,
        p1_0.images,
        p1_0.names,
        p1_0.version 
    from
        parts p1_0 
    where
        p1_0.sector=?
2025-01-25 22:44:06 [main] DEBUG org.hibernate.SQL - 
    delete 
    from
        sectors 
    where
        id=? 
        and version=?
2025-01-25 22:44:06 [main] DEBUG org.hibernate.SQL - 
    insert 
    into
        sectors
        (actives, columns, row_data, sector, shelves, version, id) 
    values
        (?, ?, ?, ?, ?, ?, default)
2025-01-25 22:44:06 [main] DEBUG org.hibernate.SQL - 
    insert 
    into
        parts
        (actives, quantities, cods, images, names, sector, version, id) 
    values
        (?, ?, ?, ?, ?, ?, ?, default)
2025-01-25 22:44:06 [main] DEBUG org.hibernate.SQL - 
    select
        p1_0.id,
        p1_0.actives,
        p1_0.quantities,
        p1_0.cods,
        p1_0.images,
        p1_0.names,
        p1_0.sector,
        p1_0.version 
    from
        parts p1_0 
    where
        p1_0.cods=? 
        and p1_0.actives
2025-01-25 22:44:06 [main] DEBUG org.hibernate.SQL - 
    select
        s1_0.id,
        s1_0.actives,
        s1_0.columns,
        s1_0.row_data,
        s1_0.sector,
        s1_0.shelves,
        s1_0.version 
    from
        sectors s1_0 
    where
        s1_0.id=?
2025-01-25 22:44:06 [main] DEBUG org.hibernate.SQL - 
    select
        p1_0.id,
        p1_0.actives,
        p1_0.quantities,
        p1_0.cods,
        p1_0.images,
        p1_0.names,
        s1_0.id,
        s1_0.actives,
        s1_0.columns,
        s1_0.row_data,
        s1_0.sector,
        s1_0.shelves,
        s1_0.version,
        p1_0.version 
    from
        parts p1_0 
    left join
        sectors s1_0 
            on s1_0.id=p1_0.sector 
    where
        p1_0.id=?
2025-01-25 22:44:06 [main] DEBUG org.hibernate.SQL - 
    delete 
    from
        parts 
    where
        id=? 
        and version=?
2025-01-25 22:44:06 [main] DEBUG org.hibernate.SQL - 
    select
        s1_0.id,
        s1_0.actives,
        s1_0.columns,
        s1_0.row_data,
        s1_0.sector,
        s1_0.shelves,
        s1_0.version 
    from
        sectors s1_0 
    where
        s1_0.id=?
2025-01-25 22:44:06 [main] DEBUG org.hibernate.SQL - 
    select
        p1_0.sector,
        p1_0.id,
        p1_0.actives,
        p1_0.quantities,
        p1_0.cods,
        p1_0.images,
        p1_0.names,
        p1_0.version 
    from
        parts p1_0 
    where
        p1_0.sector=?
2025-01-25 22:44:06 [main] DEBUG org.hibernate.SQL - 
    delete 
    from
        sectors 
    where
        id=? 
        and version=?
2025-01-25 22:44:06 [main] DEBUG org.hibernate.SQL - 
    insert 
    into
        sectors
        (actives, columns, row_data, sector, shelves, version, id) 
    values
        (?, ?, ?, ?, ?, ?, default)
2025-01-25 22:44:06 [main] DEBUG org.hibernate.SQL - 
    insert 
    into
        parts
        (actives, quantities, cods, images, names, sector, version, id) 
    values
        (?, ?, ?, ?, ?, ?, ?, default)
2025-01-25 22:44:06 [main] DEBUG org.hibernate.SQL - 
    select
        p1_0.id,
        p1_0.actives,
        p1_0.quantities,
        p1_0.cods,
        p1_0.images,
        p1_0.names,
        p1_0.sector,
        p1_0.version 
    from
        parts p1_0 
    where
        p1_0.cods=? 
        or upper(p1_0.names) like upper(?) escape '\' 
        and p1_0.actives 
    order by
        p1_0.id 
    fetch
        first ? rows only
2025-01-25 22:44:06 [main] DEBUG org.hibernate.SQL - 
    select
        s1_0.id,
        s1_0.actives,
        s1_0.columns,
        s1_0.row_data,
        s1_0.sector,
        s1_0.shelves,
        s1_0.version 
    from
        sectors s1_0 
    where
        s1_0.id=?
2025-01-25 22:44:06 [main] DEBUG org.hibernate.SQL - 
    select
        p1_0.id,
        p1_0.actives,
        p1_0.quantities,
        p1_0.cods,
        p1_0.images,
        p1_0.names,
        s1_0.id,
        s1_0.actives,
        s1_0.columns,
        s1_0.row_data,
        s1_0.sector,
        s1_0.shelves,
        s1_0.version,
        p1_0.version 
    from
        parts p1_0 
    left join
        sectors s1_0 
            on s1_0.id=p1_0.sector 
    where
        p1_0.id=?
2025-01-25 22:44:06 [main] DEBUG org.hibernate.SQL - 
    delete 
    from
        parts 
    where
        id=? 
        and version=?
2025-01-25 22:44:06 [main] DEBUG org.hibernate.SQL - 
    select
        s1_0.id,
        s1_0.actives,
        s1_0.columns,
        s1_0.row_data,
        s1_0.sector,
        s1_0.shelves,
        s1_0.version 
    from
        sectors s1_0 
    where
        s1_0.id=?
2025-01-25 22:44:06 [main] DEBUG org.hibernate.SQL - 
    select
        p1_0.sector,
        p1_0.id,
        p1_0.actives,
        p1_0.quantities,
        p1_0.cods,
        p1_0.images,
        p1_0.names,
        p1_0.version 
    from
        parts p1_0 
    where
        p1_0.sector=?
2025-01-25 22:44:06 [main] DEBUG org.hibernate.SQL - 
    delete 
    from
        sectors 
    where
        id=? 
        and version=?
2025-01-25 22:44:07 [main] DEBUG org.hibernate.SQL - 
    select
        s1_0.id,
        s1_0.actives,
        s1_0.columns,
        s1_0.row_data,
        s1_0.sector,
        s1_0.shelves,
        s1_0.version 
    from
        sectors s1_0 
    where
        s1_0.actives 
    order by
        s1_0.id 
    fetch
        first ? rows only
2025-01-25 22:44:07 [main] DEBUG org.hibernate.SQL - 
    insert 
    into
        sectors
        (actives, columns, row_data, sector, shelves, version, id) 
    values
        (?, ?, ?, ?, ?, ?, default)
2025-01-25 22:44:07 [main] DEBUG org.hibernate.SQL - 
    select
        s1_0.id,
        s1_0.actives,
        s1_0.columns,
        s1_0.row_data,
        s1_0.sector,
        s1_0.shelves,
        s1_0.version 
    from
        sectors s1_0 
    where
        s1_0.id=? 
        and s1_0.actives
2025-01-25 22:44:07 [main] DEBUG org.hibernate.SQL - 
    update
        sectors 
    set
        actives=?,
        columns=?,
        row_data=?,
        sector=?,
        shelves=?,
        version=? 
    where
        id=? 
        and version=?
2025-01-25 22:44:07 [main] DEBUG org.hibernate.SQL - 
    select
        s1_0.id,
        s1_0.actives,
        s1_0.columns,
        s1_0.row_data,
        s1_0.sector,
        s1_0.shelves,
        s1_0.version 
    from
        sectors s1_0 
    where
        s1_0.id=?
2025-01-25 22:44:07 [main] DEBUG org.hibernate.SQL - 
    select
        p1_0.sector,
        p1_0.id,
        p1_0.actives,
        p1_0.quantities,
        p1_0.cods,
        p1_0.images,
        p1_0.names,
        p1_0.version 
    from
        parts p1_0 
    where
        p1_0.sector=?
2025-01-25 22:44:07 [main] DEBUG org.hibernate.SQL - 
    delete 
    from
        sectors 
    where
        id=? 
        and version=?
2025-01-25 22:44:07 [main] DEBUG org.hibernate.SQL - 
    insert 
    into
        sectors
        (actives, columns, row_data, sector, shelves, version, id) 
    values
        (?, ?, ?, ?, ?, ?, default)
2025-01-25 22:44:07 [main] DEBUG org.hibernate.SQL - 
    select
        s1_0.id,
        s1_0.actives,
        s1_0.columns,
        s1_0.row_data,
        s1_0.sector,
        s1_0.shelves,
        s1_0.version 
    from
        sectors s1_0 
    where
        s1_0.id=? 
        and s1_0.actives
2025-01-25 22:44:07 [main] DEBUG org.hibernate.SQL - 
    select
        p1_0.sector,
        p1_0.id,
        p1_0.actives,
        p1_0.quantities,
        p1_0.cods,
        p1_0.images,
        p1_0.names,
        p1_0.version 
    from
        parts p1_0 
    where
        p1_0.sector=?
2025-01-25 22:44:07 [main] DEBUG org.hibernate.SQL - 
    select
        s1_0.id,
        s1_0.actives,
        s1_0.columns,
        s1_0.row_data,
        s1_0.sector,
        s1_0.shelves,
        s1_0.version 
    from
        sectors s1_0 
    where
        s1_0.id=?
2025-01-25 22:44:07 [main] DEBUG org.hibernate.SQL - 
    select
        p1_0.sector,
        p1_0.id,
        p1_0.actives,
        p1_0.quantities,
        p1_0.cods,
        p1_0.images,
        p1_0.names,
        p1_0.version 
    from
        parts p1_0 
    where
        p1_0.sector=?
2025-01-25 22:44:07 [main] DEBUG org.hibernate.SQL - 
    delete 
    from
        sectors 
    where
        id=? 
        and version=?
2025-01-25 22:44:07 [main] DEBUG org.hibernate.SQL - 
    select
        s1_0.id 
    from
        sectors s1_0 
    where
        s1_0.sector=? 
        and s1_0.shelves=? 
        and s1_0.columns=? 
        and s1_0.row_data=? 
    fetch
        first ? rows only
2025-01-25 22:44:07 [main] DEBUG org.hibernate.SQL - 
    insert 
    into
        sectors
        (actives, columns, row_data, sector, shelves, version, id) 
    values
        (?, ?, ?, ?, ?, ?, default)
2025-01-25 22:44:07 [main] DEBUG org.hibernate.SQL - 
    insert 
    into
        sectors
        (actives, columns, row_data, sector, shelves, version, id) 
    values
        (?, ?, ?, ?, ?, ?, default)
2025-01-25 22:44:07 [main] DEBUG org.hibernate.SQL - 
    select
        s1_0.id,
        s1_0.actives,
        s1_0.columns,
        s1_0.row_data,
        s1_0.sector,
        s1_0.shelves,
        s1_0.version 
    from
        sectors s1_0 
    where
        s1_0.id=? 
        and s1_0.actives
2025-01-25 22:44:07 [main] DEBUG org.hibernate.SQL - 
    select
        p1_0.sector,
        p1_0.id,
        p1_0.actives,
        p1_0.quantities,
        p1_0.cods,
        p1_0.images,
        p1_0.names,
        p1_0.version 
    from
        parts p1_0 
    where
        p1_0.sector=?
2025-01-25 22:44:07 [main] DEBUG org.hibernate.SQL - 
    select
        s1_0.id,
        s1_0.actives,
        s1_0.columns,
        s1_0.row_data,
        s1_0.sector,
        s1_0.shelves,
        s1_0.version 
    from
        sectors s1_0 
    where
        s1_0.id=?
2025-01-25 22:44:07 [main] DEBUG org.hibernate.SQL - 
    select
        p1_0.sector,
        p1_0.id,
        p1_0.actives,
        p1_0.quantities,
        p1_0.cods,
        p1_0.images,
        p1_0.names,
        p1_0.version 
    from
        parts p1_0 
    where
        p1_0.sector=?
2025-01-25 22:44:07 [main] DEBUG org.hibernate.SQL - 
    delete 
    from
        sectors 
    where
        id=? 
        and version=?
2025-01-25 22:44:16 [SpringApplicationShutdownHook] DEBUG org.hibernate.SQL - 
    drop table if exists parts cascade 
2025-01-25 22:44:16 [SpringApplicationShutdownHook] DEBUG org.hibernate.SQL - 
    drop table if exists sectors cascade 
2025-01-28 20:46:19 [http-nio-8080-exec-1] DEBUG org.hibernate.SQL - select p1_0.id,p1_0.actives,p1_0.quantities,p1_0.cods,p1_0.images,p1_0.names,p1_0.sector,p1_0.version from parts p1_0 where p1_0.actives order by p1_0.id limit ?,?
2025-01-28 20:46:19 [http-nio-8080-exec-1] DEBUG org.hibernate.SQL - select s1_0.id,s1_0.actives,s1_0.columns,s1_0.row_data,s1_0.sector,s1_0.shelves,s1_0.version from sectors s1_0 where s1_0.id=?
2025-01-28 20:46:19 [http-nio-8080-exec-1] DEBUG org.hibernate.SQL - select count(p1_0.id) from parts p1_0 where p1_0.actives
